:020000040800F2
:1000000060DD00209D010008F5200008A71700080A
:10001000F1200008E7060008FD3A00080000000093
:100020000000000000000000000000004521000862
:10003000EB06000800000000F72000084721000838
:10004000B7010008B7010008B7010008B7010008B0
:10005000B7010008B7010008B7010008B7010008A0
:10006000B7010008B7010008B7010008B701000890
:10007000B7010008B7010008B7010008B701000880
:10008000B7010008B7010008B7010008B701000870
:10009000B7010008B7010008B7010008B701000860
:1000A000B7010008B7010008B7010008B701000850
:1000B000B7010008B7010008B7010008B701000840
:1000C000B7010008B7010008B7010008B701000830
:1000D000B7010008853A0008B7010008B701000819
:1000E000B7010008B7010008B7010008B701000810
:1000F000B7010008B7010008B7010008B701000800
:10010000B7010008B7010008B7010008B7010008EF
:10011000B7010008B7010008B7010008B7010008DF
:10012000B7010008B7010008B7010008B7010008CF
:10013000B7010008B7010008B7010008B7010008BF
:10014000B7010008B7010008B7010008B7010008AF
:10015000B7010008B7010008B7010008B70100089F
:10016000B7010008B7010008B7010008B70100088F
:10017000B7010008B7010008B7010008000000003F
:10018000B7010008B7010008DFF80CD000F016FA3C
:1001900000480047DD41000860DD00200648804738
:1001A00006480047FEE7FEE7FEE7FEE7FEE7FEE75C
:1001B000FEE7FEE7FEE7FEE73122000889010008BE
:1001C0002DE9F05F0546002092469B46884606468C
:1001D000814640241BE0284641464746224600F01F
:1001E0002EF953465A46C01A914110D3114618466B
:1001F000224600F015F92D1A67EB01084F462246FA
:100200000120002100F00CF917EB00094E41201EDF
:10021000A4F10104DFDC484631462A464346BDE8E6
:10022000F09F40EA01039B0703D009E008C9121FB1
:1002300008C0042AFAD203E011F8013B00F8013BA0
:10024000521EF9D27047D2B201E000F8012B491ECC
:10025000FBD270470022F6E710B513460A46044663
:100260001946FFF7F0FF204610BD2DE9FE4F81EA49
:10027000030404F0004421F0004100944FF0000B0F
:1002800023F0004350EA01045ED052EA03045BD03D
:10029000C3F30A54C1F30A552C44A4F2F334019475
:1002A000A0FB0254C1F3130141F48011C3F3130303
:1002B00043F4801301FB024400FB034E840A970AB7
:1002C00044EA815447EA8357A4FB076802958D0AE4
:1002D00005FB07854FEA932C04FB0C542705029D70
:1002E0004FEA065847EA1637B5EB08056EEB070CE0
:1002F000870E920E47EA811742EA8312A7FB02019A
:10030000B6EB0B0164EB00042B0D43EA0C335E18D3
:1003100044EB1C50DA465146E7FB0201C5F31304D7
:100320004FEA0B3343EA14534FEA0432019C43EA89
:100330000603A4F10C040294009CCDE900B400F083
:100340009DF803B0BDE8F08F00200146F9E70EB537
:1003500040F2334102910021CDE900110A460B46DB
:1003600000F08CF803B000BDC1F30A5210B5C1F320
:10037000130140F2FF3341F480119A4201DA002068
:1003800010BD40F233439A42A2F2334203DC5242A0
:1003900000F055F810BD904010BD00F0004230F064
:1003A00000400AD0C10D01F56071C0F3160042EAA9
:1003B0000151C208400711437047002001467047B1
:1003C00030B5041E71F1000404DB4FF000444042DC
:1003D00064EB0101141E73F1000405DB1C464FF0B1
:1003E0000043524263EB04038B4208BF824230BD9C
:1003F00030B5041E71F1000404DB4FF000444042AC
:1004000064EB0101141E73F1000405DB1C464FF080
:100410000043524263EB0403994208BF904230BD4F
:10042000202A04DB203A00FA02F1002070479140B4
:10043000C2F1200320FA03F3194390407047202AA9
:1004400004DB203A21FA02F00021704721FA02F37E
:10045000D040C2F12002914008431946704710B5C0
:10046000141E73F1000408DA401C41F100019218D7
:100470005B411A4301D120F0010010BD2DE9F04D80
:1004800092469B4611B1B1FA81F202E0B0FA80F2D5
:1004900020329046FFF7C4FF04460F4640EA0A00A8
:1004A00041EA0B0153465A46084313D0114653EA1A
:1004B000010019D0C8F140025046FFF7C0FF0546C1
:1004C0000E46504659464246FFF7AAFF084305D05C
:1004D000012004E020463946BDE8F08D00200543A8
:1004E00046EAE0762C4337430A986305E40AA0EB1A
:1004F00008000022FD0A44EA47540A3002D50020D1
:100500000146E9E7010510196941DDE908450019CF
:100510006941BDE8F04DA2E72DE9F04D00231A46F0
:100520001B1A8A4103DB00200146BDE8F08DC1F3B0
:100530000A52C1F3130141F480154FF0000BD107AB
:1005400002D100186D41521E0027044640F2FF11EF
:10055000384601EB620A3E468046024600204FF4D0
:100560008011FFF76CFFC2197141BB1846EB010007
:10057000B4EB030C75EB000C04D3E41A65EB000537
:1005800017460E46241908F101006D4180463428B3
:10059000E3DDF91946EB0600091BA84103D24FF031
:1005A000FF32134601E0002213461BEB070046EB27
:1005B0000A51BDE8F04DFFF752BF0000064C074D51
:1005C00006E0E06840F0010394E807009847103423
:1005D000AC42F6D3FFF7DCFDB0CE0108D0CE010867
:1005E00010B501F0FFF810BD2DE9F04107460C46AB
:1005F0000026002509E036023919491B491E88B238
:1006000000F008F80644681CC5B2A542F3DB30468A
:10061000BDE8F08170B50446002601F0A1F9254639
:10062000E11704EB11610912A02202EB4101C8B2EB
:1006300001F064F901F0CCF9E11704EB1161091242
:10064000A4EB0121C8B201F059F901F0C1F901F0A0
:1006500087F9A12001F052F901F0BAF9002001F068
:1006600021F9064601F098F9304670BD2DE9F041B8
:1006700005460E461746002409E0E20026FA02F27B
:10068000D1B22A1990B200F006F8601CC4B2BC4284
:10069000F3DBBDE8F08170B504460E4601F060F969
:1006A0002546E11704EB11610912A02202EB41017A
:1006B000C8B201F023F901F08BF9E11704EB1161E5
:1006C0000912A4EB0121C8B201F018F901F080F978
:1006D000304601F013F901F07BF901F05DF90A20D1
:1006E00003F08CFC70BD00BFFEE7704770B5044698
:1006F0001D460023B5F5804F13D154F822300C4825
:100700000340D1E9000640EA06108E6840EA062060
:100710008E8940EA06408E693043034344F8223014
:1007200003E06FF0704044F82200002070BD00002C
:100730000000F0CF10B503460022086853F82020CF
:1007400012480240D1E901042043CC6820430C69DF
:1007500020434C6920438C692043CC6920430C6AB8
:1007600020434C6A20438C6A2043CC6A2043CC6BE4
:1007700020430C6B204302438868082801D142F0D3
:100780004002086843F82020002010BD8000F0FFE0
:1007900030B503460024501C53F8204004F0404478
:1007A000D1E9000540EA05108D6840EA05208D89F1
:1007B00040EA0545088A401E45EA0055087D801E2E
:1007C00045EA00608D6928430443501C43F82040EB
:1007D000002030BD014691F83500022803D080206A
:1007E000486501207047052081F8350008680068D9
:1007F00020F001000A6810600020F3E7F8B5024617
:100800000B460025002400200021DCE0012606FA2A
:1008100001F51E6806EA0504AC4273D15E68012E3C
:1008200008D05E68022E05D05E68112E02D05E6888
:10083000122E13D190684F000326BE40B0434F00E4
:10084000DE68BE4030439060506801268E40B04361
:100850001E79C6F300168E4030435060D0684F00BA
:100860000326BE40B0434F009E68BE403043D06078
:100870005E68022E02D05E68122E13D1CF0802F1FC
:10088000200656F827004E07F70E0F26BE40B0434D
:100890004F07FF0E1E69BE403043CF0802F120060D
:1008A00046F8270010684F000326BE40B0431E796B
:1008B00006F003064F00BE40304310605E6806F04D
:1008C0008056B6F1805F7DD100BF00260096404E75
:1008D000366846F480463E4F3E603E46366806F433
:1008E0008046009600BF00BF3A4E8F0856F827009A
:1008F0008E07370F0F26BE40B043374EB24202D1AB
:10090000002624E05EE0354EB24201D101261EE011
:10091000334EB24201D1022619E0324EB24201D129
:10092000032614E0304EB24201D104260FE02F4ED0
:10093000B24201D105260AE02D4EB24201D106266F
:1009400005E02C4EB24201D1072600E008268F07B1
:100950003F0FBE4030431F4E8F0846F82700264EFB
:100960003068A0435E6806F48036B6F5803F00D15B
:100970002043214E3060361D3068A0435E6806F487
:100980000036B6F5003F00D120431B4E361D3060C7
:10099000361D3068A0435E6806F48016B6F5801FE9
:1009A00000D12043144E08363060361D3068A04315
:1009B0005E6806F40016B6F5001F00D120430E4E07
:1009C0000C363060491C1029FFF420AFF8BD000040
:1009D0004438024008380140000002400004024050
:1009E00000080240000C02400010024000140240C7
:1009F00000180240001C0240003C01400AB1816125
:100A000001E00B048361704701480068000C7047E7
:100A1000002004E001480068704700000400002046
:100A20000348006803490978084401490860704791
:100A3000040000200C00002010B50A48006840F4B3
:100A40000070084908600846006840F4806008604B
:100A5000032000F07FF80F2000F006F800F02AF8DD
:100A6000002010BD003C024070B504460E480078DE
:100A70004FF47A71B1FBF0F00C490968B1FBF0F565
:100A8000284600F0C1FC08B1012070BD102C07D22F
:100A900000222146501E00F01EF80548046001E0C7
:100AA0000120F2E70020F0E70C0000200000002009
:100AB00008000020704701460846002809DB00F0C6
:100AC0001F0301229A4043099B0003F1E023C3F86E
:100AD000002100BF70472DE9F05F80460D461646A5
:100AE000002703F01DF8074639462A46334601F031
:100AF0000700C0F1070ABAF1040F02D94FF0040A47
:100B000001E0C0F1070AD14600F1040ABAF1070F6B
:100B100002D24FF0000A01E0A0F1030AD4464FF0E0
:100B2000010A0AFA09FAAAF1010A0AEA020A0AFA09
:100B30000CFA4FF0010B0BFA0CFBABF1010B0BEABB
:100B4000030B4AEA0B042146404602F0F1FFBDE8E0
:100B5000F09F000000BF00F00702064B19684FF637
:100B6000FF031940044B0B4343EA0221014B196078
:100B700000BF70470CED00E00000FA0570B50446B8
:100B80000D460CB9012070BD5848006800F00F00F8
:100B9000A84209D255490D700846006800F00F00C0
:100BA000A84201D00120EEE7207800F002000228E0
:100BB0001DD1207800F00400042805D14C480068BD
:100BC00040F4E0504A490860207800F00800082806
:100BD00005D14748006840F46040454908604448F2
:100BE000006820F0F000A1680843414908602078BF
:100BF00000F00100A8B36068012807D13C4808381C
:100C00000068C0F34040B8B90120BCE76068022822
:100C100002D06068032807D1354808380068C0F35F
:100C2000406048B90120AEE7314808380068C0F399
:100C3000400008B90120A6E72D48006820F0030015
:100C4000616808432A490860FFF7E4FE064609E0A8
:100C5000FFF7E0FE801B41F28831884202D9032071
:100C600091E707E02248006800F00C006168B0EBF3
:100C7000810FEDD11D48006800F00F00A84209D98E
:100C80001A490D700846006800F00F00A84201D014
:100C9000012078E7207800F00400042807D11448E8
:100CA000006820F4E050E1680843114908602078AA
:100CB00000F00800082808D10D48006820F46040C2
:100CC000216940EAC1000A49086000F03FF808497C
:100CD0000968C1F30311074A515CC840064908601E
:100CE00006480068FFF7C0FE00204CE7003C0240C9
:100CF00008380240FF84010800000020080000209E
:100D000001480068704700000000002000B5FFF7B0
:100D1000F7FF04490968C1F38221034A515CC840C6
:100D200000BD0000083802400F85010800B5FFF73C
:100D3000E7FF04490968C1F34231034A515CC840E6
:100D400000BD0000083802400F8501082DE9F0477A
:100D5000002400250026A1462548006800F00C006C
:100D600020B1042805D008283AD105E0DFF88490A6
:100D700039E0DFF8849036E01D48001F006800F07D
:100D80003F041B48001F006800F4800078B11A4837
:100D90001749091F0968C1F38811A0FB01700146BA
:100DA000224600233846FFF70BFA05460EE01148AD
:100DB0000F49091F0968C1F38811A0FB01700146A2
:100DC000224600233846FFF7FBF905460848001F76
:100DD0000068C0F30140401C4600B5FBF6F902E094
:100DE000DFF8109000BF00BF4846BDE8F087000064
:100DF000083802400024F40000127A00F8B50446D6
:100E00000CB90120F8BD207800F00100002874D052
:100E1000F948006800F00C0004280DD0F64800687E
:100E200000F00C00082813D1F348001F006800F4FC
:100E30008000B0F5800F0BD1EF4808380068C0F390
:100E40004040002859D06068002856D10120D9E7D9
:100E500000BF6068B0F5803F08D1E74808380068F7
:100E600040F48030E449083908601EE06068B0F55D
:100E7000A02F0DD1E0480838006840F48020DE49FA
:100E8000083908600846006840F4803008600CE0CB
:100E9000D9480838006820F48030D74908390860FC
:100EA0000846006820F48020086000BF606890B1A8
:100EB000FFF7B0FD054606E0FFF7ACFD401B6428D8
:100EC00001D903209EE7CC4808380068C0F34040B1
:100ED0000028F1D011E0FFF79DFD054606E0FFF781
:100EE00099FD401B642801D903208BE7C2480838CC
:100EF0000068C0F340400028F1D1207800F00200E3
:100F000002285FD1BC48006800F00C0058B1BA4814
:100F1000006800F00C0008281CD1B748001F0068CA
:100F200000F48000B0B9B44808380068C0F340004D
:100F300020B1E068012801D0012063E7AE480838FD
:100F4000006820F0F800216940EAC100AA49083988
:100F5000086037E0E06800B30120A8490860FFF7A7
:100F600059FD054606E0FFF755FD401B022801D953
:100F7000032047E7A04808380068C0F34000002875
:100F8000F1D09D480838006820F0F800216940EA57
:100F9000C10099490839086014E0002097490860A9
:100FA000FFF738FD054606E0FFF734FD401B022839
:100FB00001D9032026E7904808380068C0F34000B4
:100FC0000028F1D1207800F0080008282CD16069B1
:100FD000A8B101208A490860FFF71CFD054606E01C
:100FE000FFF718FD401B022801D903200AE78248B9
:100FF0006C300068C0F340000028F1D014E00020FD
:101000007F490860FFF706FD054606E0FFF702FD91
:10101000401B022801D90320F4E677486C300068B1
:10102000C0F340000028F1D1207800F0040004282B
:1010300070D1002770483830006800F0805090B9B7
:1010400000BF002000906C483830006840F08050AD
:101050006949383108600846006800F08050009007
:1010600000BF00BF01276748006800F48070B0B976
:101070006448006840F4807062490860FFF7CAFC69
:10108000054606E0FFF7C6FC401B022801D90320F5
:10109000B8E65C48006800F480700028F2D000BF19
:1010A000A068012808D154486830006840F0010069
:1010B0005149683108601DE0A06805280DD14E48EF
:1010C0006830006840F004004B4968310860084609
:1010D000006840F0010008600CE047486830006894
:1010E00020F001004449683108600846006820F09B
:1010F0000400086000BFA068A8B1FFF78BFC05469C
:1011000009E0FFF787FC401B41F28831884202D991
:10111000032077E626E0384868300068C0F34000D6
:101120000028EED013E0FFF775FC054608E0FFF756
:1011300071FC401B41F28831884201D9032061E6ED
:101140002D4868300068C0F340000028EFD1012F1F
:1011500007D129483830006820F0805026493831BE
:10116000086000BFA069002845D02348006800F04F
:101170000C0008285DD0A069022845D100201F4935
:101180000866FFF747FC054606E0FFF743FC401BF7
:10119000022801D9032035E6174808380068C0F353
:1011A00040600028F1D1D4E907010843616A40EAB0
:1011B00081110122A06AC2EB500041EA00412C20BB
:1011C000005D41EA00600C49091F086001200B49DD
:1011D0000866FFF71FFC054606E0FFF71BFC401BF7
:1011E000022801D903200DE6034808380068C0F33F
:1011F00040600028F1D03FE008380240000047423C
:10120000800E47420070004000201C490866FFF72E
:1012100001FC054606E0FFF7FDFB401B022801D953
:101220000320EFE516480068C0F340600028F2D1C3
:1012300022E0A069012800D1E4E51148001D0668FC
:1012400006F48001E069814214D106F03F01206A72
:1012500081420FD147F6C0703040616A884209D19F
:1012600006F44031A06A814204D106F07061E06A60
:10127000814201D00120C5E50020C3E500004742BE
:101280000038024070B504460E4615460CB90120E0
:1012900070BD94F8490028B9002084F84800204621
:1012A00000F01CF804F108012068FFF743FA31460A
:1012B000A2682068FFF76CFA2946236BD4E9010283
:1012C000FFF714FAA168206850F8210040F00100EF
:1012D000A268216841F822000020D9E710B586B045
:1012E000044600BF002000903848006840F001002C
:1012F000364908600846006800F00100009000BF11
:1013000000BF00BF0020009030480838006840F05F
:1013100008002E49083908600846006800F00800F7
:10132000009000BF00BF00BF00200090084600688A
:1013300040F0100008600846006800F010000090BF
:1013400000BF00BF00BF002000900846006840F0CA
:10135000200008600846006800F02000009000BFF0
:1013600000BF00BF002000900846006840F0400029
:1013700008600846006800F04000009000BF00BF11
:101380004CF2337001900220029001200390032060
:1013900004900C20059001A90D48FFF72FFA4FF695
:1013A0008070019001A90B48FFF728FA4FF4805094
:1013B000019001A90848FFF721FA4FF480500190ED
:1013C00001A90648FFF71AFA06B010BD38380240E6
:1013D000000C0240001002400014024000180240BD
:1013E000042808D14FF0E021096941F004014FF0D1
:1013F000E022116107E04FF0E021096921F00401CA
:101400004FF0E0221161704770B504462546681E12
:10141000B0F1807F01D301200FE0681E4FF0E02182
:1014200048610F214FF0FF3002F082FB00204FF0A7
:10143000E021886107200861002070BD70470146E7
:101440000022002391F8392091F83A3042EA030053
:10145000704700002DE9F0470446206805682068C1
:10146000C668206847694FF00008C14605F00F08BC
:10147000B8F1000F0AD105F0200038B106F02000C5
:1014800020B1204602F082F8BDE8F087B8F1000FE5
:1014900072D007F0010018B906F4907000286BD0E4
:1014A00005F0010030B106F4807018B1E06B40F037
:1014B0000100E06305F0040030B107F0010018B14D
:1014C000E06B40F00200E06305F0020030B107F08D
:1014D000010018B1E06B40F00400E06305F0080083
:1014E00048B106F0200010B907F0010018B1E06B18
:1014F00040F00800E063E06B70B305F0200028B115
:1015000006F0200010B1204602F040F82068406943
:10151000C0F38019E06B00F0080010B9B9F1000FBA
:1015200023D0204602F012F82068406900F0400005
:10153000402816D12068406920F0400021684861A9
:10154000606B50B11748616B0865606BFFF742F93B
:1015500010B1606B016D88470CE02046FFF76EFF0D
:1015600008E02046FFF76AFF04E02046FFF766FF29
:101570000020E06388E7FFE705F0800030B106F067
:10158000800018B1204602F049FA7DE705F04000DE
:1015900030B106F0400018B1204601F0E7FF73E7D4
:1015A00000BF71E73935000810B504460CB90120B9
:1015B00010BDA06900B100E000BF94F8390028B95F
:1015C000002084F83800204600F028F8242084F811
:1015D00039002068C06820F400502168C8602046A7
:1015E00002F028F82068006920F490402168086122
:1015F0002068406920F02A00216848612068C0689E
:1016000040F400502168C8600020E063202084F886
:10161000390084F83A000020CAE7000010B586B00F
:1016200004461F492068884238D100BF002000903E
:101630001C48006840F001001A490860084600682C
:1016400000F00100009000BF00BF00BF002000902C
:1016500014481430006840F010001249143108603A
:101660000846006800F01000009000BF00BF4FF473
:10167000C06001900220029001200390022004909B
:101680000720059001A90848FFF7B8F82520FFF7C3
:1016900012FA032211462520FFF71DFA06B010BDED
:1016A00000100140303802400000024010B50346EF
:1016B00093F83A0020282FD101B10AB9012010BDBA
:1016C00000BF93F83800012801D10220F7E701207C
:1016D00083F8380000BF99629A85DA850020D863C4
:1016E000222083F83A0000BF002083F8380000BFB2
:1016F0001868C06840F480701C68E0601868406931
:1017000040F001001C6860611868C06840F020006B
:101710001C68E0600020D2E70220D0E71D4A016883
:10172000914236D11C49098801F4004189BB1A490C
:10173000098801F4804171B1184909780A2903D058
:101740000021154A118024E01349098841F4004121
:10175000114A11801DE0114909780D2906D10E4961
:10176000098841F480410C4A118012E00B49097844
:10177000094A1288C2F30D02094B99540649098897
:10178000491C054A118011460988C72901DD00213D
:1017900011807047001001406C0000206E00002096
:1017A00098CC0020704700BFFEE7000010B5002075
:1017B0000A49086000F0B4FC00200949C1F8A402FD
:1017C000022002F027FC012004490860052002F0F5
:1017D00021FC00200249C1F8A00210BDA0824042B5
:1017E0000080404200B587B000BF002001901B4838
:1017F000006840F00200194908600846006800F0DF
:101800000200019000BF00BF00BF00200190084609
:10181000006840F0020008600846006800F002001E
:10182000019000BF00BF8815029001200390049032
:101830000220059002A90A48FEF7E0FF4FF400706D
:10184000029002A90648FEF7D9FF01200549086069
:101850000549C1F8A00207B000BD000030380240C1
:1018600000040240A48240420080404210B50020A3
:101870000A49086000F054FC01200949C1F8A4029B
:10188000022002F0C7FB012004490860052002F095
:10189000C1FB00200249C1F8A00210BDA082404255
:1018A0000080404270B50546002400F025FC00266B
:1018B00016E000200F490860022002F0ABFB012077
:1018C0000D49C1F8A0026006040E0A487C38006881
:1018D00008B1601CC4B2012002F09CFB701CC6B2AF
:1018E000082EE6DB15B9FFF7C1FF01E0FFF75EFF49
:1018F000204670BDA08240420080404270B5044640
:1019000000F00EFC002014490860002520E004F0DF
:101910008000002804DD01200F49091D086003E054
:1019200000200D49091D08606006040E022002F027
:1019300071FB012008490860022002F06BFB0020C7
:101940000649C1F8A002022002F064FB681CC5B27F
:10195000082DDCDB70BD0000A082404200804042C8
:1019600010B500F0DDFB0120094908600949C1F804
:10197000A002052002F04EFB002005490860062069
:1019800002F048FB00200349C1F8A00210BD00008E
:10199000A48240420080404210B500F0C1FB00200C
:1019A000094908600949C1F8A402012006490860F4
:1019B000062002F02FFB01200449C1F8A4020620F2
:1019C00002F028FB10BD0000A0824042008040428F
:1019D00010B5002400F090FB01200E49086002F0D1
:1019E00019FB01200C49C1F8A00202F013FB07E02B
:1019F000601CC4B2FA2C03DDFFF7CEFF012010BD3E
:101A00000448803800680028F2D10249091F0860A4
:101A100000BFF4E7A48240420080404200B587B096
:101A200000BF002001901848006840F001001649EE
:101A300008600846006800F00100019000BF00BF88
:101A400000BF002001900846006840F010000860C8
:101A50000846006800F01000019000BF00BF1C2085
:101A60000290002003900120049002A90748FEF78D
:101A7000C5FE012002900220049002A90448FEF74E
:101A8000BDFE07B000BD000030380240001002402B
:101A90000000024010B50446012C01D12249087013
:101AA0002148007801282AD12048006801280AD05E
:101AB0001F48006838B11E48001F006818B11C4854
:101AC00008380068D8B90A2002F098FA00201649B0
:101AD000087016480068012800D110BD144800683D
:101AE00008B90220F9E71248001F006808B903206E
:101AF000F3E70F4808380068A0B90420EDE70B4869
:101B0000006878B90A48006801280BD10848001F0E
:101B10000068012806D1064808380068012801D16C
:101B2000014908700020D8E71A0000200002404256
:101B30001002424270B506460F484088401E83B2EC
:101B40000D480088401E82B20021084600F03CF992
:101B500000240CE0002504E0304600F079FA681C0F
:101B600085B205484088A842F6DC601C84B2024871
:101B70000088A042EEDC70BD1200002000B50246D5
:101B80000F4882716AB9362000F056FA4C2000F0F6
:101B900059FA4FF4F0700A4948804FF4A070088059
:101BA0000CE0362000F048FA2C2000F04BFA4FF4FD
:101BB000A070034948804FF4F070088000BD000019
:101BC0001200002070B504460D4616462B462246EC
:101BD0002946204600F0F8F8304600F039FA70BD8A
:101BE0002DE9FF4F84B081468A4600200390029081
:101BF0000698A0EB09050798A0EB0A06CDF804901B
:101C0000CDF800A0002D01DD012705E00DB900276A
:101C100002E04FF0FF376D42002E02DD4FF0010869
:101C200006E016B94FF0000802E04FF0FF387642A8
:101C3000B54201DD2C4600E034464FF0000B21E0B8
:101C4000009A91B2019A90B200F022F803982844C9
:101C500003900298304402900398A04205DD039857
:101C6000001B03900198384401900298A04205DDC2
:101C70000298001B02900098404400900BF1010074
:101C80001FFA80FB601C8345DADD08B0BDE8F08FE9
:101C900030B504460D462B4622462946204600F024
:101CA00093F80248008800F0D3F930BD0E00002000
:101CB0002DE9F04306460F46904600244546032092
:101CC000A0EB48093CE07A1B91B2321990B2FFF7C1
:101CD000DFFF3A1B91B2721990B2FFF7D9FF3A19A0
:101CE00091B2721990B2FFF7D3FF7A1991B23219FB
:101CF00090B2FFF7CDFF7A1991B2321B90B2FFF785
:101D0000C7FF3A1991B2721B90B2FFF7C1FF7A1B5D
:101D100091B2321B90B2FFF7BBFF3A1B91B2721B1C
:101D200090B2FFF7B5FF641CB9F1000F03DAA00011
:101D3000801D814404E0601B80000A3081446D1ED8
:101D4000AC42C0DDBDE8F0832DE9F04304460D460A
:101D500016461F46DDF81C80B44201DCBD4201DDA1
:101D6000BDE8F0833B4632462946204600F02CF879
:101D7000301B401C84B2781B401C85B20BE0A94686
:101D800002E0404600F064F9B9F10000A9F1010158
:101D90001FFA81F9F5D1201EA4F101018CB2EED118
:101DA00000BFDDE710B50246012000E050430B1EE6
:101DB000A1F10104E1B2F9D110BD00000148008891
:101DC000704700008000006C30B504460D462A20A4
:101DD00000F032F9201200F035F9E0B200F032F9EB
:101DE000101200F02FF9D0B200F02CF92B2000F0E7
:101DF00023F9281200F026F9E8B200F023F91812AE
:101E000000F020F9D8B200F01DF92C2000F014F9F0
:101E100030BD00002DE9F84F80460E4617461C469F
:101E2000B3462046E31704EB5373DB1021464FEA19
:101E3000E47C04EB5C7C4FEAEC0CA4EBCC0CBCF136
:101E4000000F02D04FF0010C01E04FF0000C634492
:101E5000224604EBD27C4FEA6C0C03FB0CF3DBB2A2
:101E60000093A7F12000C7B2002556E00C2C07D143
:101E700007EB47002B4901EB800010F8059013E0B9
:101E8000102C05D1284800EB071010F805900BE046
:101E9000182C07D107EBC700244901EB800010F88C
:101EA000059001E0BDE8F88F4FF0000A2FE009F03F
:101EB000800030B11E48028831464046FFF782FE5E
:101EC00007E00A9828B91B48028831464046FFF7C8
:101ED00079FE4FEA49604FEA1069701C86B21648D5
:101EE0004088B04200DCDDE7A6EB0B00A0420AD13F
:101EF0005E4608F101001FFA80F80F48008840454F
:101F000000DCCFE706E00AF1010000F0FF0ABAF1B9
:101F1000080FCCDB00BF681CC5B200988542A5DB6A
:101F200000BFBFE7178501088B8901087B8F010877
:101F30000E00002010000020120000202DE9FF4FAD
:101F400081B0074691461E460E9D4FF0000A0024C0
:101F500039E0301B401EC1B20A20FFF723FFB9FB56
:101F6000F0F00A21B0FBF1F201FB1208BAF1000F08
:101F700016D1701EA04213DDB8F1000F0ED1002063
:101F8000AB4605EBDB71491001FB0471009088B290
:101F90002B4620220299FFF73DFF12E04FF0010A85
:101FA0000020AB4605EBDB71491001FB047100908A
:101FB00088B208F13001CAB22B460299FFF72AFF16
:101FC00000BF601CC4B2B442C3DB05B0BDE8F08FF3
:101FD0002DE9F84704460D4690469946DDE9096724
:101FE00004F0FF0A08EB04001FFA80F809EB050073
:101FF0001FFA80F916E0444502DB5446A81985B261
:102000004D4500DB14E0002000903A783346294625
:102010002046FFF7FFFE304606EBD07104EB61016E
:102020008CB27F1C38787E2802DC38782028E2DAEF
:1020300000BFBDE8F8870000014908807047000034
:102040007E00006C01490880704700008000006C31
:102050000112044A1180C1B24FF0D842A2F8801098
:10206000704700008000006C00B587B000BF002002
:1020700001901D48006840F020001B490860084698
:10208000006800F02000019000BF00BF00BF0020EA
:1020900001900846006840F020000860084600688B
:1020A00000F02000019000BF00BF48150290012001
:1020B000039004900320059002A90C48FEF79EFBB4
:1020C0004FF48060029002A90848FEF797FB0122B6
:1020D00051020648FEF792FC012291020348FEF7E6
:1020E0008DFC07B000BD00003038024000140240F3
:1020F00000BFFEE77047704700B585B04FF4007031
:102100000090002001900120029002200390694677
:102110000248FEF773FB05B000BD0000000402405A
:1021200000B585B04FF4007000900120019002903E
:102130000220039069460248FEF760FB05B000BD2F
:1021400000040240704710B5FEF76AFC10BD0000A5
:1021500010B504460420FFF743F90148046010BDA0
:10216000680000202DE9F04192B080460C461546EB
:102170001E46002700BF002000902A48006840F05B
:102180008050284908600846006800F080500090A0
:1021900000BF00BF00BF002000902348006840F44B
:1021A0008040214908600846006800F480400090A3
:1021B00000BF00BF012006900004079002200C9091
:1021C00041050D91CDF838800F941095119606A811
:1021D000FEF714FE07460FB100BFFEE70F20019087
:1021E00002200290002003904FF4A05004904FF47E
:1021F00080500590052101A8FEF7C0FC07460FB1ED
:1022000000BFFEE7FEF700FC41F20101884205D164
:102210000648006840F480700449086012B0BDE8C8
:10222000F08100004038024000700040003C024055
:102230000548006840F47000034908604FF00060F2
:10224000014980390860704788ED00E000B595B01D
:1022500000BF002001902848006840F00200264995
:1022600008600846006800F00200019000BF00BF4F
:102270004FF4004010900120119012900320139011
:1022800010A91E48FEF7BAFA4FF020401C4908601A
:102290001C4848600620886000211948C16001611F
:1022A0001021416100218161C16141624FF480517F
:1022B00081620021C1624FF48041016300214163CA
:1022C00081634FF48011C1630F20099000200A90B0
:1022D0003C200B9000200F900590092002900020D8
:1022E0000390082004900020089002AA09A904483D
:1022F000FEF7C8FF15B000BD3038024000040240B0
:1023000008CC0020040100A010B5FFF79FFF322089
:1023100001F074FED020FFF78FFEFFF74FFD6449F8
:102320008880FFF74BFD624988800846818861A05C
:1023300001F0E6FBE920FFF77FFE2020FFF782FE99
:102340001120FFF779FE4FF4FA7401E0601E84B2A9
:10235000002CFBDC3A20FFF76FFE5520FFF772FEE2
:10236000D120FFF769FE0020FFF76CFE6520FFF724
:1023700069FE1F20FFF766FED020FFF75DFE0720F5
:10238000FFF760FE0720FFF75DFE8020FFF75AFE93
:102390003620FFF751FE4C20FFF754FEC120FFF717
:1023A0004BFE1020FFF74EFE1020FFF74BFE0220E1
:1023B000FFF748FE0220FFF745FEC020FFF73CFE76
:1023C0000020FFF73FFE3520FFF73CFE0020FFF71F
:1023D00039FE0020FFF736FE0120FFF733FE022012
:1023E000FFF730FEC420FFF727FE0320FFF72AFE89
:1023F000C520FFF721FE0120FFF724FED220FFF7C2
:102400001BFE0120FFF71EFE2220FFF71BFEE72028
:10241000FFF712FE3820FFF715FEF320FFF70CFE42
:102420000820FFF70FFE1220FFF70CFE1220FFF727
:1024300009FE0820FFF706FEC820FFF7FDFD01207A
:10244000FFF700FE5220FFF7FDFD3720FFF7FAFDF2
:102450001020FFF7F7FD0D20FFF7F4FD0120FFF737
:10246000F1FD0420FFF7EEFD5120FFF7EBFD772093
:10247000FFF7E8FD0120FFF7E5FD0120FFF7E2FD92
:102480000D20FFF7DFFD0820FFF7DCFD8020FFF7C0
:10249000D9FD0020FFF7D6FD2920FFF7CDFD002054
:1024A000FFF76CFB4FF6FF70FFF744FB10BD000019
:1024B00012000020204C43442049443A25780D0A5C
:1024C000000000002DE9FC5F04460D4617461E463D
:1024D000DDE90EABDDE90C894FF4784057490880FF
:1024E00057A01021CDE90010564843880288A0214A
:1024F0002820FFF76DFD54A01021CDE900105148B0
:1025000043880288A0217820FFF762FD4FA01021A8
:10251000CDE900104B4843880288B4212820FFF7FA
:1025200057FD4BA01021CDE9001046484388028892
:10253000B4217820FFF74CFD46A01021CDE9001012
:10254000404843880288C8212820FFF741FD42A067
:102550001021CDE900103B4843880288C82178202B
:10256000FFF736FD3DA01021CDE900103548438826
:102570000288DC212820FFF72BFD39A01021CDE9AE
:102580000010304843880288DC217820FFF720FDC6
:1025900034A01021CDE900102A4843880288F02198
:1025A0002820FFF715FD102004232246A0210090CB
:1025B0004020FFF7C3FC102004232A46A0210090EE
:1025C0009020FFF7BBFC102004233A46B421009072
:1025D0004020FFF7B3FC102004233246B4210090C2
:1025E0009020FFF7ABFC102004234246C821009046
:1025F0004020FFF7A3FC102004234A46C821009086
:102600009020FFF79BFC102004235246DC21009011
:102610004020FFF793FC102004235A46DC21009051
:102620009020FFF78BFC102003230090F021602006
:10263000109AFFF783FCBDE8FC9F00000E0000200D
:1026400078313A001200002079313A0078323A00AD
:1026500079323A0078333A0079333A0078343A00E4
:1026600079343A006661632069733A0000B597B027
:10267000002012900B9012901F21FE4801804FF60F
:10268000FF71FD4801800846FFF754FA4FF4784186
:10269000F84801804FF6FF70FFF74CFA0020F5492B
:1026A0000880F648006810216423A022CDE90010BC
:1026B00028210846FFF78CFC4FF478421421084685
:1026C00000F054FC0020EE4988869FEDEE0A084693
:1026D00080ED0E0A46E2EA4840680A9001200A9915
:1026E0008847E74890F8340000F0C00040287AD1CD
:1026F00000200B90E248808E20F04000E049888660
:102700000846818913AA129822F82010DC48018C0F
:10271000129802EB800041801298401CC0B21290C7
:102720001298012806D0022815D0032829D00428A1
:1027300010D141E04FF6FF721421084600F016FC5C
:10274000D1480088143880B24FF4784214210A909E
:1027500000F00CFCE5E3CC480088143880B24FF65A
:10276000FF7214210A9000F001FCC7484088143819
:1027700080B24FF4784201460A90142000F0F6FB34
:10278000CFE3C1484088143880B24FF6FF7201464B
:102790000A90142000F0EAFBBB484088143880B24D
:1027A0000A90B9480088143880B24FF478420990F2
:1027B0000A9900F0DBFBB4E3BDF84C10BDF8500003
:1027C000081A0A90002801DB0A9801E00A984042A2
:1027D0000F90BDF84E1013A8C088081A0A90002860
:1027E00002DB0A9802E09DE30A9840420E900F989F
:1027F00040430F900E9840430E90DDE90E100844C0
:102800000590FDF7A4FDCDE906019DED060B01F055
:10281000A3F98DED080B9DED080B51EC100BFDF7A6
:10282000A3FD80B21190BDF85400BDF85810401AB5
:102830000A90002801DB0A9801E00A9840420F90B4
:1028400013A84189C089081A0A90002801DB0A9858
:1028500001E00A9840420E900F9840430F900E9866
:1028600040430E90DDE90E1008440590FDF76FFD22
:10287000CDE906019DED060B01F06EF98DED080B1B
:102880009DED080B51EC100BFDF76EFD80B2109022
:102890009DED110AF8EE400A9DED100AB8EE401ABF
:1028A00080EE810A8DED0A0A0A98FDF776FDCDE9E2
:1028B0000C019FED760B53EC102B9DED0C0B51ECA6
:1028C000100BFDF77DFD0ED39FED720B53EC102B1B
:1028D0009DED0C0B51EC100BFDF78AFD03D3119805
:1028E00008B11098F0BB0020129067484088143857
:1028F00080B20A9064480088143880B24FF6FF72A4
:1029000009900A9900F032FB4FF4784214210846EE
:1029100000F02CFB9FED610B53EC102B9DED0C0B8D
:1029200051EC100BFDF7A1FCCDE908019DED080B62
:1029300051EC100BFDF718FD80B213A90A90C9895C
:10294000BDF8582013AB5B89CDE90132CDE9031006
:10295000BDF85400009013A8C0880990BDF850003D
:10296000089000E00AE0BDF84E000790BDF84C006A
:10297000069007A90EC9FFF7A5FDE2E2BDF84C10CD
:10298000BDF85400081A0A90002801DB0A9801E0FB
:102990000A9840420F90BDF84E1013A84089081ABB
:1029A0000A90002801DB0A9801E00A9840420E9044
:1029B0000F9840430F900E9840430E90DDE90E10A3
:1029C00008440590FDF7C3FCCDE906019DED060B1B
:1029D00001F0C2F88DED080B9DED080B51EC100BCA
:1029E000FDF7C2FC80B21190BDF85010BDF8580040
:1029F000081A0A90002801DB0A9801E00A98404270
:102A00000F9013A8C188C089081A0A90002801DB1A
:102A10000A9801E00A9840420E900F9840430F90A8
:102A20000E9840430E90DDE90E1008440590FDF726
:102A30008EFCCDE906019DED060B01F08DF88DEDC4
:102A4000080B9DED080B51EC100BFDF78DFC80B2CF
:102A500010909DED110AF8EE400A9DED100AB8EEB7
:102A6000401A80EE810A8DED0A0A0A98FDF795FC5E
:102A700018E000000E0000201000002030CE0108F9
:102A80001C00002000000000120000206666666640
:102A90006666EE3FCDCCCCCCCCCCF03F0000000045
:102AA00000005940CDE90C011FED080B53EC102B31
:102AB0009DED0C0B51EC100BFDF782FC0AD31FEDC2
:102AC0000B0B53EC102B9DED0C0B51EC100BFDF789
:102AD0008FFC48D200201290F7484088143880B20A
:102AE0000A90F5480088143880B24FF6FF720990BA
:102AF0000A9900F03BFA4FF478421421084600F09E
:102B000035FA1FED1A0B53EC102B9DED0C0B51EC0D
:102B1000100BFDF7AAFBCDE908019DED080B51EC68
:102B2000100BFDF721FC80B213A90A90C989BDF8EA
:102B3000582013AB5B89CDE90132CDE90310BDF814
:102B40005400009013A8C0880990BDF85000089068
:102B5000BDF84E000790BDF84C00069007A90EC9BD
:102B6000FFF7B0FCEDE1BDF85000BDF85410401A7D
:102B70000A90002801DB0A9801E00A9840420F9071
:102B800013A8C1884089081A0A90002801DB0A9816
:102B900001E00A9840420E900F9840430F900E9823
:102BA00040430E90DDE90E1008440590FDF7CFFB81
:102BB000CDE906019DED060B00F0CEFF8DED080B73
:102BC0009DED080B51EC100BFDF7CEFB80B2119080
:102BD000BDF84C00BDF85810401A0A90002801DBDF
:102BE0000A9801E00A9840420F90BDF84E1013A8D1
:102BF000C089081A0A90002801DB0A9801E00A98A7
:102C000040420E900F9840430F900E9840430E9014
:102C1000DDE90E1008440590FDF799FBCDE90601AA
:102C20009DED060B00F098FF8DED080B9DED080B58
:102C300051EC100BFDF798FB80B210909DED110A3E
:102C4000F8EE400A9DED100AB8EE401A80EE810AB7
:102C50008DED0A0A0A98FDF7A0FBCDE90C011FEDE6
:102C6000750B53EC102B9DED0C0B51EC100BFDF77D
:102C7000A7FB0AD31FED790B53EC102B9DED0C0B2A
:102C800051EC100BFDF7B4FB49D2002012908A489A
:102C90004088143880B20A9087480088143880B27F
:102CA0004FF6FF7209900A9900F060F94FF47842EC
:102CB0001421084600F05AF91FED880B53EC102B35
:102CC0009DED0C0B51EC100BFDF7CFFACDE908018F
:102CD0009DED080B51EC100BFDF746FB80B2014651
:102CE0000A9013A8C289BDF8580013AB5B89CDE9DF
:102CF0000130CDE90321BDF85400009013A8C0882D
:102D00000990BDF850000890BDF84E000790BDF83E
:102D10004C00069007A90EC9FFF7D4FB11E1BDF8DE
:102D20005000BDF84C10401A00EE100AF8EEC00A30
:102D300061480088283800EE100AB8EEC00A80EE1C
:102D4000201A5E4880ED0E1ABDF85000BDF84C10F8
:102D5000084400EE100AF8EEC00A5748008800EE5A
:102D6000100AB8EE400A554890ED0E1A01EE600ABE
:102D7000F0EE000A80EE201ABDEEC10A10EE100A35
:102D800001B24E48A0F8401013A84089BDF84E107B
:102D9000401A00EE100AF8EEC00A4748408828386A
:102DA00000EE100AB8EEC00A80EE201A434880ED0B
:102DB0000F1A13A84089BDF84E10084400EE100AFF
:102DC000F8EEC00A3C48408800EE100AB8EE400A0F
:102DD0003A4890ED0F1A01EE600AF0EE000A80EE1C
:102DE000201ABDEEC10A10EE100A00B23349A1F854
:102DF0004200084690ED0E0ABDEEC00A8DED090AAC
:102E00000998002801DB099801E00998404202284E
:102E10000FDC2A4890ED0F0ABDEEC00A8DED0A0ABC
:102E20000A98002801DB0A9801E00A98404202282B
:102E300054DD0020129020484088143880B20A9057
:102E40001D480088143880B24FF6FF7209900A9925
:102E500000F08CF84FF478421421084600F086F810
:102E600017A01021CDE90010134840880A9012489D
:102E70000088099002461A2128200A9BFFF7A8F82B
:102E80000E4890F8440008B9012000E000200B49EA
:102E900081F84400084690F8440030B190200D4974
:102EA0000870D0210C48017005E0D021094801705C
:102EB00090200949087044E0120000201C00002006
:102EC0005450204E65656420726561646A75737440
:102ED0002100000064000020650000201F211B4825
:102EE00001804FF6FF70FEF725FE19A01021CDE9F5
:102EF00000101D4840880A901B480088099002462F
:102F00006E2123200A9BFFF763F84FF47A7001F0DB
:102F100075F800F031FA4FF6FF70FEF70BFE17B0B0
:102F200000BD00BF0A2001F069F80B98401C80B278
:102F30000B900B98B0F57A7F02DD00F04FF802E0BD
:102F400000BFFFF7C8BB00BF00BFE8E70E000020CE
:102F5000546F7563682053637265656E2041646ABF
:102F6000757374204F4B21001200002070B5044689
:102F70000D4616461848068004F10D018AB219392B
:102F800088B22B462946FEF72BFE05F10D0083B2D1
:102F9000193881B222462046FEF722FE6A1C91B201
:102FA000621C90B2FEF774FE6A1C91B2621E90B26F
:102FB000FEF76EFE6A1E91B2621C90B2FEF768FECA
:102FC0006A1E91B2621E90B2FEF762FE0622294688
:102FD0002046FEF76DFE70BD0E00002010B5D52016
:102FE000FDF718FB04460A2C48D10421C820FDF740
:102FF000FBFA044600EE104AB8EEC00ADFED200AE4
:1030000080EE201A1F4880ED0E1A0421CC20FDF717
:10301000EBFA044600EE104AB8EEC00ADFED180ADB
:1030200080EE201A174880ED0F1A0221D020FDF7FC
:10303000DBFA00B21349A1F840000221D220FDF7CB
:10304000D3FA00B20F49A1F84200D420FDF7E2FA0A
:103050000C4981F84400084690F8440030B19020B3
:1030600009490870D0200949087005E0D0200649B8
:103070000870902005490870012010BD0020FCE771
:1030800020BCBE4C1C000020640000206500002015
:1030900000B587B000BF002001903248006840F0C2
:1030A0000200304908600846006800F00200019004
:1030B00000BF00BF00BF002001900846006840F03C
:1030C000040008600846006800F00400019000BF9A
:1030D00000BF00BF002001900846006840F02000BB
:1030E00008600846006800F02000019000BF00BFA3
:1030F00006200290002003900120049003200590F8
:1031000002A91948FDF77AFB01200290039002A959
:103110001548FDF773FB4FF40050029002A91348C5
:10312000FDF76CFB4FF40060029002A91048FDF718
:1031300065FB1049A1F1140000F0A6F8FDF750FA64
:10314000FFF74CFF10B1002007B000BD4FF6FF7035
:10315000FEF7F0FCFFF78AFA00F00EF9FFF73EFFEA
:103160000120F1E73038024000040240000802402C
:10317000001402403C00002070B5064600250024E3
:1031800000201E4908601E49C1F8AC021D490860B4
:10319000304600F0ABF9062000F03CFF00201A4951
:1031A000C1F88002012000F035FF012013490860BA
:1031B00000F030FF00201449C1F8800200BF15E084
:1031C0004FF6FF7000EA440400200C49086001201B
:1031D00000F020FF01200C49C1F880020748783830
:1031E000006808B1601C84B2681CC5B2102DE7DB12
:1031F0002411012003490860204670BD80824042AE
:1032000000804242B4024142008040422DE9F04138
:1032100094B080460027002406E04046FFF7ACFF4C
:103220002DF81400601C84B2282CF6DB002416E074
:10323000601C85B20FE03DF814003DF8151088427F
:1032400007DD3DF814603DF815002DF814002DF849
:103250001560681C85B2282DEDDB601C84B2272C1C
:10326000E6DB0027012404E03DF814000744601C5D
:1032700084B2272CF8DB2620B7FBF0F086B230466C
:1032800014B0BDE8F08100002DE9F04104460D4680
:1032900007480078FFF7BAFF064606480078FFF7B0
:1032A000B5FF074626802F800120BDE8F081000091
:1032B00064000020650000207FB504460D4602A989
:1032C00003A8FFF7E1FF064616B9002004B070BD61
:1032D000694601A8FFF7D8FF06460EB90020F5E7BA
:1032E000BDF80400BDF80C10884206DCBDF80C10D7
:1032F000BDF80400323081420CDBBDF80C00BDF893
:103300000410884236DCBDF80410BDF80C003230E1
:1033100081422FDABDF80000BDF80810884206DCB3
:10332000BDF80810BDF80000323081420CDBBDF85A
:103330000800BDF8001088421CDCBDF80010BDF884
:1033400008003230814215DABDF80C10BDF80420B7
:10335000881800EBD071C1F34F012180BDF808102F
:10336000BDF80020881800EBD071C1F34F0129800F
:103370000120ABE70020A9E710B51D4890ED0E0A2B
:10338000DFED1C0A20EE200ABDEEC00A10EE104A46
:1033900004222146C820FDF769F9154890ED0F0A6F
:1033A000DFED140A20EE200ABDEEC00A10EE104A2E
:1033B00004222146CC20FDF759F90D48B0F9401000
:1033C0000222D020FDF752F90948B0F9421002223A
:1033D000D220FDF74BF9064890F84410D420FDF7B1
:1033E0005AF90A242146D520FDF755F910BD0000F1
:1033F0001C00002020BCBE4C10B5044639480068B3
:1034000000284DD12CB13849A1F11400FFF754FF29
:1034100035E03549A1F11400FFF74EFF78B332488B
:103420002038B0F9400000EE100AB8EEC00A2E486D
:10343000203890ED0E1A808900EE900AF8EE600AAE
:1034400001EE200ABCEEC00A10EE100A264920390F
:1034500088810846B0F9420000EE100AB8EEC00AB2
:10346000084690ED0F1A008C00EE900AF8EE600A04
:1034700001EE200ABCEEC00A10EE100A08841A48B9
:10348000203890F8340000F0800020BBC02016499E
:1034900020398886084681898182018C01851AE05D
:1034A0001148203890F8340000F0800040B10E48F8
:1034B0002038808E20F080000B49203988860AE071
:1034C000002109482038818201854FF6FF700649A6
:1034D0002039888108840448203890F8340000F0AE
:1034E000800010BD048240423C00002070B50446BC
:1034F000002500BF17E004F0800018B101200B493F
:10350000086002E00020094908606006040E0020FF
:1035100007490860012000F07DFD01200549C1F840
:103520008002681CC5B2082DE5DB70BDAC8242424A
:10353000808240420080404270B50546AC6B00205E
:10354000E085E0842046FDF779FF70BD0168C96819
:1035500021F490710268D1600168496921F001018C
:1035600002685161202180F83A10704710B5044676
:103570002068C06820F040002168C860202084F8DE
:1035800039002046FEF70EF9002010BD70B5044644
:1035900094F83A0022284AD1A068B0F5805F13D190
:1035A000A56A206940B920684068C0F308002880F7
:1035B000A06A801CA06219E020684068C0B2288020
:1035C000A06A401CA06211E0206938B920684068F8
:1035D000C1B2A26A501CA062117007E02068406866
:1035E00000F07F01A26A501CA0621170E08D401EA5
:1035F00080B2E085C8B92068C06820F0200021684A
:10360000C8602068C06820F480702168C8602068A5
:10361000406920F0010021684861202084F83A00C8
:103620002046FEF77BF8002070BD0020FCE702205A
:10363000FAE700002DE9F84F04462068006920F4FD
:103640004050E1680843216808612169A068084387
:1036500061690843E169084300902068C06849F245
:103660000C618843009908432168C860206840695C
:1036700020F44070A169084321684861E069B0F511
:10368000004F75D1E3492068884203D0E2492068A1
:1036900088426FD1FDF74AFB814602206168A0FB9A
:1036A00001510B461920A9FB00712A463846FCF748
:1036B00087FD6421B0FBF1F04FEA001A0220616837
:1036C000A0FB01510B461920A9FB00712A46384680
:1036D000FCF776FD074602206168A0FB01510B460E
:1036E0001920A9FB00B12A465846FCF769FD642160
:1036F000B0FBF1F000EBC00101EB0010A7EB800084
:10370000322101EBC0006421B0FBF1F000F0F800C1
:103710000AEB400A02206168A0FB01510B46192008
:10372000A9FB00712A463846FCF74AFD07460220ED
:103730006168A0FB01510B461920A9FB00B12A4684
:103740005846FCF73DFD6421B0FBF1F000EBC001F1
:1037500001EB0010A7EB8000322101EBC0006421D7
:10376000B0FBF1F000F007005044216888604FE1A1
:103770006EE0FFE7FDF7CAFA814602206168A0FB10
:1037800001510B461920A9FB00712A463846FCF767
:1037900017FD6421B0FBF1F04FEA001A02206168C6
:1037A000A0FB01510B461920A9FB00712A4638469F
:1037B000FCF706FD074602206168A0FB01510B469D
:1037C0001920A9FB00B12A465846FCF7F9FC6421F0
:1037D000B0FBF1F000EBC00101EB0010A7EB8000A3
:1037E000322101EBC0006421B0FBF1F000F0F800E1
:1037F0000AEB400A02206168A0FB01510B46192028
:10380000A9FB00712A463846FCF7DAFC074602207D
:103810006168A0FB015003461920A9FB00B12A46AC
:103820005846FCF7CDFC6421B0FBF1F000EBC00181
:1038300001EB0010A7EB8000322101EBC0006421F6
:10384000B0FBF1F000F00700504421688860DFE031
:1038500070492068884203D06F49206888426BD144
:10386000FDF764FA814604206168A0FB01510B4614
:103870001920A9FB00712A463846FCF7A1FC8246B4
:1038800004206168A0FB01510B461920A9FB0071BF
:103890002A463846FCF794FC6421B0FBF1F000EBBB
:1038A000C00101EB0010AAEB8000322101EB0010F7
:1038B0006421B0FBF1F000F0F00A04206168A0FB85
:1038C000015003461920A9FB00712A463846FCF72F
:1038D00077FC6421B0FBF1F00AEB001A0420616868
:1038E000A0FB01510B461920A9FB00712A4638465E
:1038F000FCF766FC074604206168A0FB0150034604
:103900001920A9FB00B12A465846FCF759FC64214E
:10391000B0FBF1F000EBC00101EB0010A7EB800061
:10392000322101EB00106421B0FBF1F000F00F0038
:103930005044216888606BE0FDF7E8F98146042077
:103940006168A0FB015003461920A9FB00712A46BB
:103950003846FCF735FC824604206168A0FB015024
:1039600003461920A9FB00712A463846FCF728FCBB
:103970006421B0FBF1F000EBC00101EB0010AAEBF9
:103980008000322101EB00106421B0FBF1F000F067
:10399000F00A04206168A0FB015003461920A9FB2E
:1039A00000712A463846FCF70BFC6421B0FBF1F0AD
:1039B0000AEB001A04206168A0FB0170034619207D
:1039C000A9FB005001463A462846FCF7F9FB07469A
:1039D00004206168A0FB015003461920A9FB00B137
:1039E0002A465846FCF7ECFB6421B0FBF1F000EBF3
:1039F000C00101EB0010A7EB8000322101EB0010A9
:103A00006421B0FBF1F000F00F00504421688860A1
:103A1000BDE8F88F0010014000140140014691F804
:103A2000390021282CD18868B0F5805F0FD10A6A4F
:103A30001088C0F308000B685860086918B9086A54
:103A4000801C086209E0086A401C086205E00B6AF5
:103A5000581C086218780B685860C88C401E80B2E9
:103A6000C88458B90868C06820F080000B68D86026
:103A70000868C06840F040000B68D86000207047BC
:103A80000220FCE710B500240C48FDF7E3FC00BF62
:103A900001E0641C00BF0948FDF7D1FC2028F8D1E3
:103AA00000BF002401E0641C00BF01220449034858
:103AB000FDF7FCFD0028F6D100BF10BD58CC00205A
:103AC0006E00002010B5044609480A4908600846FF
:103AD000446000218160C160016181610C2141610C
:103AE000FDF762FD012204490248FDF7DFFD10BD2C
:103AF0000010014058CC00206E00002000BFFEE7FF
:103B00000FB4054B10B503A9044A029800F076F8EB
:103B100010BC5DF814FB0000854100087000002017
:103B200002480068C0F30220704700000CED00E07E
:103B300010B5002804DB0A07130E054A135406E0EB
:103B40000A07140E034A00F00F031B1FD45410BDC4
:103B500000E400E018ED00E000B52DED048BB0EEC0
:103B6000409AF0EE609A83B051EC190BFCF7D4FC4C
:103B700041EC180B18EE100A18EE901A8DED008B20
:103B8000002818BF0120084320F00040C0F17F60EA
:103B900000F1E040C00F14D019EE101A19EE900A8F
:103BA0008DED009B002918BF0121084320F0004043
:103BB000C0F17F6000F1E040C00F04BF012000F0C1
:103BC00017F8B0EE480A03B0F0EE680ABDEC048BBB
:103BD00000BD02E008C8121F08C1002AFAD17047D0
:103BE0007047002001E001C1121F002AFBD170477D
:103BF0000149086070470000740000202DE9FF4F64
:103C00008DB09B460F460446002606E025280BD0C3
:103C10005A460F999047641C761C20780028F5D1ED
:103C200011B03046BDE8F08F0025A8460122984922
:103C300000E0054314F8013F203B02FA03F008427C
:103C4000F7D120782E2817D114F8010F45F004057C
:103C50002A280ED06FF02F022078A0F13001092918
:103C60000AD808EB880102EB410100EB0108641C53
:103C7000F2E757F8048B641C20786C280DD004DC24
:103C80004C2812D06A2811D104E074280DD07A286B
:103C90000CD10AE045F4001507E0617845F4801581
:103CA000814202D1641C05F58015641C2278692AC2
:103CB00045D008DC002AB3D0582A69D0632A10D036
:103CC000642A08D13BE0702A67D0732A13D0752A82
:103CD0005CD0782A5CD010465A460F999047761CE3
:103CE000D3E017F8040B8DF8000000208DF80100D8
:103CF000E946012003E057F8049B4FF0FF306907C5
:103D00004FF0000501D40AE06D1C45450DDA8542EF
:103D1000FADB19F805100029F6D106E06D1C854282
:103D2000FCDB19F805100029F8D12E4404E019F83D
:103D3000010B5A460F9990476D1EF8D2A5E00A2054
:103D40000021CDE90801C5F3025002280DD001CFB2
:103D5000C117031E71F100030DDA4FF0000CD0EB18
:103D60000C006CEB01012D2308E0FF1D27F0070775
:103D7000F7E80201EDE72B0504D52B238DF8283059
:103D800001233BE0EB0739D02023F7E70A2000E0CE
:103D900010200021CDE9080107E01020002145F0A6
:103DA0000405CDE908014FF00808C5F302500228C8
:103DB0000FD001CF00214FF0000A2B071FD5702A2A
:103DC0000DD0DDE908C38CF0100C5CEA030C0CD0BC
:103DD00015E0FF1D27F00707F7E80201EBE7402297
:103DE0008DF828204FF0010A0BE050EA010306D0BD
:103DF00030238DF828308DF8292002239A46582A3E
:103E000004D024A20DF120090B9209E026A2F9E7C3
:103E1000DDE90823FCF7D4F90B9B9B5C09F8013D15
:103E200050EA0102F4D1ADEB090020300890680798
:103E300001D44FF001080899884502DDA8EB010084
:103E400000E000208046002506E00AA85A46405DB2
:103E50000F9990476D1C761C5545F6DB04E0302029
:103E60005A460F999047761CB8F10001A8F1010855
:103E7000F5DC05E019F8010B5A460F999047761CBE
:103E80000899481E08900029F4DC641CC5E600006F
:103E90000928010030313233343536373839616220
:103EA00063646566000000003031323334353637E4
:103EB0003839414243444546000000002DE9F047AF
:103EC0002DED048B04469FED4B0AF0EE408A9FEDEA
:103ED000490AB0EE409A9FED470AB0EE408A0020B2
:103EE0002CE0002127E0C0EBC00201EB820204EBD2
:103EF0008202D2ED000AB0EE600AB5EEC00AF1EE21
:103F000010FA17DD00EE901AB8EEE01AF0EE680A2B
:103F100041EE000AF0EE608A00EE900AB8EEE01A78
:103F2000F0EE490A41EE000AB0EE609A78EE000A1F
:103F3000B0EE608A491C1C29D5DB401C1C28D0DB54
:103F4000B5EEC08AF1EE10FA03D1BDEC048BBDE8EA
:103F5000F08788EE880AF6EE000A30EE200ABDEE01
:103F6000C00A10EE105A89EE080AF6EE000A30EE8A
:103F7000200ABDEEC00A10EE106AC5F10E07C6F1A8
:103F80000E081FB9B8F1000F00D1DEE74FF444610D
:103F90001948FCF75FF9002022E000211DE0CA1952
:103FA00000EB0803002A17DB1C2A15DA002B13DBB1
:103FB0001C2B11DAC0EBC00C01EB8C0C04EB8C0C4D
:103FC0009CED000AC3EBC30C02EB8C0CDFF82890CD
:103FD00009EB8C0C8CED000A491C1C29DFDB401C12
:103FE0001C28DADB4FF4446203492046FCF719F938
:103FF00000BFAAE700000000D809002030B5044641
:10400000002504E04FF47A7000F004F86D1CA5421E
:10401000F8D330BD70B5034600224FF0E026756935
:104020000D4E366803FB06F44FF0E026B16910E050
:104030004FF0E026B06988420BD0884202D20E1AB7
:10404000324402E02E1A0E4432440146A24200D30A
:1040500000E0EDE700BF70BD680000201CB54FF424
:1040600078403149088031A01021CDE90010314855
:104070004388028800210A20FDF7AAFF2EA0102104
:10408000CDE900102B494B880A880988283988B265
:104090001921FDF79DFF1F20009026484388408886
:1040A000103881B28B227820FDF74EFE4FF4784015
:1040B0000090204843884088103881B29F228C208D
:1040C000FDF742FE4FF61F0000901A4843884088D3
:1040D000103881B2B322A020FDF736FE4FF4FC6009
:1040E0000090144843884088103881B2C722B42019
:1040F000FDF72AFE47F6FF7000900E48438840887F
:10410000103881B2DB22C820FDF71EFE4FF6E070AA
:104110000090084843884088103881B2EF22DC20A4
:10412000FDF712FE1CBD00000E0000204368617206
:104130003A2000001200002052535400F0B504460B
:104140000D4616464FF0FF3019E04FF0FF3113E0F7
:1041500062182B18002A0EDB542A0CDA002B0ADB1B
:10416000542B08DA0127C3EBC30C0CEB4C0C02EB0D
:104170008C0C06F80C70491C0129E9DD401C012853
:10418000E3DDF0BD00BF054A126802F04002002ADC
:10419000F9D0C2B2014B5A607047000000100140D4
:1041A0001CB500200649088006A01021CDE90010AA
:1041B0000948438802880A210846FDF709FF1CBD0B
:1041C0000E000020546F7563682054657374204599
:1041D0004D4E495354000000120000200EB54FF020
:1041E0001F090024A046FCF727FC072302224FF4F6
:1041F000A8710820FDF7B6FFA820FDF7A9FF4FF42E
:10420000E130FFF75FFCFDF72FFFFEF77DF8FDF7CC
:1042100005FCFEF73DFFFFF7C3FF4FF4FA60FFF721
:10422000EDFE4FF6FF70FDF785FCFFF717FF08E185
:104230000020FDF72FFC0746012F09D1FEF716FAE3
:104240004FF6FF70FDF776FCFFF708FF0024A0464D
:104250000020FFF7D1F8002870D07A488589068CB5
:10426000052D4DDB052EFCDB77480088401FA8425A
:1042700046DD75484088401FB042F9DDB8F1030FB4
:1042800016DD002C14DD40F25720844210DA601E47
:104290006E4931F820004FF6FF71884208D0084679
:1042A0006A4921F8240001EB84014880601C84B233
:1042B0004FF00008644800883C38A84221DA3C2EC0
:1042C0001FDA4FF6FF7000905F484088113883B2C4
:1042D0005D480088401E82B200210846FDF734FD8B
:1042E0004FF478405A4908805AA01021CDE90010B7
:1042F00055484388028800210A20FDF769FE002402
:104300005BE0514840881238B04222DA4E4840887B
:10431000B0421EDDDC2D02DD4FF6E0794DE0C82D08
:1043200002DD47F6FF7948E0B42D02DD4FF4FC6969
:1043300043E0A02D03DD4FF61F093EE041E08C2D48
:1043400002DD4FF4784938E0782D36DD4FF01F0953
:1043500033E006F1020C1FFA8CF305F1020C1FFA90
:104360008CF2A6F1010C1FFA8CF1A5F1010C1FFAD9
:104370008CF0CDF80090FDF7E7FCB4F5167F1CDA61
:104380009CB1601E314931F820004FF6FF71884220
:104390000BD0601E2D4931F82000A84205D1601EC7
:1043A00001EB80004088B04207D0284820F8245014
:1043B00000EB84004680601C84B20220FFF71EFEE2
:1043C0003FE008F101001FFA80F80A20FFF716FE0F
:1043D000B8F1500F35D1012C33DD204A21461B485E
:1043E00000F050F81D4800F0C1F90546002D26DB0D
:1043F0002F2D24DA1A48405D8DF8080000208DF832
:1044000009009DF80820294616A0FFF779FB4FF612
:10441000FF7010236E22002100904A20FDF794FCCB
:104420004FF478400A49088002A81021CDE9001015
:1044300005484388028800214A20FDF7C9FD002471
:1044400000BFF5E61C0000201200002078000020CC
:104450000E000020436861723A200000C8BF0020AF
:10446000D084010850726564696374656420696E64
:104470006465783A2025642C20436861723A2025CF
:10448000630D0A002DE9F74F2DED068B8CB0044625
:1044900089464FF444611498FBF7DCFEB9F1000F34
:1044A00004D10CB0BDEC068BBDE8FE8F4FF6FF705B
:1044B0000B9000200A904FF6FF70099000200890A2
:1044C000079000BF31E034F820104FF6FF729142A0
:1044D00000D128E034F820200B998A4202DA34F81F
:1044E00020100B9134F820200A998A4202DD34F81A
:1044F00020100A9104EB80014A8809998A4203DA64
:1045000004EB80014988099104EB80014A880899ED
:104510008A4203DD04EB8001498808910799491C10
:1045200089B2079100BF411C88B24845CBDB079890
:1045300000B9B6E7DDE90A01401A00EE100AF8EE0C
:10454000C08ADDE90801401A00EE100AB8EEC09AF0
:10455000F4EEC98AF1EE10FA02DDB0EE680A01E06D
:10456000B0EE490AF0EE409AF5EEC09AF1EE10FA7C
:1045700003D1B7EE000AF0EE409A9FED790A80EE83
:10458000298A68EE880AB0EE001A80EE810ADFED13
:10459000750A30EEC0AA69EE080AB0EE001A80EE85
:1045A000810ADFED700A70EEC0AA41F690316E48C4
:1045B000FBF750FE4FF0FF37384606904FF00008EB
:1045C0008EE034F828004FF6FF71884202D14FF098
:1045D000FF3781E034F828100B98081A00EE100A13
:1045E000F8EEC00AB0EE4A0A00EE880ABDEEC00A34
:1045F00010EE105A04EB880041880998081A00EE62
:10460000100AF8EEC00AB0EE6A0A00EE880ABDEEA3
:10461000C00A10EE106A002D00DA0025532D00DDCF
:104620005325002E00DA0026532E00DD5326781C79
:10463000002849D0E81B002801DB014600E0414288
:104640000591AF4201DA012001E04FF0FF30049004
:104650000699701A002801DB014600E041424942F8
:1046600003910698B04201DA012001E04FF0FF30DB
:1046700002900399059800EB010A0097DDF818B045
:104680001FE0394A59460098FFF758FD0098A842A4
:1046900002D1B34500D115E04FEA4A0001900399D9
:1046A0000198884205DB03988244049900980844E5
:1046B000009005990198884203DC0598824402988D
:1046C0008344DEE700BF04E0274A31462846FFF76F
:1046D00035FD2F46069600BF08F101001FFA80F84D
:1046E000C845FFF66EAF002033E000212EE0002227
:1046F000002317E0002512E001EB41062E4400EBF9
:10470000400C9C44CCEBCC0C0CEB4C0C06EB8C061C
:10471000DFF854C01CF8066006B1521C6D1C032D56
:10472000EADB5B1C032BE5DB00EE102AB8EEC00AC7
:10473000F2EE020A80EE201AC0EBC00301EB830503
:10474000149B03EB850383ED001A491C1C29CEDB67
:10475000401C1C28C9DB1498FFF7B0FB00BFA0E683
:104760000000704200002842181600202DE9F04396
:104770000646002052E000214DE0002248E0C94BEF
:1047800003EB800393ED001AB0EE410A002322E010
:1047900000241DE0151901EB030CCCEBCC0C05EB50
:1047A0008C0506EB8505D5ED001A00EBC00503EB83
:1047B000430C65442544DFF8F0C20CEB850595ED0C
:1047C000002AB0EE401A01EE821AB0EE410A641CD3
:1047D000032CDFDB5B1C032BDADBB5EEC00AF1EE4A
:1047E00010FA02DDB0EE401A01E09FEDB01A1A2374
:1047F00043431A24634301EB810404EBC10403EB3C
:1048000044031344AA4C04EB830383ED001A521CA7
:104810001A2AB4DB491C1A29AFDB401C0828AADB82
:1048200000224BE0002046E0002141E09FEDA11A6C
:10483000B0EE410A002325E0002420E01A2555436C
:104840004FF01A0C05FB0CF503EB400C0CEB8C083D
:1048500008EBCC0C05EB4C0504EB410C6544DFF890
:1048600050C20CEB8505D5ED001AB0EE611AB4EE1E
:10487000C01AF1EE10FA01DDB0EE410A641C022C00
:10488000DCDB5B1C022BD7DB02EB820303EBC203F6
:1048900003EB830404EBC30300EB800404EBC004CC
:1048A00023440B44844C04EB830383ED000A491C2E
:1048B0000D29BBDB401C0D28B6DB521C082AB1DBDE
:1048C00000206CE0002167E0002262E07B4B03EBFC
:1048D000800393ED001AB0EE410A002339E0002472
:1048E00034E000252FE003EB830C0CEBC30C0CEB46
:1048F0008C0808EBCC0C01EB040808EB880909EBE9
:10490000C808C44402EB0508C444DFF8AC8108EBD6
:104910008C0CDCED001A4FEAC00C0CEBCC0C03EB5A
:10492000C308C44404EB4408C444AC44DFF8908199
:1049300008EB8C0C9CED002AB0EE401A01EE821AB6
:10494000B0EE410A6D1C032DCDDB641C032CC8DBCB
:104950005B1C082BC3DBB5EEC00AF1EE10FA02DDDA
:10496000B0EE401A01E09FED511A00EB400303EB5B
:10497000C00303EB430404EBC30301EB410404EB6A
:10498000C104234413444F4C04EB830383ED001A0A
:10499000521C0B2A9ADB491C0B2995DB401C102862
:1049A00090DB002246E0002041E000213CE09FED4A
:1049B000411AB0EE410A002326E0002421E002EB78
:1049C000420505EBC20505EB450C0CEBC50503EBF9
:1049D000400C0CEB4C0808EBCC0C654404EB410C90
:1049E0006544DFF8E0C00CEB8505D5ED001AB0EEAC
:1049F000611AB4EEC01AF1EE10FA01DDB0EE410A10
:104A0000641C022CDBDB5B1C022BD6DB02EB82037B
:104A100003EB830300EB800423440B442A4C04EB98
:104A2000830383ED000A491C0529C0DB401C0528CF
:104A3000BBDB521C102AB6DB0027DFED1E0A00206C
:104A40002AE0224901EB800191ED001AB0EE410A03
:104A5000002115E01C4A02EB8102D2ED001AC1EBE5
:104A6000011202EB41120244194B03EB820292ED58
:104A7000002AB0EE401A01EE821AB0EE410A491C3B
:104A8000B1F5C87FE6DBB4EEE00AF1EE10FA02DD24
:104A9000F0EE400A0746401C2F28D2DB3846BDE81E
:104AA000F0830000F44B0008D44A00080000000026
:104AB000A8310020EC78ADE068A40020145E000866
:104AC000144C00082886002088B9002014840108AE
:104AD000545E00080B99CBBDE44CD3BD1552FE3E8D
:104AE000C2DD293E4AB60E3F3997023FA4380B3F3C
:104AF000BE89A13DF642813D8FC380BE83DF56BE95
:104B00000D39F6BE8DD3F8BEDC2BA3BEDD7CC3BE53
:104B100041F12BBF2E9070BEC9B0AABEAF5D6E3FF3
:104B200056D5333F52B7A3BE4A7FEF3D0E2F68BF25
:104B3000CD5793BF349C82BF01A43ABFBC209A3E9C
:104B4000A22A36BF5E2E16BF5AF2F8BC7E377DBE53
:104B5000000226BE588CDA3ED3A11B3FC9AD513F9F
:104B60009D7FFB3EE7FBC9BE27DC3B3EE3160B3FC8
:104B70004353363EEC2F2F3F651A213F9F01353DB1
:104B80002F86223F12D9773EA94D1C3F2CBA8D3E6D
:104B90007E8D843DC190153F1C0BCA3D0A2F413DBF
:104BA0006F101D3E3161143F0AF3323F86736D3E34
:104BB00021057FBE884C79BF7E00FA3E5585D63EE2
:104BC000A9F6693E971D0E3F2195C23D5872113FCF
:104BD000A8DF1DBF2F4D51BD5ED8DA3E1EE124BFB8
:104BE000715985BDCB9C1E3FCA1645BF2DEC893D32
:104BF0004CA7393F9148DB3AA3AC3B3F9B04CF3EE7
:104C0000747CB4BA7D7896B9A741513BA4C5A13E46
:104C10004C1CD93DBA137CBEFC36ACBE097135BE06
:104C20009FCA693D679AF0BD6328FFBEFF5C043EE2
:104C30008C84A63E8B8C2E3E7F162B3E4A42623ED3
:104C4000F94A803E3700BBBD51A17A3DC37D743E19
:104C5000F9829EBE2639D8BE1EA65DBE8010693E72
:104C60007592B53EBC5B093EBAF8DB3D2B50EB3D7F
:104C7000CE1C923C9A0906BDF3E6A8BE03B598BEC9
:104C80001EDCBDBE863876BE6B9B32BE0B47983E9F
:104C90009BC8AC3D7C81C1BE2F52E83D7D76B83EBD
:104CA0003E3F0C3E5CC7D8BE1040BABEFE65D7BDC5
:104CB000C92102BEC87D4BBE44DB49BFA1DB1B3E00
:104CC0009A955D3EA01B1ABD57EE85BE650193BC4B
:104CD000E1968FBB221B383EE8DE53BEA6B8D2BE9B
:104CE00084639E3E1DABBC3E97FF903E583889BE04
:104CF0009D64EBBDB5FF71BE8BC49C3EA226DA3D20
:104D0000532013BE56B79A3E1879D13EE2ACB83E56
:104D10009A78F7BEDEAE57BE0265DBBEDC119EBEE2
:104D20004E2B1DBF95D883BF611880BE13D51B3D88
:104D3000BD3429BF6E30F4BD92E8A53DD2559A3DF1
:104D4000BBB82D3E50FD033CECDE8ABC899AC83DC1
:104D5000AE7E8C3D1B63873D290680BE137FBCBEA3
:104D6000D63605BED3BC33BEE1422EBE7E8C293E74
:104D70008446E8BE022C72BCA9A11DBEFA26093FDA
:104D80006C21A83DFED2A23BDF70DF3D13D26A3E0C
:104D900075ABBF3EB474453EBD6F7C3EBBD6DE3CBA
:104DA000705EDCBD6B638C3E27300D3EABE7B43EDE
:104DB0003755973DFD1231BD8F6E043EE4F39A3EA8
:104DC0003E7B863E11E0F43C80B81B3EFCC702BD32
:104DD0000A4CE73DD28B9A3D67B96C3DE353E0BD89
:104DE000FE0AF9BD579327BBD4D294BEF5F23BBE61
:104DF000D0613E3D02B819BE7D953CBDA4345B3DFB
:104E0000EBAA40BDEAD0193E9D4A863C3F542ABEDB
:104E10003E0716BC116F9DBCB08EE3BD4E2B05BB8B
:104E20006F66B4BD73BDED3CD68EA23DC2FBCABD5C
:104E3000C9763E3D3DD7F7BDEB1D6E3DA2EF0EBEE0
:104E4000EDF4B3BE97AA343DADDD96BEB05803BDB8
:104E50009B20EABC3E21ABBE844B9FBE666894BEDD
:104E600070B28DBE2B687ABECF2EFF3DD6355ABEAE
:104E70002E92563EE203C33E9F1C653EFC54753E97
:104E8000B1C1823E23D9C33D7522213EDB301A3E9B
:104E9000EACE9B3E1CB33C3E848212BD406CC9BD31
:104EA000E830DF3C355F553E1399793E4E0BDE3CD2
:104EB0005516653E5C56913EE99B743D452B77BD8A
:104EC0002310C7BE0E164EBE6ABFF5BD83A4B7BE83
:104ED000180A28BE85EF6D3EDF8A44BC3719653E4F
:104EE0000536EF3E914209BF98A3AFBE61FCC4BE38
:104EF000596EB1BED5924EBE3290E73C7DCE9DBD7F
:104F00009AEDA23EAD328B3ED107A3BE9C8CBABEB9
:104F10008A22ACBE6ABD9FBEC78448BEC022BFBB4A
:104F2000302D0ABEFE9E483EB5DCA13E417F01BE4B
:104F30003F7316BE967840BD6F669CBECDAC05BE75
:104F4000EAAF273E4DBA3DBE056E0D3E062DC43D6F
:104F500062BE4CBE0003A1BDCB4809BF7365B03D26
:104F6000E620683C5AD67DBDC3D6DC3EE277333EB0
:104F7000D5E76A3D31269DBD55A50DBE4F3B7CBC96
:104F8000946B8ABD4C35B33D00E3693E3B8F4A3E8E
:104F90002713473E84D73E3EACFE38BE02469FBE36
:104FA0005C3AA6BE36C98FBD7366DBBD998192BEE1
:104FB000FC8926BFC7F216BFBB44C5BEAE9B123EDE
:104FC000834CB23D546EC2BDD4B9A2BCF373C33C92
:104FD000236A223C6D1A2BBEEB19723E21908B3E48
:104FE000662F4BBED9978CBDC8D1BC3D6BF02E3E11
:104FF0002CD6883E1152B73E7CEEB43E88F1923EEC
:105000003CF6033E3DB80BBEE29198BD69E1D2BDCE
:105010001ADEBCBE7D0995BD7712113E41D518BE82
:10502000E5D40E3DEF53F53D61555DBECB691FBE26
:1050300099B9403E4D8297BDBC943ABC81B13E3D8A
:10504000AE811D3E3815693D1074D43D3F8D9BBD2A
:105050003A7A3CBE43E3193EFE610B3E62BE2C3EF3
:1050600031EA2A3EE9F1833E0AF6BF3D97C970BD99
:105070007CED89BE45481DBEFA2A793DADF9F9BEE1
:10508000E482DBBEEE047BBD78CF3DBF6B666DBFB7
:10509000FE7F10BF0EA01F3E728B19BEAB941EBCCC
:1050A000C8409EBD06BD37BD0322C43DD314213E7A
:1050B000BE2DD83CB89473BD8AE714BF43E56FBEDC
:1050C00092CA74BE484ED6BED9792BBE137CA3BEFD
:1050D000EB1C13BFFC8EB9BE634397BEC42206BE51
:1050E000ECDD9F3CC92077BEFCAB873DBAF7803E24
:1050F000902E36BD0F0B75BD8E59963E1008C43EDE
:105100002908B63E0A2DEBBD2FDC193EDDB2A3BD4A
:105110008368AD3D24801B3DD13E263E2DB53E3EED
:10512000520EE6BD802A0E3E35B712BEA9DE0A3EFB
:10513000D0D205BE17103ABEA1B90E3D5359F43D69
:105140006842133DD4D4723DD74C3EBCEE96E43A4F
:10515000555011BE08E492BDC43EE1BD27C246BD14
:105160001B67F33D74B76BBDC7D41DBD8A5AFA3DAA
:105170004C7115BD9C18B2BD6189873CB0385C3D4F
:1051800033A32FBE12DA623E02B8B9BDEF703BBD49
:10519000E6CD893EABAF7EBED0B5233F6345AD3E85
:1051A0008523A03E4183393F7E8BCE3DC570953E21
:1051B00001BF8E3E4580F3BDECDBC9BD10061EBEAF
:1051C0004D814C3CC80A8E3E9A42173EEB1D5EBE96
:1051D0003291523BB9AB97BD31EAFABD6823D7BDD6
:1051E0008E3B253E295D8ABE9A5DCFBEB114B9BE05
:1051F000944AF83CB001F13DC72C3B3D215B563D44
:105200003DD7173E1EA4B73EEE940E3DD68E8ABE05
:105210004F025BBE7E1AD73E28D5A63E7A6FD43E9B
:10522000279FFE3DE09C913D963FDF3C683D8C3ED4
:10523000003C623EC615273ECE34B1BEAA9AC0BE1F
:10524000B7B6D8BEBD8D7DBE3291C2BE3EAF48BEA0
:105250000F7F4D3DC383063EC8B2703EB0C586BECB
:1052600016F915BE450E113E315D88BD9F59B2BD80
:10527000D5231DBE1138423E6616A13D70D2543E64
:1052800039D5FABDD3C08FBDEA9106BDD670F13DC8
:10529000CBDA863D3B195C3D9EB69E3ECE34C13E88
:1052A000C807CD3E8AAF76BE274B2DBEBFB719BE0D
:1052B000A8A604BE812226BE01DE02BDC11A3BBFE4
:1052C0004887CFBE2CD5253EE44AC5BE55BF82BE19
:1052D00023116A3E3CBC173E116E723EEF90523E67
:1052E00012FB9C3E868F883D2FF91FBCFB23CC3DD3
:1052F000189514BD44BF76BDB03C283E2D60A2BDBC
:10530000D19110BF1094B3BEE71880BEECF704BF74
:1053100054E222BF5CAEE6BE807FDABE2C6519BDCA
:105320004CA820BEFAEEDEBEDD5BF13DAFB2D6BDCD
:105330009BC7C1BE8388543E8BA653BE05172BBEA8
:10534000473D243EC903913DB5DD84BCD098993ECC
:10535000388575BEFF7724BEBD8DCD3BB75F4EBE91
:105360009D2BC2BEB45A603DBE149EBC8C84863E4A
:105370000379663E674895BC986E123DD6C7833D5B
:10538000800B223E897ECDBD9A41BC3DF838533B0F
:105390003B55963EEF20F63D4240BE3BEBAB6B3DAE
:1053A000683D8C3E3D0AB7BD643EC0BDECDF35BDF7
:1053B000EFE1123C6380C43DA5824ABD5C3EB2BDB4
:1053C00091BADDBDC2344C3DA01859BDA0C6FDBD8B
:1053D000DBC1E8BDE415C0BEF7CD81BFA73DADBEC2
:1053E000A472FBBE9BAB76BE809B45BDF243E53EFF
:1053F0001F10283D57AF223E42B5A13D8542A43D36
:10540000ECA08A3E083C10BE5264ADBD9F8F623E48
:10541000DC2A98BEF65D413EBFBA4ABEE675B4BE10
:1054200040DDC0BE9B92DCBE02F1BABCA180EDBDE6
:10543000560E9DBEA5D786BD3F5482BE55C05D3E6B
:10544000C0957C3E21E587BD454A733E75ADCD3E96
:10545000190145BE2EC80E3FF5F68F3EBB0DEABDC5
:10546000B58DB73E1100FC3D44A288BE054FA13E5C
:10547000548C63BE5665BFBDD66E3BBEF5BAD5BE75
:10548000F163CC3DE5B5123ED5E70A3E21E77D3D0F
:105490005B0CAE3E757206BEB2F25BBED5EAAB3CAB
:1054A000FFD0ECBD9E5D8E3E15E00BBEAA4885BDCB
:1054B000D5CF1B3C64EA2EBDA31F4DBD81243CBE4D
:1054C00032209B3DC53A55BE58C7313D3C161BBEE8
:1054D0000D3700BE31B630BEC74600BE0E6B9ABE59
:1054E00010912ABE66D9533DEECE4ABEA6D590BADB
:1054F00036E7303F0DE2733E27FA4CBE6343273E4A
:1055000098862DBF3962C53E8BA421BFF92FA83ED6
:10551000B1A4243F7654D53DDE57C53D96B23CBE7E
:105520003F8E663DC975133D8FFBB63D9CA59CBE65
:10553000912854BE997EC93D2994A5BD3694FABEE2
:1055400085E97BBEECDE0ABCE275ADBE115788BFB3
:10555000F1F5153E61C2803EEBA9DDBEC938A63E1D
:1055600086E7EDBEF19F22BFB725623E7B83AFBECB
:10557000CDCB29BF08E9B93ED38598BEF0C1B3BEF3
:10558000CD1D7D3E6A6C3F3E935591BC7E55AEBCB1
:105590007EE05ABEB648BABD24D48CBD094F88BE41
:1055A000DE0334BD8D09B13D29E78B3C221C9BBE37
:1055B00032AE38BE3469F33D166EF9BB2EFE8EBE98
:1055C0006BF41ABEF030ED3C4FC9393E55DB7D3EE1
:1055D0004606D93DBCEA81BE49F5BD3D0B0C493EAE
:1055E00002F5DEBE8B36EFBE1957DC3D0C21873E3F
:1055F000E8A0E33E67D1833E50FCF8BD83C3AB3DDA
:105600008EAEAA3E5C74323EE50944BEC8B3933EFA
:10561000AB24AA3EE7011CBED2C73CBF0B258B3E84
:1056200080637F3E82380FBDAE11A9BEB56FAE3D1F
:10563000BE6B0C3FEFA99CBB8C6665BDF4FEFFBD45
:10564000535BCABDF3CA953D4AD09FBD42B5E1BD8B
:10565000BD38F13CF2EDBD3DCEDD2EBD3A92EBBD45
:1056600084D5D8BD69E4F3BD9ECFA03DF0DFFCBD7D
:10567000C7478BBC378911BEE15D8E3D056D723D1C
:10568000481ADCBDE5479C3DBB42DFBD68CE7ABC15
:105690006DE2E43CE71765BDB9FC873BF72084BDAC
:1056A00082AE7D3DF29881BBECA17DBDF277EF3BF0
:1056B0009C3322BB51BF8B3C8C2BAEBC2B4B343D5F
:1056C0003EB279BD20F10BBE80B86B3D08E59D3D33
:1056D00044FCC3BB68079C3D4374083D4CDE803CE2
:1056E00061E37A3D1343F2BC7B11EDBC59C1EFBCC1
:1056F00056D375BBD575A83DD8F074BC72A8DFBC75
:105700001BBCEFBDDDEB643D96257ABD59A4E9BD18
:10571000E9EFC5BDBAD709BE869003BE8EC897BD56
:10572000302F00BE39EF7FBCE1ED01BE522CD7BD5A
:10573000E48504BEBA15E23D1BF2CF3C323DA1BD6B
:10574000438D82BD76E09C3C8BC4C43D0AA319BD49
:10575000622E29BD143FA6BDCA3515BEBF0A703DD5
:10576000CE1A5CBEAA7E35BE732D2A3E003BCFBE4C
:1057700060E726BCAF3F493DAB97FF3D1D74C9BDF7
:10578000ACE037BEA6D6BB3D4BC9B23D52B7BBBE9F
:105790005F43703D6398633E94F6E63DCF4CB03D69
:1057A00016340DBE8B6C57BEC8D3F23C44FA5DBEB6
:1057B00032CABBBE76338B3E3BE501BE1C7E67BE64
:1057C00080D767BDDA56B3BC973A883D4F5DB1BE0E
:1057D00071C79B3C4163463E12C1B8BE4AEE70BDE4
:1057E0006B27AABD390DB1BDFC18F33CBF9E3F3EEF
:1057F00043AE04BEC9552C3EFF1F673E336BB9BE96
:1058000035611B3EF1F6203EA6D1E4BCE4D78F3DC6
:10581000FC1AC93CA54C2ABD0D6CB5BDEB1C833DE3
:1058200026709BBECD5804BE50FD033E1349343D47
:10583000F4DF43BEC1374DBDF3E7FB3DA72556BDA1
:105840004432C43DCB1358BE680566BEEA780C3DB1
:1058500085442ABE10CDDC3E03CEDA3E4F3DF2BD7C
:10586000371C8E3EBBECF73EEE5E6E3C8319833EEA
:105870006AD92E3FA433883E8E94AD3C7D5EF1BD47
:10588000EF000F3DD8BC2A3D807FEA3D5B238ABEF6
:10589000BDAC093CF9155B3E4A5E6DBEC58C50BE81
:1058A000A69883BBEF3B56BE23A230BFC66EDFBDBA
:1058B000A31D573EFAED4BBE286477BE9625AABEBF
:1058C000328FBC3D8125E73ECADC84BEDE934FBFEC
:1058D000D89C73BE83A59ABD0917FABE0D33E4BEEA
:1058E0008062843E2C0D0C3E55690BBD88842FBD13
:1058F00076E09C3DFB94833EF86DC8BEB0AD87BE9C
:10590000D09D60BDF696B2BD6C3E6EBE137EB9BE34
:105910006E68CA3B598AA4BDFFB2FBBDD09AA7BE30
:10592000C478CDBDEFAA47BD2909813E2FA318BD7C
:10593000327226BEF433753E3486993ECE1B373E16
:1059400014056ABEF52C283E9A44DD3DD600753E0E
:10595000B3252B3DF0879F3DA2F1243E7100BD3E53
:105960007D7A7C3EF27B5BBEF06C0F3D6E15AC3EEB
:10597000121374BEBEDCBFBE618A16BF446B65BE27
:10598000D3DD45BFCC7E45BF2A57B8BEFB3A80BEAB
:105990002174D0BE170D99BC58E156BDDCF5B2BDDF
:1059A00069FCA23D2EE7D23C12A3E7BCC921E23C30
:1059B00052B6C8BC774CDD3C4AD10A3ECD56DEBD5E
:1059C0007138333D9C8CAA3CE82E593E76C4E13DAB
:1059D0009FE8BABBFA9AE5BDAC56263D753CB6BE0B
:1059E0009161FDBE1409BEBE80B685BE47CCC4BE63
:1059F000263584BE3A91A0BEE2AC98BEB7D4B9BEFB
:105A0000054ED6BDC45D3D3CCC7A11BE3D8120BE65
:105A100079CE06BE8B3712BECAA65CBD3ECD09BE8E
:105A2000579317BE00589D3D9B0384BCA54F8BBD6B
:105A300036CBE5BDFDF605BEB7B5853DFF941ABE74
:105A4000B98C3BBEEB36283D2B6B5BBDC591073E49
:105A5000569A54BDD080FA3D9161B53DF164F73D51
:105A6000AF09693EA9F92A3E0C20FC3CADF9B1BD55
:105A700023BED33DC8250EBC3FA7203DD6E4A93C9C
:105A8000302DAA3DC905A73D05C4C43D5ABA823D83
:105A90002062A33D9B39643D9B1C9E3E672C4A3E81
:105AA000E337853C5AF3B33ECA6B553EB8E64EBE6B
:105AB00017D93E3ECC29813C8F53343ED95F9E3E60
:105AC000512E1D3E6DFF823E7EC770BB22DE0EBF93
:105AD0001C43A8BEEA93A4BE8B8AD8BD6AF78BBDCF
:105AE0004BEAE4BD7FBF08BE5377E5BD6281AF3BA3
:105AF000FCFB1C3EF514093E5D6A743EF52C08BEA5
:105B0000274D433DCA89D6BD6282DABDD0D255BD8C
:105B1000E6CA983E50FE8E3D56B75A3EE86C193F95
:105B20002864573EF5F4A93E124E833E45B891BE17
:105B30000EBB8FBDCEC349BE7BA20BBF02D4ACBE91
:105B4000EBE48C3C52642D3C6DE78B3E1DE6EB3E56
:105B5000C591373E020CB33E98C1B8BDCA5118BFBB
:105B6000F9BE78BE3143DBBE6407953D4626203D35
:105B70007844453D66BC0D3EC7B98D3EF2D037BD79
:105B80005FCE08BFCAFD8EBEC4E954BEB038DC3D4E
:105B90006CCE013E5727673D3A7ABC3D2F85573E74
:105BA0004E4645BE048DC1BE9A5F3DBECC63CD3B23
:105BB000BEA1F0BC3A02803ED0EDA5BC309D36BE01
:105BC000C139ABBE514A40BF85EDE7BD0E6590BE01
:105BD00039D196BE16DB143E7F86F73D49D58EBE81
:105BE00072C08E3E3A04CE3DBAF80BBE556A863E70
:105BF0004C512EBD422669BE7BD7A0BCCA340A3E9A
:105C0000DBDF813EEA92313D00E1033DC381F03D9F
:105C100030471F3E44DD473DD960613BD0EE90BE2A
:105C2000AC91BDBE724DE1BDD5E76ABD1BD75FBE6D
:105C3000042149BE1058F93D0BEFF2BD7F1796BD08
:105C40003010A43DDDE95EBE5E6905BFE8660F3E2B
:105C5000C31081BEAD6A2DBF0FD213BD9AD0DCBE7A
:105C600056B904BF8B8D793E9B1BD3BC778689BE0A
:105C70008560F53D2C9F65BDB631D6BE4D86833D12
:105C80007903ACBD9049BEBE67F28D3E7B15193ECF
:105C900081E914BEA8C7963EC5382F3E3B89A8BDF2
:105CA000D0D5BE3E68045B3DA303B2BD83C0EA3DD0
:105CB00035ED82BDE65763BEF7B1423EA79502BD02
:105CC000AED774BAD2C47B3D43E7B5BC3259FCBDF4
:105CD000D5CBEFBCC2C003BE27D897BEE8BCE6BD9B
:105CE000F5A10B3E3447AEBECB14433EC17274BE29
:105CF000F2B5EFBE6B2D4CBCEE251D3E1D918FBD48
:105D0000D6C5ADBD3ACD223E96EB2DBE2C48333ED6
:105D1000CD902ABD315FBE3D5C212C3DA7B0DABEDF
:105D200035D197BE9A236BBEA0FEABBE9A27973D96
:105D300065A6A4BE0892DFBEE10737BE18959CBEDB
:105D40002D5AF0BE8048BFBDF912EABE5F6218BF8F
:105D50009609A7BEE5982CBEA374B1BE5D88CDBEE2
:105D60001894E93C6688033EA5D881BEF4F89D3DB1
:105D700004749FBDDD45A8BEA3E9843E101F18BD75
:105D8000EC4F623C95D825BECA50953E969245BED2
:105D900011574E3D28F2543EDC829DBE7C0EACBCB9
:105DA0000588223E5FB592BD205D2CBDD731CE3D2A
:105DB0004C4F18BDD45FAFBAEFAD083D8BC58FBD5A
:105DC0009ED2413C10210E3E06F7C33D93C5B5BEA1
:105DD000D49AE6BCD464E6BDB4E8DDBD79E6A5BDE1
:105DE000F0C10B3E4A99D4BB2F155BBD48A7AE3B13
:105DF000E8676A3E8DEC2E3F6A13B73EA31F1D3E37
:105E000037551B3FFF3CBD3E51856F3EEF007F3E47
:105E100055302A3E9774D43DA1BFD03CC85B2E3C80
:105E20006F4BE43BABD18BBDFDD90F3D024702BDAB
:105E3000F96706BD2A1D6C3EF1F5953D8A3BFE3D96
:105E4000E5B95E3EDD083B3EB9E3ADBDDB50B13D9B
:105E5000605AF4BDD2E5EDBD93FC083CA38F793BBD
:105E600018B410399A413CBDD880C8BD1094DBBD30
:105E700019AA023ED78860BDFD1271BDF3384CBD32
:105E8000959ABD3D74410DBE80D61C3EA377AABD38
:105E9000E02D90B9780B44BE033FAA3DD4D1313DEB
:105EA0000F9BC83D494BA53DB9FC87BD7503453DDA
:105EB0002061983CC87824BECDC90BBCECDB49BD41
:105EC000349E883C941563BE001D063E5378503DB9
:105ED00054FED53D27BEDA3D5F981C3E2921B83DD2
:105EE00005A7FE3DFFD0ACBD228C9F3B9B8D05BE20
:105EF00008AF9DBD344DF8BD4CC12ABE76348E3CF2
:105F0000B265393D7A8B37BEC2DEC43CB7EE663C23
:105F1000831828BDBCC92FBD581D393DB36062BC74
:105F2000F5B95A3C8880C3BDB6BC92BDC3F13C3EB6
:105F30002DE928BD763599BD2A8B42BD4A9613BC02
:105F4000A019043DCC29013EF08634BDCD938BBD14
:105F5000BA4AD7BD1F47F33C812517BD7FBD023E1E
:105F6000DD7D8EBCEC1641BD0DFF69BC702450BABE
:105F7000E4D965BCB1A6F2BD9A9743BDCC7D72BD94
:105F800023DBF9BD3755973DBAA07E3D0891AC3D66
:105F9000E7193BBD1EA3DC3DAD85B93D772E3C3EE8
:105FA000A511B33C4B59C6BDC51A6E3D35B58CBD68
:105FB00013D7B1BD1EC4EEBD7B4E7ABD3197143DE3
:105FC000BEBFE1BD3811FDBB9032E23B20451DBC98
:105FD00081CE24BD8CF3973D3B8B5E3DE4A004BE97
:105FE000DD43A2BD100428BE2E04093E427B75BDD0
:105FF00013F2E1BD06BC0CBD41EF0D3CD2C4BB3D6C
:1060000079CD6B3D5AB9573DDF709FBC8D98D9BD96
:106010007AFF9FBC0553CD3CE467833D7EA789BDD5
:1060200066687CBD05BF4D3DF5A0A03D9488903DC0
:10603000CAC18CBD9F8E87BDA0A616BCED0EE9BD62
:10604000C79DD23DA9867D3DB8E9CFBB2F88C8BC8E
:1060500041118BBBF7E421BD7DCFE83D6744E93CAE
:106060009EB20ABE07B7B53D72C36FBC664EB7BDE0
:1060700024EE31BDD2FCB1BD698E6C3DDDEF90BD2B
:10608000DA8E293DCEA9A4BD2F35023DED0F14BDFA
:10609000FC8F4C3D5C3C7C3D8E5BECBD2F4FE73B69
:1060A000EA758BBC0379763DC615173DE9EF253AB5
:1060B00034820DBC52EF293C55DD833DC025E03DC7
:1060C000FBCDC4BC18782EBD234BA6BDD05EFD3CD5
:1060D00073BACC3DE7FB293C6D1D9CBC83C1353DAB
:1060E000251F3BBD2028373D2843B53D2904923D5F
:1060F000236B4DBDA451813DD316D73A412AC53CEF
:10610000FC348E3D25585CBD1B6452BD534185BD9A
:1061100047E49BBD44886B3D84D8593D58E718BD82
:10612000600362BDA6423C3D7BDB8CBD408824BD44
:106130008CD7BCBDF7B1823C5FB748BDF301813B52
:10614000A14CC3BDE1964F3D6D75993D9FAD03BC1C
:10615000A06EA039A0FC4DBE08CCC33CD2E1213DCD
:10616000D639A6BD588F3B3DAD87AFBCDBDECEBD7B
:106170002D23753C257417BBC559113D01C0B13C99
:10618000AD87AFBC55694BBD757286BD8505F73CC3
:106190008271F0BC560C57BDDC2A083CC66D74BD3C
:1061A000A4341BBD56D4603DB7B2C43C19C708BD6A
:1061B000520ABABC8335CE3CEDF0D73D11906F3D0D
:1061C000399B8E375628523C3B1D083DB4390EBDD5
:1061D000D6A8873B8EC9E2BC868E9D3D986D27BEB2
:1061E0002767283D548C73BD59C4B0BC7077D6BDA9
:1061F000B9A9813BA968AC3C87F8873D9E23723CD6
:10620000BE6714BE0E86BA3DF4A4EC3D3603DC3CFA
:10621000BC4081BE27338EBE320450BECF2CC93D58
:10622000414640BEB9C481BECD5C603CF9484ABD20
:10623000A65FE2BDBE684FBD17F519BED6C4023DCC
:106240009F2081BEE65B9F3C369199BCDDEB043E0E
:106250001479123D5E658DBD9982453E01DDD73DC5
:10626000965B1ABE789B97BD28B682BE5C0591BD31
:10627000A7CF86BE7BF90D3EBD54CC3D492B2E3EAB
:106280007A515B3E5722603EE738D73DD89A6D3E43
:106290005839B4BAE25C43BC490E183D2788FABDB0
:1062A000D6AD9E3C706185BEB471043D5FCF573E54
:1062B0007A8E98BEB6D9D83C36E7C03D4085E3BD5E
:1062C00008E402BE4D69BD3D681F8BBDD32DDBBD0B
:1062D00011A8DEBD552E54BEA3923A3E518454BD42
:1062E0000B410EBD03CD87BD753F67BD54542D3E98
:1062F000683FF2BD89993DBD5EA23A3D5DA731BEC2
:1063000051F6F6BD74ED0B3D3351C43DEACC6DBE84
:10631000FC36C4BA8A73D43D0F27003E876D8B3C90
:10632000514F1FBDCD1F43BE23BB02BE2CD36FBD3B
:106330006F47283EA1F61B3DD2ACEC3D880E41BD17
:10634000B5A8AF3D643D053E1FA1E63DDDCFA93DAB
:1063500001FC03BE6AF6C03CC87BD5BBD63BDC3C27
:10636000B9E0ACBDC2A222BEC80B193E96D05DBD3D
:10637000E658DE3D2098833D84117B3DD2DF8B3D86
:10638000C9C6C33D0D72F7BDAB5AF2BDFC56EB3C1E
:10639000E3AA52BEF0879FBDC861B0BC1475A6BD0C
:1063A000282ADBBDCC27EBBDFB96093E9C87F33D3D
:1063B00006681B3DD36AC8BC9FC768BDCC5EB6BD2E
:1063C00037E1FE3DE78F293E85984BBE4D150C3CCD
:1063D000508B413C5053EB3D309DB63DB26363BDA5
:1063E0009161953DE738B7BDB459353DFDD98F3D35
:1063F00095102C3C158F8BBD4111EB3DA33C13BE7A
:10640000577CA3BDAE46363DBDA8DD3D123290BDE2
:106410000E4B433DF0A22FBA84F1533D8A756ABDFD
:10642000113A68BC80BB6C3D793BC2BC08E6C83DF4
:1064300000FF543D952D223E1D75343DCE33D63D93
:106440003F3A353D94A14ABE74B2D43D8943B63C2F
:1064500012152A3D1D7574BDBC2278BCABB26FBD50
:1064600076C617BEFC1C9F3CD2360E3E30638ABCFB
:10647000E9EF253A0F2B1C3DFF78AFBD18CF603DEB
:106480009A96083E50FFD9BC545312BC04568EBC99
:10649000B517D1BCB45A203E4E80E1BD10E9973DFE
:1064A000F3C6A9BDAD6BB43BE02E3B3DDC2CDE3D1D
:1064B000E67419BD0118CF3A394682BE2B6CE6BD91
:1064C0000550CCBD0D6F56BBBB9ABCBC045478BD07
:1064D000B13044BDAA28DEBC9357E7BB792208BC83
:1064E000C749613D4F3B3CBD2FA7E43D707841BD9E
:1064F0008B52423D632942BEC74CC2BD0D35CABD59
:106500000A8548BD2C0DBC3DFD87D43D5D8C01BC8A
:10651000EE5C28BE63EC04BC1973173D921F21BECC
:1065200068978FBDE564E23DB29C843DD47C153E06
:10653000F27DD13D8B711EBEEB1E19BD4C52093E42
:106540004C89A43CC0261BBEF4C4F33CC70D3F3DA0
:1065500015566A3DFD6B49BE2B3385BD15A920BE7E
:10656000E49E4E3E4E0E9FBB40A45F3C6459B03C3F
:10657000BEBE963DCF1224BD2D0554BEA2ED18BD62
:106580002CF015BD81427D3D30842CBE287E2CBE72
:1065900086551C3ED68B81BD8507CD3D064C803D82
:1065A00044C3E2BCCD72193E7042E13D452999BE1B
:1065B000CB10473C8A00473E90BC333EC50455BED5
:1065C00013F2113EF8A4CBBE94BC3A3E55D9973D88
:1065D000F5DBD7BD522A21BD9AB6DFBD309C5BBE2C
:1065E000CBF70C3C282A4BBEF1F39F3D2F6C85BEA8
:1065F0005CAEFEBC8E220BBE645A4B3E683F32BE80
:106600006ADED1BD9ACDE33DD2DFCB3C04FFA3BE11
:10661000338B30BEAF0793BD297539BEAC8C863E37
:106620008E1E0FBED9765ABD3DB9A639A6B4BE3D61
:106630002481C63DFDBD543D4B1F0A3EC685E3BDCA
:106640003276C2BD5C3AE63B72DF8A3D81E8893D25
:106650009142593DBAF6853CE317DEBD354500BD94
:10666000BC3F5EBCFA985F3EC4EBFA3CD76934BECF
:10667000D847A73DD977053DD2C586BD0114133E45
:1066800030D677BD1F2DAE3D7783A83DCC6282BD4D
:106690004D2DDBBCA5F848BE0D890B3E6F4A79BD78
:1066A000069CA5BC9C35D83DAA0B98BDB66540BCE0
:1066B000E2CDDABD3D631F3E51D8E5BDDA5889BD54
:1066C000FF933FBC7A50203E44F76CBDD7F7E1B949
:1066D00072A609BE163598BD4699853EF9D772BD9A
:1066E000C573B63C47E7BC3D6631D1BD8CBC6CBDC3
:1066F000A20D003D20B6F4BA9E40D8BD384B89BDEE
:10670000C5C6BCBB33FCA7BC1A8A9B3DB45BCBBBE4
:10671000C2340C3D1ADE2CBC0551B7BDB60F293E64
:10672000C0084A3E7A364BBE333288BD7578883D04
:1067300009C40BBEE7E26FBD2592183E4CA68A3C09
:10674000746099BEE02B3ABDFA8000BD5E4B08BD77
:10675000F44D1ABCAC3C013C1100DCBDD594A43D09
:1067600099F4F73CA2F0B93D3A78C63D3C2EAA3DDB
:10677000554C653DD8D4D9BD8597A03D842A953D1B
:106780002907933D2713D7BD9293093C1B118CBD5C
:1067900078090EBD7D79013E6D53BCBD4DF66FBECF
:1067A00055FAC9BDCFF5DD3DF9A2DDBD7B690AB95A
:1067B0001B12B7BDFC0064BDD448AB3D6744293D06
:1067C000A30392BA8882993CEEB0E9BD0090D33D14
:1067D0009337C0BB111BACBC5E2F4DBDE1B4E03C98
:1067E00063D029BE1D8E8EBD60AF703D4051193DF6
:1067F0008A2204BE7009103EC9E61A3EB724073D3E
:106800008E765C3AEF1E203D00C6B3BC295C0F3C7F
:10681000B091C4BD6AF901BD4E9745BC2C7F7E3D49
:10682000C504F53D94DA0BBD68079C3DC574113E67
:10683000E89F60BD8CD992BD2FDCB9BD306405BE28
:1068400025CD9FBD9D13FBBDD3DE80BD05C2EEBD32
:10685000CA1BC03D94DEB73DB26579BC5C73C7BC52
:10686000F0888A3C5EA0A4396F828FBD14E97EBD9A
:106870009352503C78B4013E72C06EBD412A15BEA1
:106880009B016E3D963EF43C0D18243EE0B937BDA9
:10689000556AF6BAEF737CBD18937E3C5611CEBD97
:1068A0009D2B1ABE80B996BD569CAA3D772FB7BDC9
:1068B0009DF3033EED46DF3DF7ACEB3C588CBA3C14
:1068C0001A1528BE96CF92BD32E884BC0B608A3D73
:1068D0001078E03C32746C3A28BA8E3D71581A3EFA
:1068E000CCEB48BE5394CBBD32E68E3D94DBB63D37
:1068F000BE66393BF4DF833D9A95ADBE8D0BC7BDB7
:106900004D820BBF744579BEF739BEBDFE0F603EA8
:106910003598463D151BD3BD65FB40BE622CA3BE1A
:10692000488A48BAD3F554BE2CF4013D28F129BE5B
:106930005798FE3D807D64BEC38110BE5D51CA3D47
:106940006F9F55BDA089103E9013A63C1DC70FBD7B
:106950008979B63DB490003E7F6DFD3B1A34D4BDBD
:10696000A2EFEEBC98BF323ECE1600BE9014213E80
:10697000417D0BBD7CEFAF3DC9AA90BE43E6CA3C4A
:10698000A707C53D2FF91F3C9E44543EB0E214BDFD
:10699000B00347BE32014F3EF8DFCA3CA0DDA13D47
:1069A000D9B5BD3D58372E3E91813CBDFCDEA6BD1C
:1069B0004C4F58BD8A58A43DFC191E3DB8CA53BD62
:1069C0007C0C163D7F32A6BED601203EBC90B6BEE2
:1069D0007A5391BD20EFD5BD69C8083ED07D39BD41
:1069E0001B65BD3DD80F01BE5F4310BE252016BEFE
:1069F000962239BD3E3C0B3E06101E3E7842AF3D0E
:106A00003F71A0BDD57B8ABE3B3A6EBDC91F84BE17
:106A100001A34B3C27D96A3C9CA6AFBD156FE43C53
:106A2000CDAB4A3EF4BFDC3D274EEE3DC746A0BD90
:106A300059F9E53C7D05C9BD9DF614BCE78CC8BD80
:106A4000F88DCFBD0CCD953D59349DBCB5E29B3C36
:106A5000D7670E3EE84A84BC6ADF5CBC3E3F0C3D13
:106A60006BB9F33DAC1CDA3D2F6B823D12BF42BEC9
:106A700012F66D3D2A55A23BF8E20B3E4705CEBD0E
:106A800064ADA13B07EEA03DB9E252BEB00492BD99
:106A90009F3D97BD732FF0BDEDB9ECBD9C18623ED4
:106AA0002C10DDBD0397073D2E3D2ABEBD3706BD28
:106AB000C90226BDE5D0C23D9D823C3DB0C5EE3C3D
:106AC0003D46F93DA987283D7C9D543DACE0D73D2E
:106AD0007E55CEBD81218B3DEEE8BF3D6A4B1D3D0D
:106AE00015A9D03D9F74A23D3CD98DBD483316BE3B
:106AF000DA74C4BD03E9A2BDB98B703D0805A53D9C
:106B0000ED83AC3CDFA805BE1EE134BD50C54D3D54
:106B10001FB9953D11E4003E740987BB48C5FF3C91
:106B2000446A5A3DCEA5783E52611C3EF4DC02BD5B
:106B3000E1968FBD946D803DECA353BDC39E763D21
:106B40006971463C51D8C5BDB398B8BD7193F1BDCC
:106B500089B548BE473BCE3D9BAEC73DC17119BD0F
:106B6000C93A9CBDBC7714BD308070BCA8C5A0BD1F
:106B70002194373DCBF40B3DF514293EB24B54BE66
:106B80005B97DABDB152A1BD390E3C3D5F7EA7BD1A
:106B90007C0A80BC8E3B253DB5DD843D9B9036BE96
:106BA000CDB1BCBC9016173E473A03BD87529B3D02
:106BB00034D65EBE06BD97BD82A87B3A50E09D3CB0
:106BC0006CEEE8BC4A7CAEBDE679F03D4EB8D73DF0
:106BD0005BB5EBBD8BA45D3C3FE3823DE751F13CEF
:106BE000B81F7039401286BEE48293BD7E9025BDE9
:106BF00009C2953DF4FD54BBC18D14BDD597A5BC0C
:106C000071E4813C56D7A1BD20EDFFBD34F625BE11
:106C10008732D43DCBA288BEF0DF3C3B2DE988BD56
:106C200054A9193E56655F3DBC21ADBDCE55D33D3F
:106C3000085B6C3C44DC1C3E53090FBEEF1F4BBD90
:106C400076DDBB3DF240C43D0B7B0ABE2C440739C8
:106C50002C7FDE3DF9D687BC4015F7BD3D829BBC3D
:106C6000ABCCD43D6FB7E4BDF9D9483C02D725BEC3
:106C7000CDC860BD32AB373D1284CB3DB7994ABD1C
:106C80003109973D5B43693DA417953DB66510BE3C
:106C90007495EE3B0B7FC6BDAB949E3D1AE1ED3C77
:106CA000F6ECB93C7C0CAEBE31B294BED82CB7BE6B
:106CB00000E5AFBDD316D73DC9E59F3D734C96BCEB
:106CC0009F8EC73C096DA1BE0E129ABEE99CBF3DC6
:106CD00098DF39BE548CD33DDA3C8EBCD769243D55
:106CE0006ADA453B3CA2023DEC50CD3CA3220EBDEE
:106CF000EB37533DDF50F83DFD12F13B446F413E11
:106D00006D71ED3DF60CE13B9275D83D4BE88EBDC3
:106D10002E8E8A3DA070C6BE35EBAC3D99F477BD92
:106D2000C5029FBE207D33BE97E24ABEECDF953D93
:106D30003C122FBDE1972A3E3D0B423D65C3BABDD3
:106D40007E1D183E5839B4BB57088B3D4D4E5D3EF5
:106D50004BAE623E81EB0ABDBF2716BD10790BBD5D
:106D6000C13963BD3F900C3EE0DAC9BDFAF0ACBD5D
:106D7000E8DE73BE91B6B13DF1D8A7BEAC90D23D6E
:106D8000429384BD4A0A2C3E7BBD9B3DFA97243D2D
:106D900048FA74BE821BA93CA165DD3CCBF2353DAF
:106DA000354114BDE59A423DDDCEBE3D7B4F25BE4B
:106DB00036AD34BED13C50BEE08680BEC0B1E7BE29
:106DC000B8CDD43CD82E3D3E952AD1BC2BDD5D3DBF
:106DD000742417BE070A3C3D202A0D3B6457EABEC7
:106DE00098F8A33ACC9797BD3A2049BE75029ABA53
:106DF0006E88013E6CCE413DED62FA3D6DFEDFBC1A
:106E00004FCED03C89609CBD2098633DFEF0133E80
:106E1000E1B636BDA0176E3D16A499BE82AB7CBD0F
:106E20002429693DA2428DBE0212CDBCEB355DBE68
:106E3000D2369E3D233191BEE86B96BCFB741CBEDE
:106E4000D86217BE9E2653BE3F1FE53D295BA43C7A
:106E500072A4333DEFA91C3C1CD0123D47AAEF3D64
:106E60000F2B5CBD855CC93D46EDA6BEDACB86BE68
:106E7000E3C4D7BD82FFEDBD20D26F3D185B483D16
:106E80005BD2D1BD971C773DCB2E183DC4B39CBEC1
:106E90003F8C103DBC3C1DBC7A1A80BE0E9F74BD59
:106EA000F2776FBCE6926ABDE3E0923D0AF8053ED8
:106EB000F75BBB3CD3870E3EA33CF3BD37A9883DAF
:106EC000E066F1BB4B3CA03D35B3163D4548FD3D6A
:106ED0002A39273E245E7EBE4E47A0BDB22F593DC3
:106EE000344984BE32C687BDB9FE5D3DBAD8B43DD3
:106EF0003EAE2DBEED470A3C51A2B5BEF48766BE3C
:106F0000EFE1223E79CB55BC40DDE03DFC55003C35
:106F10002B4BF43C1553693C8256C03DC7D4DDBDB4
:106F2000B0A9F33C2AE2A4BE0C92B6BEAAB530BD0D
:106F30004D811CBE8120E03DB0E4AA3CB8B1593C73
:106F4000185D9E3D12309ABD8E3E26BE06D5A6BD6A
:106F500098A21CBD88D95BBE7A1A40BE93FD43BE81
:106F6000DA3727BE037936BDA62BB83D7504703DD0
:106F7000F48A873D08CB08BE7CF03ABE744333BE2A
:106F800040D9143D889DC9BDAE664D3EE57B163E99
:106F900090F8BDBEE99D8ABC5F97E13CBB611BBE1A
:106FA0009DA1B8BD5F44FB3D2C11A8BC1E3320BE83
:106FB000FAB8763D4D11D8BE9EB5DB3B19FE433E77
:106FC000096E44BEA4C2D83DE202503B96D01DBD1E
:106FD000BC76893D2B31AF3D2D08E5BD2C4823BE45
:106FE000D6195F3EC899C6BD77827D3D572787BDBC
:106FF000F46EEC3D1DAD1EBFD9B4923D60CB4B3E4F
:10700000EC148BBED9432BBE088F86BE253B56BEE3
:10701000E57F82BE41D382BE2A71DDBDBD3A873D88
:10702000431EE1BD739C5B3B6669A7BEC766E73D37
:1070300009C5F6BDAE9C1DBE0F7EA2BD88F6013E01
:10704000E696D6BE7AC58B3EE597013EB3432C3E0D
:10705000CEA6A3BDB5194BBF4C6C1EBEC571E03D9D
:1070600033378F3EF6EC393CA08A0BBE5515FA3DFE
:10707000C3480FBF13653FBEE3518A3D958193BE60
:10708000C9C6533EBD1E0C3EE4BF40BEE6CE3C3EEC
:107090004FB2D53DCA3244BD9E2653BE658D923E49
:1070A0003D49FA3D8ECE393DB83C163DBB619BBD96
:1070B0000FB8AEBA83143CBD44FAEDBC1EFC44BD0F
:1070C0005C3B913DA629023D946BAABDA5F48C3D85
:1070D000FC1708BD70EEEF3DEFC9C3BB0630A53D00
:1070E000C6868EBDE8DCED3C4AB6BABCD2FC713D2A
:1070F000C5534FBD3561FB3C83F9EBBDA46CF1BDBD
:10710000EA9532BC2A383CBDC9AA483D6892D8BC31
:10711000F818ACBD98F68D3D779E783DBBB4813DA7
:10712000F67F4EBD8DCF243D1346333C91EF123D8B
:10713000C3F17C3D72FB85BDE6585E3D55849B3BAB
:1071400044A230BE82C6ECBD39471DBEDD418CBDB8
:10715000F4FD54BC2785393D4C335DBC49A2B7BD15
:10716000813FFC3C6EDE78BD6EF958BEDC46033DC7
:10717000321FB0BD022CF23C76C035BD3337DF3A4A
:10718000C26A8CBD834C72BD1D916FBC97E3953C68
:1071900040A2E93DB26383BD9049463D83F8403C3F
:1071A000B64D71BC4701223BF7E4E13C9C4F9DBCCE
:1071B000BFBBB5BD1E6BA6BD1844E4BD786010BE54
:1071C000136359BDEF59D73C5BCEA53AE083573CDA
:1071D00016A4993DC40B823DCCB8293D68E81F3AFE
:1071E000C328883D938C9CBD7442683A21B1DDBDB3
:1071F0009755D8BCB77EFABC302ED5BCF12F42BD16
:10720000D61A0ABE4DA1D3BD412EF13C4774CF3BE7
:1072100037397C3D4568E4BD05538DBDAB04AB3DBE
:10722000C53C6BBD96CE87BC4B91FC3CBC7629BD62
:10723000F225D4BC53B0463D7A35E0BD5F6141BD17
:107240004D69DDBDD2E3F7BBBA826DBDFC6EDA3DA0
:10725000EA03A93D74D451BC170E443D795D3F3D0E
:1072600089B1CC3C8736E03D7C0B2B3D9D2F46BE43
:10727000D4D7D3BD76F9D6BD4AB8D0BDE56482BDBA
:10728000D271B5BDE0858DBD732CEF3BFDF7E03DC0
:107290002BDFD33DAA66963D751D8A3DB874CC3C64
:1072A00045F536BE0EBFDBBDB74549BE2FC1E9BDB2
:1072B00044304EBEE030113D6AD9DABC089352BE6C
:1072C0003E77E2BD888384BAFEB4513DD219D83DE1
:1072D000994603BED596FABD7922083E855CE9BD84
:1072E00096CC31BC8CDC53BC1FBE4CBDC5398ABDAD
:1072F000D9D04DBC938EF2BC29EC823DD5B14ABDAC
:10730000CB69CF3DC993A4BDB1BFECBB529D8E3DAF
:10731000F1457B3D10E761BC26C5C7BC7E00B23D90
:1073200069A7063E211F743BB3B52EBEF9DB5EBDD7
:10733000C7B862BCCCEE09BE342D91BD64CA873B90
:107340005035BABD0261A73A7E526D3DF375593D85
:107350002481463DED0C133DE2B0B43CB1A547BEDF
:10736000CB10C73BD00D0DBE7FBDC23BFF24BE3C42
:107370006AFAECBBC24F9CBC96760ABE4D482BBE47
:10738000A390843D821DBF3D06BEC23D5800F3BDA3
:1073900023DB39BD1A860F3CA47253BD0EBEB0BDAF
:1073A0001825E8BC80BAA1BD73BB67BE25AF0EBD72
:1073B000F9661B3E6B0D553EBEF8A2BD34F750BDBD
:1073C000960593BC444F8ABD5F99B7BCA1689E3CAB
:1073D0007AC428BD4B5946BD508BA13DD043CD3D0D
:1073E000E96293BD1BB843BD446CB0BC84479B3C71
:1073F000B62DCABC5D8A1BBE395E013BEDF56EBD84
:10740000DFA5543CCAA571BC518755BD9CDB84BC2B
:107410008CA0B1BC9F02C03D51F8ECBD87F9B23DD4
:107420005EBE75BC861D46BB0131A93DF12C01BD78
:107430009DB81CBDE62434BE0859F6BD03EF24BD3B
:107440009F3CCC3DBD00FBBAD99807BE215CC1BDB5
:1074500068EBE0B9E4BD6ABD4E9DC73C52B51D3D29
:1074600062BEDCBD617198BDB45B7BBE1956D13D77
:1074700064937CBC8E731B3A6616A13BF0DFBC3C68
:10748000D410153D096CCE3CD521F73DD53E9D3C31
:1074900040FC7CBCADBFA5BC27C11BBDAA7CAF3DD9
:1074A0006953F5BCDC6369BD32CC09BE3198BFBB02
:1074B000039822BE82397A3D2CF100BC1844243D49
:1074C000BDC3EDBA8600C03D05FD853D8C6665BD3A
:1074D0005E85143D6CCC6BBBF912AA3C9204113E44
:1074E0000E3073BC1B2D47BD6FD5F5BD2123203D4C
:1074F000151E34BD198DFCBDF50F223D573E4BBD09
:10750000E57F323DE52800BD2FDE0FBC78D2423D3D
:10751000A37469BC5B22D7BDFB5C2D3DE7A7B8BC5B
:10752000D366BCBD94DCE1BCC26B573D0377A03C85
:10753000878C073D753BDBBDB091A43C9AB5143DEB
:107540006DFDF4BCA60F1DBDB81F70B94D2C30BD2C
:10755000408779BC7B690A3C5986783D6CB41CBD78
:107560006188FCBD4C8A0FBE897A813D067F7FBD54
:10757000F7CBA73C70D1093DDA01173D5A4B813D4D
:107580000AA2EE3CF0C3413D2A1D2CBD9F211CBD2B
:10759000B8B159BD66101F3DDAAC7ABB77D9AF3CA4
:1075A000C2DF6FBD3D997FBD38F5013B7427D83CE4
:1075B0009BAAFBBC1C7A4B3D6AC236BD97361C3D6C
:1075C00057B3CEBC28D1123C47CA963C8F8AFF3CA9
:1075D0000536E7BCB8E4B8BC1A4E193DC18C09BEEB
:1075E00032AAEC3D61708D3D84BAA8BD7FC0033DD9
:1075F000487053BE1A1623BDE5292B3D3A3C84BC86
:10760000F2B47C3A7D78163C7C4301BE06659ABD97
:1076100055A4A2BDBE2DD8BC1D731EBD0873BBBC36
:10762000363FBEBD2DB5BE3D088E4B3B941799B974
:10763000D49B51BD1AC39CBC205ED73C37E0733D40
:10764000E04C0C3DF0A39ABC3CF974BDBADD0BBE16
:10765000E3A907BEC05A353D93AAADBD75AF933BB4
:10766000C2A30DBC7CB5A3BCF931A6BD77D8C43C80
:107670005CC98E3DB4CC22BD6C94253EBDE5EABC10
:107680005C540B3D588F0B3E3885953B0E2F883D43
:10769000180717BDD3BC63BD28B898BD7FFAEF3D6E
:1076A0008ECACDBC689644BD5F27753D7594833CFA
:1076B000EE5F593DD6FF193EFEB5BC3CA60BD13D51
:1076C000E5B3BCBD38D946BD8AABAABD0C74EDBDCF
:1076D0005BCF903CBC41743DE3C5C2BD994809BE37
:1076E0003411063ECFA362BD55336B3D51A516BE86
:1076F00017F333BD882EC83DA851883D240FE43DC3
:107700009BAE67BDD17561BEAC58FCBB520A3ABD99
:10771000683D4CBEAEF0AEBC77DADA3DCD57493DA0
:10772000D36AC8BC24D1CB3A724E8CBDBC77D43C52
:1077300002B829BE0A82E73DD1CA3DBB6EDF23BD38
:10774000118D6E3DA5155FBA7785BEBD6AA67BBD5E
:107750008F5314BEF371ADBDDBC0BD3DFFE6C53C2C
:10776000567E99BC23BD283CF852F83DDEC7913DBA
:10777000A54A143D938B71BDA5A2213E10AE00BE5B
:1077800061346BBDFA8000BD151DA9BD9868903BA2
:1077900037DD323D94A546BE38BA92BE6CEA3C3D18
:1077A00040F8D0BD9DBAB23D9C310C3D06685BBD32
:1077B0006EC3283E65E0C0BD4C38D43DB53562BDD2
:1077C000543BC3BD8F34B83CF580093E7D75553DB3
:1077D0002BFBAEBBD66E3B3C12842BBD07CE99BCB7
:1077E000637A42BC3ACBACBD6347633AC53D16BC35
:1077F0007CB8E43B94136DBCC79BFC3C3221663CD7
:10780000C30EA3BDEA7B0DBEFC19DE3B018605BE9F
:10781000C895FABC98F97EBECEA5383C029E34BD10
:10782000E675443D5D88B5BDA83939BD3AB09C3C8C
:1078300060924A3C30849CBC58CB9D3D242969BC55
:10784000A52C03BD897E8DBDC021943D99BB963C7E
:10785000FE648CBD1DAA09BED7A19A3BFAB8B6BC7E
:107860000630E53D52B5DD3DF52C083DCFBBB1BC42
:1078700093E0CD3D367689BBA7021EBE86040CBDC3
:1078800098A5FD3DDA3BA33C2976243ED42B65BD6B
:10789000B685C7BDB48EAABC772CB63DDA2013BC22
:1078A0003998CD3D56F487BDDF6A1D3B362298BC22
:1078B000F6B6193D9D853D3D08E4F2BD68EAF5BC8C
:1078C00091F0DDBDE0F644BD9A0A713C579713BDB7
:1078D000E624943C92E9503DAC6F60BDB3D1B93C15
:1078E0000874A6BD6B0F7B3D5839343CCA6BA5BCF0
:1078F000EBE4ECBD31D0F5BD72FABABD01A7373D5E
:107900003351043C570996BC3623433D990C87BD3F
:10791000D6AB88BD6A123C3C2769FEBCFCFD22BD8B
:10792000A836B83C5D1A3F3BECF619BD9DBCC8BB00
:10793000005431BD8C8496BD5F7AFBBC8369183DD1
:107940003DB9A6BC05E14A3D484FB1BD9605B3BD62
:10795000909F4D3D191BBA3DE3FF0EBB82FE023ED8
:10796000430331BD5890E63CBD5216BD64EA2E3D3E
:107970008600E03CC1732F3D6B2A8B3CDA549D3D61
:107980004338A6BD1C7A8B3CB281F43CE946D83D15
:107990000DE1183CDE74CBBC40A3F43CB1DBC7BDA9
:1079A000ECF91A3D67989A3DBDA6873D45BA9F3CC4
:1079B000849A61BE3E068BBD4D65513D3C33413AD4
:1079C00037186ABA9F04763D1746FA3CE220E1BDBB
:1079D0007028FC3CDA53F2BC325A87BD3885F5BDBD
:1079E000EBC37ABDAFEDEDBC12DE1E3D92CB9F3DE9
:1079F0008F701ABDC845B5BCF3AFC5BD9BAF92BC77
:107A00007EE3CB3DC4EB3ABD9D9EB73D9EB12F3D7D
:107A1000849EADBDB329173D9F3A563D59E0CB3DFD
:107A200050FE6E3C950B953D1CEBE23B9B018EBDE1
:107A3000637F993DCCB49DBD4298DBBC19E2B8BDD3
:107A4000904F08BD4DF68F3DBB0DAA3D1101873CFF
:107A500044E018BE6A696EBD395E413D45F2953914
:107A6000AA0BB83DE90D773C608FC93DFD4D58BE6E
:107A7000820124BEAC589C3DCB483D3C691D053E6F
:107A8000240F843D5034EFBD7E3632BD3222513D4D
:107A9000B01FE2BC1190AF3CC40716BEDFF915BEA3
:107AA000670CF33DDDEBA43CD3F71A3EA9FA55BDB4
:107AB000FC8F4CBEE17FAB3D0DFD933CF70544BE12
:107AC00006F2ACBD47FFCBBC0589EDBC6AA0393DD1
:107AD0004E99DB3DD4D773BD126C1C3D541C87BC42
:107AE0005E9C783CB2D6503DD74BB3BD4D4E6D3BFE
:107AF000990F48BDB4E411BE1651933C2FFC50BE03
:107B00003AB2723CF12EB73D1F1068BDDF8C3ABE11
:107B100067BA17BDA7EB493D492FAA3D9E61EA3CD4
:107B20003B5689BD6CE8063E0F2615BEC2F79E3D4A
:107B30005A62E5BD67804BBDCA52AB3DC3D4963B8C
:107B4000889CD6BECAE088BE8F368E3C220088BE96
:107B50007923F33BAE7FB73D17BA523DDDE90E3EC8
:107B60001DE61B3EE99DEA3DBA2D11BE2E3C97BE97
:107B70000394863B88855ABD1406E53DBEC157BDBA
:107B8000609335BD7C0D813D29EA0C3D193820BC40
:107B9000F62741BEDD60283CB37B72BD5A4840BD2C
:107BA000E1CFF0BCE1D3BC3DF986423D3335493DE0
:107BB0002B4BF4BD6C5E55BD9109F8BC7862B63DA7
:107BC0000B27C9BD301355BEEE93A3BB36936F3D53
:107BD0006807DCBDB16A103D8541F9BD494A3A3DAF
:107BE000DBFD6A3D931ADA3787A7073E17F3933D0B
:107BF000F416AFBD2A1ED7BDC28AD33D36212D3C17
:107C00008334E3BC5F0A0F3D7D5AC53C0247423DC9
:107C1000EEB5603E03D27E3C1C3F94BD3F7015BC68
:107C20007E73BF3DD23553BD809CB0BD3FA9763D2C
:107C3000F911BFBC4D158C3DDC299D3DBE12E8BD40
:107C40003737A63D2FA5AE3D774D483D8B6CE73DC0
:107C5000FB5746BE31D20BBEAE10B6BD6E162FBD61
:107C60000F7E623CFBCDA4BDAE9C3DBC5A29C4BD79
:107C700083F755BDB5C5B5BC8787903D4DD8BEBD12
:107C8000C7F5EF3BD313963C5F7D3C3D0F64BDBC15
:107C90004628763D7BA180BC9B37CE3C05146ABD4F
:107CA000E7E099BD4A7FAF3DE02B9A3D878CC7BC8A
:107CB000257582BDFF3F4EBD34F710BC09C42BBDF6
:107CC000060F93BD77314D3C527D47BE40DBEABD88
:107CD00095EF99BDBB7EA1BDFBE5133CFF91E9BDCE
:107CE000C85E2FBD494B253DB64D313D1B12F73BBC
:107CF00018D1B63DA9F6893DA60B313C7095A73D3C
:107D000050FB2DBD4A0D2D3D780C2F3E47CA96BC29
:107D100092E60F3C33DED6BC6073CE3DDF6D5E3C39
:107D20000ABD7E3C884C793A55DE0EBCB169253CD3
:107D30003317B8BB5952EE3DBF82D4BD01184FBBBB
:107D4000F3E8463DD331273D06A13CBC4C6D293CB0
:107D5000DCB9003EE42D17BD2FC41ABE4BCAFDBDD1
:107D600000AC0E3D0A49863D732D5ABDF5496EBDE6
:107D7000BD5301BD0729983D7C0C163D70EDA4BD97
:107D8000A390843D5A4840BB797308BECB4A133D4B
:107D9000D1AE22BEECDE8A3BA31DD7BD6C925F3D07
:107DA000EE431EBD378ED83DEF5781BC307F45BDB9
:107DB0000971653B52F3953D72F90F3DE89FC03D57
:107DC0007D93263D7D959C3DE5B3BCBCDDCEBEBD1F
:107DD000FED4783D3E247CBDE27638BE5BD3BC3D0C
:107DE0007539A53C2234A2BD88D7753D93AA0DBE36
:107DF0005036E5BCC47B0E3DB6BC72BD7442E83A59
:107E0000A7CDD83D30DA63BDB7B4DABDDC299DBC5F
:107E10007BBEE63C481A1CBD4F3BFCBC8D63A4BC3A
:107E20004B06003D553200BDEE405D3D96E7013DFD
:107E300075AF13BEE62068BD5DC5E23DA567FABD1E
:107E4000FA7A3EBD560F183D096DB93DE01240BDAE
:107E50003F389FBC5B246DBC87DBC13DF837A8BDB4
:107E60002AAB293D34F3243D16A198BD479125BE88
:107E7000F99DA63C5F27753DDF35A83DFBE8D43C66
:107E8000E2E5893DA8FC8BBD2D5F57BD48C59F3DF0
:107E9000A5A2B13C085B2C3D367493BDB5152BBE35
:107EA000A12EF2BD69C9A33DD6196FBE2F1947BBDC
:107EB0009F7181BDE485F4BC901667BD2BBEA13CCB
:107EC000DE1DB9BD56F186BD57778C3DBAD8F4BDDD
:107ED0000971E53CD09CF53CC03EDA3D0ABE69BD67
:107EE000E2CCEFBD3C6A8C3D091B9EBDCDAFA6BD6B
:107EF000BFD685BE62DA973D4EB912BE5001D03D65
:107F0000CB80333DECDD1F3D76C4A13D52EF29BC53
:107F100010069E3D2A3B7D3BB3B691BE4AECDABBD0
:107F2000772F37BDD9EA323D8B7013BC15E211BEF5
:107F30001024EF3B46D0183C8DEC4ABDDB4EBBBD58
:107F4000B136A63DB5DEEFBC26FC92BD65A6B4BB3E
:107F500039459F3EF12A8B3DF2B2A63C240BF8BD79
:107F60000EF89CBDFC3945BD7CB8E43D0A8588BD52
:107F70004B587BBE78D418BCCE6C07BEC6DB4ABD5E
:107F80000ED8D53BF0A530BE548F643E8D24813D84
:107F9000CE8E14BE3202EA3D6A2F22BDBD6EB1BD47
:107FA0005E63173B96E7313EE7A60DBDE1F002BBED
:107FB0003944DC3D8C84B6BB268A903C5872453EE1
:107FC000A92E40BE22FF4CBA257718BE2D08253DAC
:107FD0004F741DBDE294B9BDC43EA1BDD07E24BE88
:107FE000001C7B3D87C5E83D50C678BBC094813DF1
:107FF0002D5B6BBD9220DC3D6117053D172D60BEEA
:1080000085ED87BDD0D1AABCC2C3D43D359630BC66
:10801000D8BC6A3D51DB063CC617EDBCFE0FB0BCB8
:10802000897C57BDCF6B8C3D931A5AB8B69EA1BCC4
:10803000560EED3D69C8B83D1EA467BDF44FB03D76
:10804000AF99BCBDB7F1A7BC2B14E9BC068581BDB7
:10805000378C023DF5DA2C3DE90EA2BD782634BD01
:10806000340FE0BC293D53BDA5858B3DF4320ABEDB
:10807000AA7FB03DCD8F8FBEC6A219BE2FDC393A84
:10808000F18042BEF180B23C97AD95BEA260463D04
:108090002FFD0BBE5936333DFCC51CBE20960D3D51
:1080A00076C1E0BBCC26403D66BC2D3D11548DBB56
:1080B0006002373ED61F413E3E098CBD52F13FBDA6
:1080C000A38FF93C427A8A3C78EFC8BDD1CB283DDA
:1080D0006E87C6BD749A853C130CA73DA20ABFBD2E
:1080E000CB4DD4BC64CBF23D6397A8BC0401123ED7
:1080F0008CD8673D62A0ABBD10EAC23D9278F9BC56
:1081000071CB87BD0668DB3CE71A26BD7E52ED3C8D
:10811000AB20463E91D3D7BD9032C23DCB4CE93C1B
:10812000624B0FBDBF621D3E4A465EBE9FAA023D26
:1081300016BD83BEAA65A3BE512DA23C4699A5BE1D
:108140007BBB653DE8F6CABEDD7DAE3DF8C4FABD39
:108150003481823DBA49ACBDE0F509BE35612BBE24
:108160002508573D64057F3D1B623C3C84BB433E74
:10817000D1E6F83D30B8663DE1CF00BE65359D3DA6
:108180001502B9BBDEB07DBEE38A0B3CCEE215BE64
:108190005A820CBD23688C3DE3DD61BE473E2F3D16
:1081A0006D1DDC3DBD37A6BDA9A0A23DB686B23D82
:1081B0001EF953BE0EBD453D6E4EE5BDA06EA03C02
:1081C00087BF763ED124313D6C79253DDAE6863D88
:1081D000855E8FBEB9FCA73D8DD2653D9562A7BD7A
:1081E000E0A213BCDF1797BDADBF65BDC51BF9BDD0
:1081F000BA6ABEBD49F2DCBC7A35B0BE0A2FC13CBA
:108200000EDBD6BD1D91CF3D3AE852BED5773EBDBF
:108210004AB67ABDF372B8BD24979FBEE99AC9BC2D
:1082200026018A3DD9790BBE3A90753E483356BD3A
:10823000C405C03D91D638BEA9C1B4BCAFEDED3C7C
:108240008929B1BD58375E3CB80325BEEA2330BD4D
:1082500032E36DBD1CEB22BE34BF5A3DEB8FB0BC88
:1082600087A812BE63D5803DAF94E53D12F8CBBE22
:108270002D079A3D20D530BEC93A9C3C79905E3E90
:1082800015E291BCCB64983D9A22C03C823982BEF3
:10829000F086B4BCC8250EBB684213BC35D418BEEA
:1082A0001F65C4BC7C5F9CBDBE16043EF7587ABAFD
:1082B0003B18D1BD55DAA2BEFD33E33DA1BAB9BC2E
:1082C0006D1ADB3C7846F3BE3D5F33BC8658FDBC7F
:1082D0008143A83B3BE210BECC4316BED13B153DCB
:1082E000FFCCC0BDD7F88C3D0133BF3D16DB843DCC
:1082F00073DB9EBD49DBB8BD5017E93D07EBBFBD41
:10830000C79EBDBCB2133EBEF2EDDDBC3108AC3B36
:108310009C36233D9F3A563D289B92BDE7C6F4BC50
:108320003C4B903C3E424D3AC58E86BDB2D7DB3DBC
:108330005B429E3D72BF43BD1F1068BDF56313BC19
:108340001B2C3CBEBFB593BCE2E6D4BC375577BB13
:108350001728C9BD6F464D3D10945B3CA67BBDBD43
:1083600064969D3DB1A8883C6C239EBB6150263C21
:10837000E338703D95494D3D65A5C9BCED0CB33D55
:10838000FC53AABCE1CE05BCE752DC3C4278343D4C
:108390002EAED1BD6A6798BBFC8F0CBD1EE0C93CF8
:1083A000240DAEBD1BF184BDE78C683D611CDCBCB7
:1083B0003C67AB3D7B4E9ABD683C913C3CA503BC01
:1083C00088F3F03C588C3ABDF12CC13CA35AC43C14
:1083D000DBA50D3D7B845ABDE6B2913DC28792BDBF
:1083E0005DA4D03C9C1A88BD412E713D376E913DF5
:1083F00003090ABD0FD1A8BD153B9A3D3AB02CBE6A
:1084000075CCF93C18CCDFBC7FA31D3D30F05C3C43
:10841000051981BC2BA5873DD6AAFDBD0307B4BBBA
:108420008786C5BCADDEE1BCBB7B003C11C5E4BCAE
:1084300035B8ADBC0EF87CBC3FADE23D0327DB395F
:108440008EB0A8BA45F601BDF6CF53BB9DF79FBDD0
:10845000FCE488BD8B54B8BDC991CE398C4D8BBD21
:10846000B2829FBD1EC0223DB70977BCC0E8F23D75
:108470005EA0A4B9C136E2BC3336F43D78B5DCBCAD
:10848000FEB6E7BDE199503CE5ED483D9818CB3B81
:1084900072A5FEBDDD5E52BDA3409FBB2FA88F3DE0
:1084A000FEED32BCA35A04BD800F1E3D5000C5BC7A
:1084B000DE1FCFBDB1355B3D261EB0BDF2EB873A66
:1084C00001A34B3C8A04B33D37FF2FBDBB80073E61
:1084D0001D7594BD787B903CC9AE343D90D703BCEC
:1084E00044FCC33B48C53F3D80D852BC64E5973C43
:1084F0001283C0BC4339013E003921BDDD06353D44
:108500008AAF363DBB98263D8060CEBDC6FB01BE1E
:1085100032AF13BE5E479CBCBCB1203B925EF4BD43
:108520004A9613BB69E4F3BB0BECB13C3658B83C3C
:1085300085225DBD60734E3DBED9663D1D3902BECC
:1085400038DCC7BC1633423DA051DABD1B0E6BBEF2
:10855000193BA13DA65E373B8AE8B73D2C7FDEBDC7
:10856000FAB9C1BDC40786BE09A9BB3D800E23BEB2
:10857000906AB83D7FBEADBD02D8803A60768F3D2F
:10858000882F933CE25C83BDC6A3043EE317DEBCA8
:108590004AD09F3D8120003E90F5543DFEBA533CA9
:1085A0009EECE6BCA8AAF0BDDA92B5BD45660EBE4B
:1085B000575B113EDB4C05BD334EA33D2B314F3D88
:1085C0003ACB6CBD9CFC963C4628763D9B1D29BE53
:1085D00062F6B2BD8527943D17F373BD1DAF40BD54
:1085E00039D59A3D037996BDAF44A03D30D637BD0D
:1085F000981750BE1D72333D41D7BEBB80B8ABBC8F
:108600009E95F43D25AF6EBEE97F39BE6761AF3DF3
:108610005114483E4F085D3D2AC58EBBB5C3DFBD32
:10862000EB37ABBEFB5BA2BDE37151BEF2D1623C46
:10863000F3928FBE7E8C793D5C54CB3D60589E3D5D
:1086400078F19E3DA1F5703DBCEB1C3E10759F3D41
:10865000BC23E33C957D973DE108B23D8BDD7EBDBB
:108660002A55AABE528058BEA5F46CBEE49E8E3D2B
:10867000DD09B63DE291D83D33FB1C3E5D8CE13D0A
:108680008E3C103EA19F093E205F62BE4EB867BE81
:10869000618DB3BDA417B53C1552DEBD0FB8CE3DFC
:1086A000CCB4FDBD376F9CBB315B923DDA3C8EBED6
:1086B000B2D73BBD668778BC2F6E633D1AA3753D6C
:1086C0005A48403B5E65EDBC1328E23C3272B6BDB1
:1086D000CE70433DB21108BD04E2353D6F66F4BC77
:1086E00001A5A13C116F9DBDCDE7BC3DA2269ABD61
:1086F00005FC9ABC973C5EBD31B5C53D05A392BC57
:108700007DEBC33C179C013D2EFF71BE9B74DB3C8F
:108710002E8ECABC1216953C6286063D9FC813BBBE
:108720003813033EFE9ED8BC04750ABD56D3353DB2
:10873000698A803C6074393DB8E438BCBF6112BEC0
:108740003274CCBDF0A2AFB9D8640D3DE92B28BE80
:10875000CDE45B3DA6D4A53CBEFA38BD66F9DABDD2
:10876000336DDFBDFF7619BDD12386BDE99AC9BC43
:10877000CD94D63DF033AE3DB820DB3CECF91A3C4D
:10878000780EC5BD4D66BC3CC9B08ABCAC559B3D9E
:10879000FBACD23D0FB8EEBD7AC8943CEE26F83C57
:1087A0006ADC1BBCA9C2BF3D5402823DA83462BD35
:1087B000B24C3FBD6B9D383CCE1C52BD5BCE253BC1
:1087C0003389FA3D4C33FDBD0EF53B3DC51B19BD4C
:1087D0000002D6BC3A78863D0AF6BF3D5FB2D13D75
:1087E000EF5616BBA1D79F3C32E8A43D2D5A003C62
:1087F000280A94BDA94E87BDF10EA8BE84F329BEF8
:1088000030629FBD34B9183D12BF02BE5683703D21
:10881000E772833C6ABC74BD5D18A9BD98DFA9BD31
:1088200093718C3B63D25FBD05353CBD231546BDBE
:10883000C630073EE99E253EAD2FB2BDFD3258BD84
:108840007EA93FBEE355963D2194273ED3C08FBC01
:10885000D89C33BE397D1DBE10B0B63D5A4715BDFC
:1088600024D46C3EB2F2CB3C709A3EBD5644CD3C13
:108870007539853D5CC62DBE60E8113E7E1BE23C2D
:108880006CAF853CE599073EBA4D98BD2E70393DD9
:108890008DB8303E7DCCA73D973B933D124C753D46
:1088A000B552083E4BB1833D539611BE361DA1BD56
:1088B0004FADBEBCAEEF83BED52408BE02D404BE0D
:1088C000B0E620BE184424BCFFB366BC3A592A3D2A
:1088D000B402C3BC72365DBDE3A59B3CB56B82BDE3
:1088E0009C1812BE4C369E3C6E50DBBDCDAF66BAB6
:1088F000C556883E14051ABEB329D7BC658A09BE81
:10890000B342913D31EC503EE04CCCBC7714673B18
:10891000103F3FBDE04880BD4622B43C49143A3E7A
:10892000B073D3BC6C78BABDEFC8D8BDA017EEBB8E
:1089300019756DBE164E423E2849973DF2B5E73D8A
:10894000BD19753E452D0D3D8B1B07BE096E64BDDF
:10895000BEFA38BD915F2FBE3199CABD9204813DE8
:108960009549CD3D33375F3CDD99893DA14ACDBC6A
:1089700022FAB53C45F4EB3C6EC493BDA5BC8EBE5B
:10898000967A963C6ADA453B3DF031BE732EE5BDE2
:10899000CAFC63BD726DA83AA9FA553D20D445BD05
:1089A000E2C8033E1E6B063E1F9DB2BE7C43113ED5
:1089B000BB271FBEAD30DDBD28B597BDA1BC4F3D67
:1089C00019FFBE3DC0E787BDF77530BE4F58C2BD29
:1089D0001974AABE49B983BE0B43E43D61199BBE1D
:1089E000D194FDBD2A1F8ABE431BA03DF60A8BBC55
:1089F00049651A3EAB5C683EFFAE2F3E17D3AC3DD7
:108A00006CEDBD3DC191003EE9EE9ABE405086BE80
:108A1000F33ABABE4581AEBEC8EB41BC2D403B3EE9
:108A200058E7983DBD8C523ED6532B3EE739923ED7
:108A300083322D3EF0BEEABDFAD431BE3DB7D0BC84
:108A4000D8D7BA3DC87B25BE481846BE4E7A5FBB14
:108A50008C3190BD87C0113D03ECA33C2DE80D3E49
:108A6000064A8ABDE481483C3387A43CF3AE0A3E03
:108A70001BBCAF3C6AF5153DEAE7EDBDEF3A1BBD07
:108A80009198203D1686083DA434FBBDA471683D35
:108A9000B29F35BE9B8D953C7D9150BC83328DBD80
:108AA0004359783C86708CBDAB2492BD5D4E093D28
:108AB0001DC8FA3D3EAE1DBE4A07CB3D05C183BD74
:108AC000588EF03D8BDEA9BB6058FEBC2B6BDBBD26
:108AD000DD0996BDB1DCD23CB43D2A3E7EFDB0BD81
:108AE000D57653BDBB0FB0BE553115BCBDE209BE36
:108AF0007BA2AB3D0D502A3E158BBFBD0DE1F83D6D
:108B00000305FEBDB9DF213C8A57B9BD27BE9ABD1A
:108B10002521113CCC5D2BBE2D4106BD00E5EF3D6E
:108B2000BB0F003E00AC4E3D21AE1C3DFBAF33BD44
:108B30002FBF93BD2096CDBCF4C29D3C666A223EF9
:108B40000CAEF9BD001B30BEDD44ADBC4E0CC9BD42
:108B50002C830A3EA8C7B6BB04E6A13CA0368ABD5A
:108B600048F8DE3CE8A5A2BDEF6F503D5E9EAE3DED
:108B70001B7F12BE527D873D315D08BDF774953D68
:108B8000D0641F3E193D37BB1F69F03C1A868F3AEF
:108B9000EC2F3BBE1EA97E3DACE378BD5322C9BD80
:108BA0002BDDBDBD6AA134BE5DA59BBD5ED9453D33
:108BB0001E8B2D3D0856D5BD3FC4063EF3ABB9BC58
:108BC0007C983D3C5EF61BBE0745F3BA1CB2413DA6
:108BD000384848BD4C50833D9A41BC3D2C7D68BE11
:108BE0009C35183E728A0EBCB0ABE93D9DB927BEDC
:108BF000E2571CBEBC9690BCD444DF3D180717BC9E
:108C00002460F4BCC6E0613D6AC296BD008DF2BD31
:108C1000D45F2F3DDBA6F8BCF33A623B191B3ABD8B
:108C2000C89A51BE419E1D3EB08E633CB152013D7B
:108C3000FE7C5B3E53CF22BE745EE3BD902F41BEEF
:108C4000DE041FBDD00C82BD0C927EBDDB140FBEB6
:108C5000728B993DA358EEBDA79196BC6F2A523DE9
:108C60004AD03FBE6D8F5EBDE833103E2B6E1CBEFA
:108C700038BD8B3C6FF0153E261A84BD800E93BD27
:108C8000BC5B593D4CA8603D18B064BEE7AB843D69
:108C90005393E03CC443983C1CEB82BDBA2EB43ED7
:108CA000664E973CB98D863DE44DFEBD6B2ACBBD2B
:108CB000D141B73D525F363E2993BA3D17D4973D17
:108CC000F4A642BEBA85AEBDD6385B3D56478EBBD4
:108CD00086FFD4BD1823D2BD180B03BD5F260ABE84
:108CE0007369C43EE9D4953DF60BF63DFF3E8B3EDD
:108CF0008CB92BBD25E6B9BD01BE1BBD6DC90A3EB1
:108D00003C6ACCBD365C843D7C7C72BE874F0A3E9B
:108D1000E28F22BC3411363DFF75CEBDD7A6313D62
:108D20004241A93C74B2F43DE8DEC33CDF33B2BD3E
:108D30004701A2BCBCAD943D7B4983BDF8367D3D67
:108D4000228E35BD6E51A6BD09C16A3DE0F343BC1C
:108D5000361E8C3D77DA4ABEF051DF3D8A8E643D87
:108D6000F7572FBE414600BE506FE6BD57B178BDE4
:108D700096CFB23DBCC9CFBD2EAD86BBA0A85CBE10
:108D80009129B7BE6D566D3EE0D823BE24EE313B2F
:108D90003ACD12BED4B6E13CC3A00CBD0B62203E5E
:108DA00064CD48BBF4C0C73B9203263ECF9E3BBE7A
:108DB0003A4090BD790126BEC2133A3EC1ACB0BD67
:108DC00058C5BB3DD1E8CEBDCF9EAB3D2907733D15
:108DD0008C497F3EE4326EBDF069CEBCAAF0E73D1F
:108DE0008D9C153E4CE0D63D4E452ABE11906FBD80
:108DF0000D536B3E94BC3ABDA184193E2A3B9DBDE8
:108E0000C2F693BC93C4923D2028073E226D23BD39
:108E100078ED32BE22A76F3D49BB213E9770E83CFA
:108E2000882DFD3D0EA48B3C0EA350BED141F73DD5
:108E30006267EA3D3CBCE73C140750BC6F0F22BEA2
:108E40000FB608BECF104E3DD3F885BC603C833CC6
:108E5000AB7883BE3B3983BD0E84643D5707003D2C
:108E60006B62E1BDB6F7C93D978D8EBD9339363E35
:108E7000C89936BE06B8E0BD3A22AFBE0DE0EDBDE2
:108E800066C1143EF629073E64CB62BEA5DA57BE22
:108E900035EDD2BE9C87133E2FDEEF3DD922E93D52
:108EA000AEF45ABDC5396A3D4C8CC53D8E74E6BDE5
:108EB000C6BFCF3B86E7C53D22533E3D38F5813BDB
:108EC0001631ECBC787A25BCBB63313DFEEFA8BD02
:108ED000DBA6D83D7D96873D8F8BEABC47AAEF3B4A
:108EE0007DB00C3CCC272BBD6780EB3DCDC90B3E44
:108EF00015FF373D172DA03D15C54BBE2D93E1BA8B
:108F0000DFC51BBEFED563BCB3288C3D86762EBE66
:108F1000876A0ABDA514F43CFC370F3EE81379BDFF
:108F200088BC853DF71F69BEC2A6CE3C27C1BBBD2C
:108F3000BE6B50BED3A078BE20D435BE9C6E593CCB
:108F4000698A003E156F84BD31951EBE8FA8F0BDA5
:108F5000C9CACF3D45B8C9BBEB6E9E3BA0871ABDC1
:108F6000ACE4833D75AFF33D6BD8EF3C76FC573DE9
:108F700011C4F93CF04EDE3DF1815D3DA06E20BA9A
:108F8000D8D2633D23D9833D1CD0D23C5307B93D91
:108F90008028183C3D1019BDC024553D0439A8BC9B
:108FA00059A61F3D36E41F3E03B2573C7D7896BA62
:108FB000632A9DBD93198FBD98A412BE37C4F8BC17
:108FC0004791D5BD200BD1BC5439EDBDDC0EEDBDB4
:108FD000761C6F3EF19BA23D07B705BEBA4D383EE9
:108FE000970252BD475408BE5CE41EBCF817C1BDD1
:108FF0009FAB2DBEC1190CBEBA9EE8BBD6E60F3E94
:1090000041BC8E3D14057A3DA6F080BEC235D73DE9
:1090100053064EBD2A91143E97FDBA3D3AB2923D99
:10902000FE29D53D96973CBD446DDB3D73F6CEBA27
:10903000BD39DCBC1A34F4BC52F22ABD5188C03DA3
:109040000E4C1E3EA12B51BD130DB23D9CA2A33D63
:10905000A6276CBD4432E4BAED9FC7BD081FCABD48
:10906000151C7E3E290422BEA4888C3DE8F8C8BDAC
:109070001C9907BED6381BBD9E426EBD6A31F8BC36
:109080003CBCE7B97F16CB3CD8F28ABDE5B5123EB1
:10909000C5FE323D577982BCA20CA53EED2CDABD4F
:1090A000AF2564BD9F1DF0BC74EC883E33FA01BE51
:1090B00062DBA23C4911F9BDB746A43DE8BD313D94
:1090C000E8DDD83C6807DCBDD098A9BD92B04F3E22
:1090D000F23F393DF4A74D3D9AEF80BEC6F9BBBDC6
:1090E0007C43213DE9D68B3D174745BE068195BCA3
:1090F0009850C13CD4B877BD41F078BC09FB563ECE
:109100005EBBF4BD321DFA3D4888B23DB48EEABD67
:109110000552E2BD797714BE7A1D81BEC61602BE25
:109120005B7C3ABEECD9933DFA994ABE1CEDB0BEC9
:109130000A30AC3D1C78B5BB7AE1CE3D6AC10B3C30
:1091400005C28EBD313F77BEE2AFE93D165113BE79
:109150003C4E51BC1B49C23DA7E858BEF8333C3CCD
:10916000BB2B3B3B26E4433E8FE492BD60C7BF3D33
:10917000BA4B02BEA3953BBD070C923C42E91B3E95
:10918000C0E8F23BF2D1E2BD1008943DCFC0083EEA
:10919000C7832D3DEF1C7ABEAE7F973D8926F03DFB
:1091A00041D5683D6A4FC9BDE23F1D3DFA27B83B36
:1091B0002574B73D177FFB3DC45FB33DE92689BEEB
:1091C0003FADE23DACE037BCDECA923DB0AC343DD1
:1091D000CEA6833D48896DBE7F319B3D3D2C14BE9C
:1091E0009D68973D096C8E3DB1E1C93D05FD35BED9
:1091F0007028FC3D193CACBD99D7113DBDABCEBE2E
:10920000C80808BED0B5AF3D02F43B3D5AD427BDD7
:10921000D788C03DBD6E31BE60B1863D1D5783BE4F
:109220005D170EBE62F963BEC3B7B0BCCDADF03DF5
:109230009352503CD3C182BEFB73B1BE2AAD87BEF0
:10924000EA751B3E959DDE3DA60E423E16131BBEE3
:109250008A8FCF3D85CE0BBE0DFF79BEFC1D0A3C2B
:10926000309D963D9AEA493B3FA84BBD187B2F3D68
:1092700069C70DBD218FE03B88810EBEECA4BE3DC9
:109280006BF1293D6D6F773DF2CE213BA4349B3DC0
:10929000AD4CC0BE92235D3D3BAB35BE98F8A33CC0
:1092A000E388B5BB505416BE52D504BDDE04DFBB07
:1092B00095EE8EBD1407303E9CDDAABE840C8CBE9C
:1092C000344AB73DEDF1423E1E522CBE6842033E89
:1092D000F5F283BEC30C9DBE42769EBD282920BEFA
:1092E000BF45E7BD93532BBEB4580A3E5073F23CC2
:1092F0009CA805BEBB27DFBEB70C88BE04A98C3E68
:10930000959CF33DBB9B073E3D6515BEA77A323D5C
:10931000359600BED098C9BCAC02B53D6C25043E64
:10932000986B313E890B003DE9F13BBD1B0D60BCE4
:1093300006D586BD2F6C0D3D73BD3D3EFE640CBC55
:109340000587B73DF7764BBD95B88E3D3DD200BE43
:109350006972B1BC90A123BD68E8DFBDC21530BE03
:109360009ACE8EBD0E850F3EE4BED5BCA1A014BD25
:109370004F4013BDCD560EBE118F74BE198E273EC1
:109380003D43803EEE6044BE8AE3B83E581C4EBD6D
:10939000921FB9BE07439D3C74EC203CD0D6A1BDC2
:1093A00012FA91BEB51A023EBABE0F3DC5AD823C5F
:1093B0002C9E3ABE84D9ACBE0A6AA0BE6897CF3D47
:1093C000ABE97A3DD86237BC145FED3B2506413DE1
:1093D000753A10BDE319B4BDA644B23D2DB007BD2A
:1093E0009B3D10BE2CD4BABDCA6C90BCFB58A1BD2D
:1093F0009BA9103D6879DE3DAE661DBC12A3A73D5A
:10940000D8497DBD3D9C403D9A4372BEABE88FBDBF
:10941000CA16A9BDD86538BDD2005EBE821ABE3C50
:109420009771233EFE45503BA0FBF2BCDF6EA9BD09
:10943000A54EA0BDF05074BEB7B5053EB6F34D3E87
:1094400090F845BE9370613E6C9766BEAF2524BD13
:10945000AA9B8B3DB4E89D3D999C5ABE19E288BEFB
:10946000431D963D1FBD813DFF5B493C7C9D843E75
:10947000938F1DBD13EFD8BE7B49C33D6CAF85BC38
:10948000962605BE7D5D063CDD27C73DCA6EA6BD9E
:109490004B7802BD2F362D3CBF6318BEB2D40ABE36
:1094A00091D442BD22A6843D392776BBD4B5B63DC2
:1094B000705C463D4EB4ABBC03ECA33C0D34DFBD49
:1094C000B64A30BC028033BEC495B3BC0EA1AABD5F
:1094D00097361CBD5EF415BE49BA863DD7C0063E20
:1094E0000187303E829117BDEAE9A33C0C5797BE35
:1094F000664BD6BD601DE73D20EC943D5E686EBDB9
:10950000C5ACD73D28454BBE7409A73D6F9D0F3EA6
:109510001807D73DAD84CEBDCDABFABDACC8283D54
:109520004966F53CE36C3ABD471C223E7841043E57
:10953000B7627FBEA051BA3B0BB7BC3DC4CCBEBD29
:109540002CBA75BD8EC922BDB8AD8DBDE4C02B3C13
:1095500063ED6FBD847F913CA3E801BDB89047BD2A
:10956000AC73CC3DBF0F87BC93533BBD8176C7BD69
:1095700057ED1ABA8D2A433CAD86043DD90583BD0B
:109580002940B4BD971FB8BC27F8263DFCA8063D6E
:109590005B0AC83CA837233C27D9EABDD9E9073D77
:1095A00027A34A3A2D40BB3D406CE9BC075CD7BCC1
:1095B000B96ECABD431C6BBDA1F2AFBDA65F12BEA2
:1095C000A06EA039C23537BD6344223A2A8C8D3D46
:1095D00079C97FBB68AF7E3D2123A03B075DC23CBC
:1095E00095D31E3C236AA23D26555B3D15717ABD7D
:1095F000A99F37BDFB920DBC751FC0BDDF1B83BD8E
:10960000DBA58DBD041C32BED95ADFBC0DC2DC3BCC
:10961000BB7C8BBD3D9C40BD3A070F3DF45231BC35
:1096200085CCD5BD5B617A3CF79070BCD8D5E43C65
:10963000016B15BDF0A4853C871704BDE17EA0BD7C
:109640003ACC573D2DB55E3D6AA63B3DD124B1BB1A
:109650007F854C3CCA5100BCB3066F3C09C48B3DAE
:10966000AE64C73CF3CCCB3CCE0097BC064C803DEF
:10967000016C003D98DCC8BD5534F6BDC347C4BC81
:1096800095498D3C6440363D3561FB3C76FEED3BB3
:10969000B075293D53ECA83D0AA2AE3D077B13BD32
:1096A000EC87D8BAD8BC1ABE85D12CBD397B87BD12
:1096B000B01C813DB151563D062CD9BDADFA1CBD43
:1096C000B91CAF3B1399393AFE0CEF3C751ED5BD62
:1096D00002B72EBDDE57E53C4A99B4BDC7F0583DF0
:1096E0003815893D98A7B3BD20099B3D3CBC67BB9D
:1096F0000CCC0ABEF60C213D588C9ABD7E57243EF8
:109700000892F73CE6AF103CAB5D93BC55A1013C21
:10971000344D583D57AFA23C00C4DDBC4D2EC6B9F8
:109720000151B03C33A575BDD9EA32BDC251723D7D
:1097300031B47ABD1C78353B0B5D093B608F093C29
:10974000E57F723C67D5E7BBAA63153C74956EBC98
:109750007B849A3D8E21003E56B63FBEFC8AF5BD05
:109760002107E5BD14AF32BD25CE8ABC0B27E93CED
:109770005706B53D1B4C03BD81D105BEE9D4153D4F
:109780002BDEC83C5ED7AF3C6D1F92BD46EB28BDBB
:109790002463B53D78279FBB0D712C3C81966E3DAF
:1097A0005E9F79BD8907943CE2C8833CD42B85BD7C
:1097B000EC13E03D804A153C05A79E3D5740A13C77
:1097C00036E760BC1D580EBA8BFED0BCB952CF3CF8
:1097D00094F9C7BC9738F23AD655413D2B681ABD6B
:1097E000CDE47BBE34837839C8B175BC4BE58DBD03
:1097F00040C31B3D2FC1A9BCCA8AE1BD1E6F323DCB
:10980000C1A8243D6FF471BD5E84693D52B55D3DD4
:10981000B0C8AF3D05F8EEBD334EA3BD5FB562BE27
:109820000344C1BCA7242B3D6A6D1A3DA034543BB0
:10983000F7AF2CBB1BBBE4BD4A9B2ABC0A6737BCF5
:10984000F2EE48BBECDF35BD16131BBCFA80003DC1
:109850005B94593DBCE86B3D2D2721BC07970EBC9E
:109860003FFFFDBDCA50153D522CD73DAD34C93D1B
:10987000F91094BDC8CEBB3D2174503C64E8583CFF
:10988000BD8D4D3CB2D7BB3CB873E1BCF73ED5BCF7
:10989000249CB63DAD8A703DB88FDCBB5B2322BEF5
:1098A0007555A0BCD15DB23D9FE7AFBDDFC1CFBD57
:1098B000E65B5FBD0E1262BD5E8168BC3A59EABCD0
:1098C000B18861BDEDBC0DBDC00985BB103B933DAA
:1098D00006F397BDA35698BB6360BDBDD1074B3B54
:1098E000703FE03C452BF73BD75115BD15C4C0BDBB
:1098F00095D213BE8B1961BD0E14F83CFBAD1D3B18
:109900002B4EF5BD4D4EEDBBFE26943DBF0CC63B28
:10991000A48CB8BA4034333D8EE7B33C59194DBDE1
:10992000228B94BD3AB09C3C962304BE058BC33D6C
:10993000DFC5FBBC2D435CBD22A9853B207E7E3C60
:109940004B72203E992B03BC1ABF703D0B9A16BD7B
:1099500049B90BBEEA7B0D3D4CA68A3CAB76AD3DCA
:10996000AB79CEBDD2367EBDD979FBBDEFE6A93D40
:109970006BD3D8BBCFA2F73CB8AC42BC3C6CA23C8A
:109980006F2EFE3C9D4785BD8541993D3B73CF3D84
:10999000B40584BBF67D383DF9DC093D888033BED3
:1099A000A037553DBDE58A3DA03329BD433DBD3DB2
:1099B00028D59EBD8C3130BEDB4D703C5F40AF3D45
:1099C000F96AA73DA43671BDA4A572BD2BDA1C3D72
:1099D00085402E3D92593DBC790758BEB24A69BCBC
:1099E0008C14CABDC2887DBD3ECB333D0FD2D33D62
:1099F000BA15423D0533263A12C0CD3BA8570ABDE1
:109A00005E2E823D382F4E3D302DEABC795D3F3CC5
:109A10003430F2BB70B1823D60012CBEE1D231BD69
:109A2000187783BB2B4E35BC6C43C5BB26FE683D07
:109A3000DA3B233D7369FC3BCD5C80BDA7E9B33CB9
:109A4000A41735BC382F0E3DE38BF6BC7ADE8DBCF7
:109A5000BA4E03BEC687D9BC392B22BDDB8992BC66
:109A60000DE1B83D8A3F8ABB21E9F33D4C6BD3BC85
:109A7000A75A0B3DDFC0643D356311BDB5FE163CF2
:109A8000634422BB7924DEBCCAC3023EBC08533DFA
:109A9000E84C5ABB6343D7BD11A9693D71AD36BDD2
:109AA0005E4B08BD3602F1BB6B1066BE7098E8BD18
:109AB000CEC51F3D467D123C331A793C4F1F813C79
:109AC00012A1913C24F132BDBABCB9BC4AEE30BD02
:109AD000E0F5B93D93FD733B1151CCBCFC1D0A3C34
:109AE000AAB8F1BCD02AB33C1F6ADBBBA3CEBC3DF5
:109AF000B40584BDBD184A3C20EFD53C936FB63CFD
:109B0000035C90BCDCD50BBE2618AEBD30292EBE42
:109B1000E4BB143CFCC396BC7D25103D7CED59BDD7
:109B2000392AB73C96973C3D9F935E3CEC1857BD55
:109B3000A73DC53DEACBD23C7FA05CBDBED80B3E65
:109B400094F55B3D5DA7913BE6CAA0BCF83552BDDC
:109B5000001E51BDB802AA3D0727A2BCF5F411BDF5
:109B6000BEA55C3D624C3ABD4415FEBBEDD3D13D74
:109B7000CC996DBC61C1FD38CBF320BDCEFFCBBD10
:109B80004C54EFBC317CE4BD7651D43D49BB51BC53
:109B90004A7B83BC76348EBCF7005D3D037DA2BC5E
:109BA000A911FABC7E51C2BDCF87E73CA356983DB0
:109BB000C2C15EBB76C1E0BB2D3E053D3659A33B1D
:109BC000CADFBDBD459B63BB3A3F45BE268D113DF7
:109BD000E99E353DD3A0883D6EFA33BD1CECCD3DEA
:109BE000AC8D31BC2EAA453DF10D05BEB29F453C62
:109BF000342F473D8ACD07BD1B49423D22FD363DEE
:109C00006B2D4C3C58207ABD202661BD846637BE42
:109C10005D509F3DF03419BD6DE43A3C1B9B1D3DEA
:109C2000BE175F3D7654353DC007AF3CAB76CDBC2B
:109C3000BADB953DEF2026BE373500BE3F7055BDDF
:109C40007A39ECBD56D7C13D49BDA7BB3FFD27BD05
:109C50007A71E23C1F9F903D0BB691BDF0DFDC3D79
:109C60000D718CBDE01200BC6171B83C4AB810BEE9
:109C7000EDBC0DBC2A1B56BB47AB1A3DE6CAC03D26
:109C8000D55EE43DE77118BDBDA81D3ECDB1FC3DDC
:109C9000AA99353C611BD1BD05866C3DBCAD74BC39
:109CA00038113DBD9CF9F5BD779F233D9A5D773D09
:109CB000D5B1AA3DC47A633D3AEAA83D47C755BC31
:109CC0003F1E3ABDB5F97FBD6A4F693E062E1FBEE5
:109CD000EF3B06BD8E074BBEB4E306BD530408BE82
:109CE0001AC4473E29B030BE93C6883D97037DBD58
:109CF0007D5B30BC2C29173E302AA93C3B6FE3BC6E
:109D00005916CCBDE6227E3D4F3DF2BDD427793DAC
:109D10001D8E8EBDD42BE53C1CD0923D2F4D513E67
:109D20003623033B3509DEBC1805E1BD4B22FBB9E8
:109D3000FCFE0DBEAEF0AE3D2CF58C3D4B02543D0D
:109D40006BF214BD7138333D782614BE29230E3EC4
:109D5000ADC2E63D8B54B8BD9D7F2B3EAB9248BC57
:109D6000124ADFBCB0AADEBD083D9B3C3A920B3DD7
:109D70003B70CEBDD95D203CB8921D3DA4C6043BCE
:109D8000D55CAEBDFCE0FC3CA4FDCFBDBAA0BE3CA2
:109D9000268BDBBD859936BD0BF1483D8656373E97
:109DA0009291B33AA2B2613DE20135BECBA220BE90
:109DB000514A48BD7CF05A3D33522F3D7B85E5BD6D
:109DC00002663E3DABD0C03C04719EBCD5CB6FBD9E
:109DD000680330BDC74600BE3C32163D8159A13AEA
:109DE0000C90A8BDACE338BD02F5E6BCA56A7BBD0E
:109DF000045ABABB03D1133C16165CBC0761EEBC17
:109E0000E8DD18BD041DADBB37C4F83C53CED73DCB
:109E1000F47002BD38BB253E41B797BC4BB0D83D6E
:109E20008E3DFBBC029EB43A8EEA943D2331C13C88
:109E30008445C53CA834223D70251BBE2409E2BDE3
:109E40006A17B33D4A62093DBD5602BDF27C86BC2D
:109E500066FAC53DE42CECBCC0B1073ED97CBC3DE4
:109E6000E334043D49B97BBD8D24F1BE8C2F0ABE7D
:109E70001E88AC3DD26E143EE080963CE467033E03
:109E800016A5043C8D7F0FBEB2F4213C707B023BD3
:109E9000D7A310BE0BF118BE65A6F4BD49654ABD37
:109EA0003012BABD923F983D3C6961BCC9CA6FBDD2
:109EB000BED84BBE66D868BDE49EAEBBF5A0A0BDC3
:109EC000C6FA863C2A8D183C459E84BDCFBE723CA6
:109ED000AC02953DEB54393D3E23F13D857D9B3DE4
:109EE00077F86B3D195691BD55DBAD3DAAEE51BDDE
:109EF0006D3A823DA794D7BD7D03B3BD71E86D3D3A
:109F0000BDFC4E3D37FBA33D018685BDD96061BCDC
:109F100070438CBC56F2913DD7F9373D82C5E13B89
:109F2000DBA7C33D168658BEC30C2DBEA38F993D3B
:109F30003A96373D5E0F863D73F5033E736811BE5A
:109F4000F1A0D9BDA60D473DA2F144BDFFCE06BE8E
:109F5000A7E7BDBD3EB334BE6135963D0C237D3DC4
:109F60004912A43D236676BDC6501EBEABCB29BDAB
:109F70007C7EB8BDA9C039BED57869BCBC3F5E3D0A
:109F8000C45E283D15E427BD3B5152BDD53F88BB7B
:109F9000EE21813DD80CF03CE8A1963D24986A3D25
:109FA000EB0038BE71AAB53CC6C1E5BD9AEF603D75
:109FB000F1A0D9BCD460A2BE81D0FA3C853F033D5C
:109FC0000420EEBC37548CBD2BC182BDA377EA3D83
:109FD0008B8C0E3D8D976E3DEEECCB3D65FBB03D21
:109FE00048507CBB5DC5E2BC41F0F8BD28810DBD89
:109FF000215CC13D68D0103DD4D24CBEC66B3EBE84
:10A00000AB07ECBD0C04A1BDC80BE9BB6BB808BD28
:10A0100043C78EBC75E5133EAF96BB3C2C9F253DD8
:10A02000EA4141BD579452BDD09B8A3B7A70373D7F
:10A0300089D4D4BD76344EBDB37CDD3C5F0AEF3DA0
:10A04000992E043D09A8F0BC2EE7D2BDA5850B3E94
:10A050004EF0CDBC1DCAD03D3526843DACE20DBDD1
:10A060002F88883DE814E4BCB4918BBD9CBF19BE19
:10A07000D11E6F3D4FCAE43DF261F6BBDF8A84BD5D
:10A080001D584E3D37A5DCBD3C33413AABD0C03DF9
:10A090004128CFBDFB74BC3DB9E3CD3DF37559BE3E
:10A0A000F982063EB76069BD5D32EEBD9F94A9BDE1
:10A0B00027DE813D1498EE3DE3FD783DE6CF97BD68
:10A0C000A933F73C9605D3BD938A263E443555BE49
:10A0D000F60D4CBDE8F818BE4836D7BC30660B3DCF
:10A0E000E9EFA5BC55336BBDD4B536BDDCF116BE6A
:10A0F000D2C3303E884C79BB724F173E21C92C3CED
:10A10000BA9E283DE2007A3D3E08E1BDDDCDD3BDDB
:10A11000D7A41B3DF71ECE3D65C5F03C215900BDBF
:10A1200081B13E3C1807173C537A663D672919BD3B
:10A13000AFD1723DEACD283CB37B72BBC87AEA3C12
:10A140006284303D0118CF3A2E728F3D13D7B13C57
:10A1500079C9FFBB3B011DBE52EFA93DCEE11ABD3F
:10A160005C729CBD41D3923C145EC2BDC7681DBDEC
:10A1700015E211BB982FAF3CDB6EC2BDBB6391BD36
:10A180006ADDFEBEAC8B83BE6364C9BB184434BEBB
:10A19000352A903D12F63DBE567D6E3DC68759BCB0
:10A1A0000DFFE9BB2FDF7ABD4A07EBBC55845B3D51
:10A1B0005CE3333DF81997BCFC56EB3C2F4F873DD1
:10A1C0009DF6043E878B0C3E09DDC53D81CFCF3D1A
:10A1D000FA9A653D7A18BABD2B892C3D4DDC2ABE12
:10A1E000B22D833D6E8A473CE1D1863DC5CB133D00
:10A1F000A4526C3B6878D33DDC2D493D651DAE3DD6
:10A20000C5E2B7BC096BC3BD7D1F4EBDFA449EBC01
:10A210006F835ABC3068613D520A3A3C62F45C3D3F
:10A220009D11853DADA5003B417D8B3D44DD07BDC6
:10A230006553AEBACB49A8BC312512BC57EB14BE4E
:10A240001B2A06BE48A72EBCA35C9ABD16A32EBD32
:10A25000919800BED8F28A3D3CDEE4BC5C91983B0C
:10A2600037C739BDE6AC1FBE221902BE5BED013E09
:10A270008FAA663DC631123C5D18A93D8CF3B73CF0
:10A28000F9128ABDF300F63D280A743CA018D9BC27
:10A29000E92BB0BEE2EA00BDD6E2E3BE2E5313BB0B
:10A2A0008BDF94BC28EF13BED02B1EBC1EDE333DCB
:10A2B0007F12DF3DAB95E9BD6EBFFCBC7C2CFDBCC5
:10A2C000BB2A70BEFF5D1FBC925AA83C2AC80F3D36
:10A2D00088842FBD8A1D8D3DD07C0E3D4A287D3D52
:10A2E000C1C9763D87FA5D3DDAA84EBDCDACA53932
:10A2F0007CD6753DB85A673D026490BE386744BD50
:10A30000BE4E6A3C36AD943CE0498BBDEA5BE63C10
:10A31000F321A8BB30BC22BE4ACE893CCAE088BD2E
:10A32000E2EA80BD0055BCBD1366DA3DEED0703D5B
:10A330001B4CC3BAC8401EBDEF1C4ABA7E8FBABDC3
:10A340009AECDF3D57B1383D1894E9BD315C9DBCB6
:10A350006B11113D7E579CBEACE0373D2DD0EEBA5F
:10A36000446C90BD68EB603C6729B9BDE90D373D91
:10A37000EE98BABD47E7FCBB545277BE867533BE34
:10A38000DF8CBABD7BBDFBBCC00985BA62F9333D29
:10A390008638563CEE5AC23C02D880BC5B617A3D9E
:10A3A0000EF385BD13993939425E5FBE397E283D73
:10A3B0005DC0CB3B348689BECF134F3CA4C6043C62
:10A3C00004E8973D1822C73D4739D83D1A53D0BD00
:10A3D000E5B99EBEA16A343DDE9151BE71C8A6BDED
:10A3E000950E163D00C9F4BC7DEBA33D349D9D3C0C
:10A3F0007CB5233CC3B986BCFED6AE3D88BA4FBD02
:10A400000FB6983D42B115BE0439C83D9AB4E93D36
:10A410006E15143E880F2CBD2C63E3BD0FB6D83DDE
:10A42000395E813C4371073D8FA715BE9301603DA6
:10A4300053915ABEB85B92BC704477BBA41735BC2D
:10A44000745F1E3E3E213B3DF54853BE52B55DBB99
:10A45000AB24B23C9DD9AE3ACA330F3E399AA33CE5
:10A46000D00ED83D77F4BF3CCAC001BD22503D3D5F
:10A47000882E283D6474003EEB8DBABD67EEE1BDC9
:10A48000C137ADBDFD31ADBDC24B903D85EB21BEA9
:10A490006537333D7FDD91BE412C9BBD732CAF3DB5
:10A4A00089EA8D3D50DF923D7B67D4BDDAAD853DB5
:10A4B0003A7951BD4B7476BE98FB64BCFDFA213DE0
:10A4C000A06BDF3D8B6FA83C3BE2503D5AB721BEED
:10A4D0009AD0643D7CB8843D94F8BC3D69C3213D6D
:10A4E0009529063E9A27F7BDA4DF3E3EE160EF3C8A
:10A4F00052D4D9BD9D4C1C3D21569FBD40172DBE49
:10A50000FF94AABD166D0E3D6C0AE4BC1AF7863D99
:10A51000DD440DBED76AEF3D211F94BE001B903D68
:10A520005C77933DD40D64BE27BDAF3DD3F914BF16
:10A530009D2D08BF2173653DF3AB79BE459B633DFF
:10A540009F57BCBE7765D73D809C40BE2A91043D95
:10A550005E6698BDF5B9DA3C5F441B3DE737AC3D1C
:10A56000F7AF8CBD1687933DD602FB3CEFFFE33C73
:10A570006C5DEA3DE448E7BC0EA40B3C0E16CEBC75
:10A58000992D59BEB1F88DBDBB7CBBBEDFA900BD06
:10A59000FBB09E3DD0B91BBEF580F93C66F4333E5E
:10A5A00075592CBE7D5B103E020FCC3DF5F491BE7B
:10A5B000B1FDC43D938D07BE3D49FABE09C2B53D0C
:10A5C00081AF883D9DA1383D4206523E7D9627BE13
:10A5D00025EB003EB1F7D2BEC3642ABD1B49023E43
:10A5E000E19950BE1669623D5987DBBE7D92A3BEDC
:10A5F000D5967A3D23A18DBE3D28A83DE9D415BE50
:10A600006552E33DAF7D91BE4698823D9DBDB3BC92
:10A61000367423BE2EE697BEE1099D3DF547983C72
:10A620001366DABCCD1EC83DD0B6DA3D9A78273E17
:10A63000377037BE82E6F33C310C20BF27DCF3BE17
:10A6400090DBCFBD0664CFBE4D697D3C13D3053D85
:10A65000AAD75DBE09FA0BBD26C6B23D38BB65BEA2
:10A66000A7B3F33DE144743C2FBED8BECCEB083E0B
:10A6700056D400BEF06DAABE056E4D3E0552E23DB9
:10A68000588DC53DDECC583E00E183BEC009853CF7
:10A69000E1277EBE697487BD200A663D1284CBBD6A
:10A6A000D7F7E1BCACA8E9BE3A9316BE8FC3A03D74
:10A6B000240B90BEC32C343C51DADBBD4297303DB5
:10A6C000DBA6B8BEB48F553D67B5003D86E54F3C6F
:10A6D0006E8746BED3DE203D94DE973DFDA159BD79
:10A6E0005AB7913E49F25C3D0533063E5C395BBE8C
:10A6F00023F51EBD228DF2BE613483BE1805C1BD97
:10A700004E43C4BE4A27F23D30F2923DE81163BD8C
:10A71000DF16AC3C55A1813A357E01BEF850623D52
:10A720002DCE183DA4A50EBFEA3C6A3DF1BB69BE23
:10A73000E2CB44BE7959433E1F9EA5BCA9F8BF3D5C
:10A74000BAF3C4BCACC74DBE42252E3C7A1C16BE23
:10A7500053CB56BC869023BE0DC6883BF9F884BC0B
:10A7600052105CBE3201BF3BACE4833DE239CBBE4C
:10A7700093A902BD4208A8BD2716D83D3546C3BEE1
:10A7800027BE5A3D376D46BC09DDA53CF375993CA3
:10A79000553456BCE274523DAB23873D0075033EF1
:10A7A000253C213DA59E053D4BE452BED924BFBCAE
:10A7B000656E1E3E166ACDBC93382B3DB40499BD20
:10A7C0004A40CC3CE01240BD73BBB7BD8AE5B6BD84
:10A7D000F98597BDCB9C6E3D4C6BD33B4FB1EABC2A
:10A7E00009FC613CFFCBB53C4513683D11A7133D07
:10A7F000B091843D45B829BEB8E5E33DB70DA3BB94
:10A800009C88FE3CC37D64BDB15196BD8B325BBD5F
:10A810009E41C3BD1FF4AC3DC39FE1BCE3A85CBD3A
:10A820007899A1BDA2B4B7BD037A013E3C4F3C3D2F
:10A83000F300B63DF1489CBD910B4EBA8BE03FBD95
:10A84000274E6EBD00FE893D7C0CD6BC2502F53D31
:10A85000E292C3BDBD35F0BDF9F7193DBA32C8BDAE
:10A860004433AFBDB83CD6BBCC98823D1EDF5EBC46
:10A87000EED0B0BC6F1283B9B43C8FBCC4E924BE27
:10A88000F372D8BC075C57BD6D0076BDB5E29BBDC9
:10A8900045129D3D71E8ADBC8717A4BDF2B5C73D1B
:10A8A000A1F4853DB0E39F3D8A76553D3D0CAD3B1F
:10A8B000D3A3C9BD01FBE83BF2088E3D59E06B3DD7
:10A8C000D064FF3B47ABDA3C7EAA1ABEC3D456BD68
:10A8D000E3E1BD3C054DCBBDA92E603C96B24CBD1D
:10A8E000791F47BDA71FD43DA5DCFD3CA851C83C3E
:10A8F0007E8BCEBD9A5D77BC1D1EC2BB4F4013BD83
:10A90000B9C3863D562D693B1F2E093E9D2FF63B50
:10A910003A3E5ABD9DF73FBDFB78E8BD865752BD14
:10A920009DB89C3D49641F3DBD1B8BBDB3B29DBD11
:10A930003E41E23D8DEC4ABDB003673C41D73E3914
:10A940001BBBC4BDCA1AF5BC8787B0BC47ACA53DCC
:10A95000B22C983B314082BD26A861BD1F64D93C12
:10A9600014D0143EC651793D161406BD00E2AEBDAA
:10A97000B9A595BD884B8E3D76FC173D151DC9BC0C
:10A980004CA4343D7C7F13BE4CAA76BD3A749A3DEC
:10A99000037DA2BDD3BE393D6A4D73BDD0613E3C3F
:10A9A000122E043E302C9F3D747C343D43CACF3C74
:10A9B0004BCC33BDB516E6BC63B539BDA4C383BD6E
:10A9C00049649FBCB33FF03D575D873B2F4EFCBDB4
:10A9D0001D59D9BD921FF1BC999DC5BCDFC23A3D3E
:10A9E000D108B63C6DC89FBD655499BDC66A333D5C
:10A9F000541B5CBDD61F813DEACB123D66C1C4BC71
:10AA0000BE6724BD5358A9BAE560363DDC2F1F3C14
:10AA1000508EC2BDA27CA1BDF79246BC56F1063E47
:10AA20002BA6123D83A5BAB9404E98BB6EA216BEA6
:10AA3000CD22943C0E66B33D5B79C93CCA8D22BDE4
:10AA4000BCCBA5BD1807D7BDB9AA2CBD813D66BD3D
:10AA50000C40233C1DAFC0BD5B23823CD8B7333EC6
:10AA6000AB98AA3DC687B93D4FB255BC975217BCAB
:10AA7000D7163EBE9816F5BC98A347BD4B1FBABC6F
:10AA800010B3973D82AC67BD4641B0BD79B120BEE1
:10AA9000789A4CBB062E8FBCEF1F8B3D543B833DF9
:10AAA00055A21CBEFD4CFDBDBD51AB3CD59484BD33
:10AAB000363C3D3C927538BD14208ABC6F63B3BDF3
:10AAC000F9F503BDF31BA63D3013453DB69F3CBED3
:10AAD000820104BC1B62BC3BE76D6C3DF9BD4D3D82
:10AAE0009162803B0404333DCD92E0BD2C44073C91
:10AAF0009ACD033E4948243CD0EC3A3CB89112BE72
:10AB0000280C4ABC807EDFBDA81ADDBD4D86E3BCA3
:10AB10009755D8BBF7CC92BC6A32433EBC05923DF8
:10AB20002102CE3D08CBD8BBAA281E3DEF1EA0BDFA
:10AB300075E61E3E8908FFBC7C293CBD4ED1913D87
:10AB4000BB28FABCC32BA9BDB5A764BE0A8031BD22
:10AB50001E8A823CD880183E793CAD3DFC1C2FBE3D
:10AB600094BCBABD65FB503D5D33F9BDED7DEABDDA
:10AB70007F349CBCAD842EBD892525BEB0C52EBEBC
:10AB800081AFA83DBD3786BAD76924BD516944BDA0
:10AB9000C80A3E3D596EC93D96B1A13DE3A85C3C53
:10ABA000014D44BDA60BB13C344A17BDAD2F02BECA
:10ABB000B70DA3BA05FBAF3C01DBC13C6287F1BD19
:10ABC0000F289B3C3DD426BE321DDA3D45B809BD59
:10ABD00018EA30BD90123BBCAEEFE33D90F8153D56
:10ABE0003CA08CBD2D0910BDB401183D399C79BD28
:10ABF0007028943EF20B2FBCD8F4203CB6123ABE1B
:10AC000026E017BD323B0BBCE65DF53834BD44BBD6
:10AC10007E0228BD97FFB03DAC71B63C6F835A3DB4
:10AC200001C3723DC6F91B3B3C66C0BDC7D79EBC85
:10AC3000FB743CBE8C4BB5BD3887CBBDEAB4EE3D52
:10AC40002B6EDC3CC423713C12D927BEE8A522BD83
:10AC50004980BA3DAB408D3DA2EB823D9B8D95BABC
:10AC600046088F3C96EC58BC52D1D8BC0118CF3A5C
:10AC700087FCB33C1E8937BE492C09BE90DB8F3D53
:10AC8000D5590DBE6B46863D677FA03B8F5033BDC7
:10AC90005DA4103DD9B4D23D7783283DDE57E5BD94
:10ACA000232D95BDFA5FAE3C7E1D783DF17FA73D1B
:10ACB0004051593B821F55BA7F30B0BDCB2E18BDD5
:10ACC00031418DBCB9C6273D88122D3DAC8C06BDE7
:10ACD00012A1513D4720DEBD2079E7BBA94EE73DDB
:10ACE000D4B8B73CED11CABDE02F263D4F7994BDD5
:10ACF000B6B9D1BD2A1E97BC05A79E3DD75195BDBB
:10AD0000662FDBBC909E82BD8DED35BB410D5FBCD7
:10AD1000DA1DD23D514FDF3D228A49BC75E8F4BBB4
:10AD200050FECEBD52F0543DC3D3ABBCA6608D3DAA
:10AD3000ED629ABDF30412BE5BEECCBB96B4A2BD2D
:10AD40006BD4133E3F6E3FBC804A15BBCFF3173E1A
:10AD500032E6AE3CF6F0853D7FF8F9BD8E584BBD2E
:10AD600077DABABD789ACC3B656D133DCA1B203D9E
:10AD7000952B9C3DD1CF94BD66A3F3BCA087DABBD5
:10AD8000137EA9BC43739D3D1DAED53CE38D8C3D28
:10AD9000479105BE82C5E1BB0003413DF0888A3C76
:10ADA0004A4262BDCA8B0CBD98BED7BD425A63BD34
:10ADB000EE27833D459E643DB07012BEA4A99EBDA2
:10ADC000575C9CBCC974683D6AF72B39CB9E443DE7
:10ADD0008F1A533D595143BDEF8F77BD249D01BE5E
:10ADE0000C9414BDBB2A103D6094203C27F585BD12
:10ADF00035D4A8BD33DED63C63EF05BD22E1DB3D93
:10AE0000CA4F2A3DBB7E41BC21900B3E0A68223DC1
:10AE1000B43C4F3D5B9499BD950E56BC43C6C3BD33
:10AE2000666927BDC685833DACA8813D0663043DA8
:10AE30004FACD33C1E87C1BCD2C887BDA968AC3D0E
:10AE40004661973C3C6CA2BC77DB853D7FD9DDBD7C
:10AE5000FF2353BC4E45AA3C3FA7203DA33CF3BC77
:10AE6000A2D11DBD4F0647BD3EE7EEBCDA3BA33D78
:10AE70009AEC9FBC48A924BEE09F82BE2DCDADBCFC
:10AE80001157AE3DE4D9A53D96EC58BC1FF2263EC5
:10AE90006ABD0FBE2DED54BCC6F93BBE42403EBD5F
:10AEA0009D857DBD1B7F323ECB8354BE917B2ABEE8
:10AEB000F4C55E3C266FA0BD03D0283D8865B33D38
:10AEC000E03051BCC39A8A3E85981B3E2AABA93D0F
:10AED000D49BF1BD5E2FADBD083B453DEB8EC53B20
:10AEE00022C1D43D4E61253D666C283DFB3C86BDAC
:10AEF000849D823D4A4428BE185A1D3B9301E03D83
:10AF0000081E5FBCEE05663D69FE58BE0ED78ABDC1
:10AF1000ABCD3FBD2AA8A8BB6A1638BE938E923D22
:10AF2000408448BE6091FFBD1EFB79BE9144AF3D99
:10AF30005891D1BCBB80573D76889FBD723708BD04
:10AF4000A8E49C3B8BA6B33C849C073E787DE6BB83
:10AF5000730F093D5FB271BB605608BEC9047C3DEA
:10AF6000757286BB786371BE54C835BE4C8C853D06
:10AF7000B877ADBDA181483ED8D7BABBBBB461BCE0
:10AF800048FA74BD5B26333E6EC1D2BC79905EBE7A
:10AF90001B48D7BDEE5C583D359971BC6BF2843EC1
:10AFA0001407D0BCCD1DBDBD459CEEBD46088F3CF1
:10AFB000465FC1BC01A5813DD0462E3CD9250ABEC5
:10AFC00090BD9EBD0ADA643B8E02043DFD69A33C40
:10AFD0009FC7C8BD319A15BED157103CAE0D15BDE7
:10AFE000D3BE09BEC269E1BD6AF7ABBB3B738F3C00
:10AFF000E334043DD90799BD333589BCD1048A3B7C
:10B00000EAAF173DF3E4DA3D22FEA1BD6AA4853D17
:10B01000880F6CBBF086743DA69CAFBC77D8C43C4F
:10B020005709B6BD5F9937BD26A9CC3DA46F12BEA6
:10B03000C494883D8D42923C2D439C3CBB5F853C33
:10B04000130F283D2E56B43D04025DBE64E7CDBD0E
:10B050006ABFB5BC882D7DBD9B75463EDC11AEBD7B
:10B0600057EAD9BC68916DBDF5DBD73C89788B3D3B
:10B07000D238143DCDE5C63DC24BF0BC1C7A8B3CAA
:10B08000454A333DE128793DBE6B503C68CD0FBC4D
:10B09000E3C3ECBD53E967BD9AB2D3BC6A6BA4BDF0
:10B0A0009A6078BD75AC52BDFAEFC1BDF94ECCBB0C
:10B0B000A375D4BDFC6F053E518800BD145AD6BCA3
:10B0C0005A9F223E7EE5C1BCA19FA93DA2D3733DFC
:10B0D0002CD5853C9E2633BD34A189BDF4A74DBD3A
:10B0E000ECDE8ABCB4731ABC1821BCBC24F0C73D8A
:10B0F00044C3623D245E5EBDC493DD3D8F50933DED
:10B100002123A03D9DDA29BEDE56FABCC1C8CBBDC5
:10B11000E3C5E23D5E67633EC0B252BC6C96CB3B7A
:10B12000C619033D7A55A7BDF60DAC3D978B083E79
:10B13000CDCA763CC6DD20BD4AF0063C6B9F0E3C76
:10B140005CC98E3CACFD9DBCBC96103CB5C1093CB5
:10B15000BC04A7BBFA6114BE104155BB5401B7BD76
:10B1600096EA02BD5A9C91BD4A45E3BCB5C2B4BD46
:10B170001CEDB83DB9524F3D7C5F1C3DCE1BE73DF9
:10B180007424173C170E04BBE78AD23CAA9E4C3CA1
:10B190001F4CCA3D01F9923C7E57E4BD48FA04BEFB
:10B1A00025EC9B3D956372BD0421F93D4B59863DCD
:10B1B00079AEEFBCD5E8D53D9548023E295BC43D4C
:10B1C000A5F78DBD6AA1A4BDF722DABB0EF4103D30
:10B1D000F7760B3E2C9A0EBD2AA73D3D68AE533C38
:10B1E000BF10B2BD52D68FBD7DE98D3DC215503D19
:10B1F00093FD73BCE02EFB3C8F50B3BD21C841BD15
:10B20000E2E9553D4C5219BD42E98BBDE963BE3DB3
:10B21000051640BEA06C0ABD865A13BDF96786BCF0
:10B22000645835BEC57637BDADA7B6BDCD5C603CB4
:10B230003A21743DD717E93D8E5C973D98A3C7BD71
:10B24000F702F33DA22745BEC5CBF3BDDAE5DBBC73
:10B250005741AC3D109681BEB4225ABE01BE5B3B45
:10B26000BEFA58BE71C9313EC4CDA93DF9F6CE3DF6
:10B270007B4F553E46408D3E89EF243E76371FBEBC
:10B280009D8111BEE1B24ABD98150ABB30475F3EB1
:10B2900057B1F8BD1475E6BD6A1387BD1BD9953D3E
:10B2A00027A5E0BD3E424DBD732D1A3D8AAB4ABD78
:10B2B000677FA03BA839B9BD0CCB1F3C01A280BD64
:10B2C0005B617A3D32E32DBE08AAC6BCC9ADC9BCDC
:10B2D000F52EDE3C107755BEE6CF37BCAFED6D3DA9
:10B2E000793B423D131033BE21E43CBC2C7D68BD4C
:10B2F0003885B53D1494C23DD8D514BE64EA2E3DC0
:10B300006552C33C4436F0BDF14B9D3D4625953D0D
:10B310004D6AE8BD1901153D386AC53D68250DBE69
:10B320008596253E3A02383D624CBABDD671FC3C4A
:10B330006A14D23D34DB053E9982F5BDC87EF6BD68
:10B340006309EB3CA3CE5CBC4A98393E5CCC0FBD94
:10B350002637EABD15E37CBC0FD07D3D4C8C253DE6
:10B36000DE39043ED25324BDF10E30BEEBC9FCBC25
:10B3700017EF473C2E55293D02A08A3C0AA3D9BDB0
:10B38000C32D2FBE3A1F1E3C9CA8A5BCEA5B663DA0
:10B39000757828BEE2CC8FBDDBF728BC9A2416BB9B
:10B3A000661225BED2A9CB3D4F956FBC3CA2A23DF3
:10B3B000FDA3AF3DB891D2BD9693D03D17829CBC02
:10B3C000DE21C53B62303F3D1711453C215B96BCF9
:10B3D00065C5F0BC1FD8713C876B35BD1DE7D63DF8
:10B3E0007F33713DAA2C8ABC7F87A2BA19758D3D27
:10B3F000E412873D8B538DBDDECC88BD867523BDA1
:10B40000B2BBC0BC55F7483E0EBBEFBB97E4E0BDF6
:10B410004967203DDEC7513D4E2B853DD3FA9B3D0C
:10B4200070D2D4BD9F56D1BC0B0DC43C6B4A32BC0C
:10B43000207D933B7FF8793D9BFE2CBDDCBC91BD0C
:10B44000C0CCF7BCDAAEB0BD8ECB383C0039C1BD44
:10B45000F5D6C0BC73F2A2BC30BAFC3D38BE76BD96
:10B460009F0521BD9B1BD3BC6536C8BBF3AEFA3C20
:10B4700080F3C2BDC6DCB53D2A8B12BE0BF0DDBB2E
:10B48000AFEAAC3DEFE2FDBC79CCC0BD2FDCB93AF0
:10B49000C495B3BC7DECAEBDD8F4E03D4A60F33D4D
:10B4A00079245EBDBFF0EABD4CFF023EEDD672BD11
:10B4B00015C696BC603D8EBDD5E855B82EC5D53DA8
:10B4C0001955763E4F3F283CBE693ABD3F1CA4BD8E
:10B4D00082E1DC3CCC7BBC3D297BEB3D76FFD8BDDB
:10B4E000471E883BBB29653D1958473DB75E533C15
:10B4F000390BFB3C022BA7BDF436D6BDAA100F3D7D
:10B50000707801BEF9F4D83B906AD8BCADA796BD5F
:10B5100033C431BCDC9DB53CFFAFFABD87C0113AE6
:10B5200087FD1EBD0723963D5A104A3D5ED614BEC8
:10B53000367689BBAAB69B3BE5B7A8BDC173CF3DA4
:10B5400038F581BCCD789BBDA31D07BE1EA7683C06
:10B55000AA6696BD1783873CDBA54D3D6AC0A03C1B
:10B56000BE88B6BDAD35243E0FB8AEBA27F650BD85
:10B570004BAE12BEE487CA3CF60D8C3DB4390E3E8C
:10B5800000C71EBD7CD394BD0C5B33BCA2D5C9BC27
:10B59000FBB05EBB5588873D4E43D43CE1B636BB1D
:10B5A0000DA5F63BB0C6593D7825093DB2A0703DCA
:10B5B0007BF571BC4B9001BE8368AD3D003816BE73
:10B5C0007AE2B9BC9F1D303DC614ACBC5C1EEB3C9E
:10B5D00023A0A23DA72576BE921F31BD78D3CDBD55
:10B5E000293C683D7176CB3D2EE5FCBDC87DAB3D69
:10B5F0008E21C0BD4DA309BE5111273C1D916FBCCA
:10B6000089CF0DBEB8AFE3BDCD748F3D64CC3DBED8
:10B610000B97DD3EB742D83C3A93963DB8AE18BC86
:10B620009D9C513E6935A4BC350C9F3C957E32BE35
:10B63000546EC2BDECA569BD76DD5B3E02D4D4BBC1
:10B640001FF5B7BD08228BBD3A7AFC3BC634533D8B
:10B65000ECF91ABDD7FB8DBBEC1847BECC2AEC3CED
:10B66000187D053D740947BDC3F2673C65FFBC3CCE
:10B67000C50059BE83F9ABBCD55CEEBC882F033E38
:10B68000263ACBBD4E4324BEDF8BAF3CEC8A993CBF
:10B6900072DCC9BD6901BA3D4E47A0BD3C6B073E97
:10B6A0005DFC2D3D7767EDBDB936943DDA72AE3C59
:10B6B000808035BE7078C13DE90AF63D205E57BCFA
:10B6C00036785F3D72FA9A3D8E1E7FBDBD8E083E74
:10B6D000EF59473EE25807BE3F394ABD7BBF113D97
:10B6E00066C1843DCF1525BD2B3355BED2E377BC53
:10B6F0000A48DBBDE3E1DD3D4390833BB1DE68BD3D
:10B7000002B8D93C8925653C193DB73BF644473E14
:10B71000A88E8DBE5FEBB2BD24EF5C3D444EDF3C96
:10B7200047FFABBD8A7780BC55158ABEB29FC5BBAB
:10B73000EE9664BDADDFCCBDCD1E683D62BE3C3A29
:10B74000CE19F1BD3FE6033E392B623DDD7AEDBDFA
:10B7500023108F3D404D0DBE16C17F3C69FC023E5B
:10B7600090C12ABE4A2792BC4FAF143DFE80C7BD90
:10B77000618AF23D3AE63C3D91EDBCBD5E2F8D3DC8
:10B78000207927BDB6BF73BD9F3A063E5839343B7A
:10B79000B58BE93C833112BE2A73933D7EFC653D37
:10B7A00087C4DD3D062C19BEE20466BD20B5E9BDA7
:10B7B0008DEFEB3D1FA2913DC3F1BCBD82C64CBDD8
:10B7C000957CEC3CD673923DAF96DB3D2CA090BEB1
:10B7D000145FADBDFE0AF93D95B9393D9BFFB7BD7C
:10B7E0005BEE4C3CCEFA44BEF12980BC93C9693D66
:10B7F000ED4554BE0E673E3D48C1133EC2A33DBE5B
:10B800005307F93C1ADC363E55A161BEEE5FD93DC7
:10B81000C25122BE288022BD27DA253E723487BD60
:10B82000F2B0B03DD13FA13DD80B85BC6FB8AF3D64
:10B8300090C18A3CCB0F2CBE3541543D079A8FBD39
:10B84000728848BE72FC50BD4241A9BD226FB93B0F
:10B85000E00E8CBE14EBD43D08733BBC6902853D01
:10B860005D352FBE34104B3DBABB1EBE0CACE3BBE6
:10B87000A6BA40BD570605BEA46E873DEE78133DBF
:10B88000417D4B3E3332C83DB1DC52BDD1AFAD3C02
:10B890004887E73D9180F13D2F6E33BEE949993DE0
:10B8A000FC537ABE3789E1BDFC195E3CD13E36BE01
:10B8B000DE76C13D9BE5B23CF98537BE7FFBBA3CE5
:10B8C0003960973D5FCF87BEBE68EF3D253E47BEDE
:10B8D000A7CC4DBDAD15AD3DAC378ABD3CBE0D3ED0
:10B8E000302C2F3E3A5B40BD7FBCF73D22E286BD47
:10B8F000BA81E2BD4F58E2BC58E32CBDB9383ABE1C
:10B900006EDA8C3C7E1D78BD8E9001BBB08E93BEEE
:10B9100054E1CF3DE27753BD8E3E263D424119BEF4
:10B9200039F0EABCD87D27BE882DDDBDB18821BEA7
:10B93000F243C5BD7043EC3D2C827FBCF86D583E90
:10B94000213CBA3D0249583CA0FEF3BD2C29973D4D
:10B95000C70EAA3C295B74BE029E143E650068BEF9
:10B96000FDC005BECF6B6CBDC87804BEDD4001BC18
:10B9700065FB103C68972FBEF7CA3C3C30D7123E9F
:10B98000450D9EBED597653DF7030EBEE1468A3D47
:10B99000B01D4C3EF48A27BDDD7C833D3483F83CEA
:10B9A0005EF510BE6B450B3ED0B7A5BD9412A2BD8F
:10B9B0007B831FBE574021BDCB9D19BEB7D55C3ED2
:10B9C000EA7A62BD0EC0C6BDC213DABE2E760B3E49
:10B9D0001AFDE8BDA86F093E8A018ABEB91718BDD5
:10B9E00050A9D2BD55DCB83C4BB038BED40C69BDB3
:10B9F000BDC36D3C999E30BB3AB2223E7FC2B93D79
:10BA0000147BE8BC8DEE70BE501D2B3B081FAA3D79
:10BA100099D80CBEB51A023E14928CBE0EDD0CBE37
:10BA20008AE817BD04FF1BBDD53F083B5D8A2B3D4F
:10BA30009C8C2ABD8881AEBC24977FBAEF55EB3D24
:10BA40005DC03BBED88389BD908568BD3F1B393E34
:10BA5000B1893CBE5471E33D5A2C45BDFF76D93CBB
:10BA600064060ABEC138D83DE5F1343D4CDFEB3CFD
:10BA7000849D623D8E94ADBC761A893DD95D803D32
:10BA8000C3B6E5BD90BD0E3ED5E9C03D63D4753D5E
:10BA9000F11151BEE6AEE53D60CB1B3E8E74A63D76
:10BAA000C938463DC6508E3D402F1C3D713AC93DB8
:10BAB000A7EB19BEF4C21DBD11A6E8BD2E5363BE8F
:10BAC0007E70BE3CF08AE0BDB5FC403C7235323D34
:10BAD0003750C0BDAD18AE3BEE78133C8EC9E2BB0B
:10BAE00054E325BD86ADD93BB2D7FB3DD6719CBD95
:10BAF000919D37BCCE6EADBDF224293D4068BDBCE2
:10BB000090C18A3C2498AABD9E618A3D1D220EBE2A
:10BB1000F393EABCB5C1893C0F2BDC3D6971063D4E
:10BB20009CC54B3DAF77FFBC0589ED3B87A280BD2F
:10BB30007EC4CFBDBC5AEEBBA0362A3C074573B9C4
:10BB4000AED3083D153B5A3D3B8BDE3C6B0CFABD3A
:10BB500040C2703DBDFD99BDBE4BA93C5C00BABD65
:10BB6000D927A0BD1F127E3D77499C3C9E79B9BD67
:10BB700076E01CBCD8499DBD0820B5BD46B332BD9A
:10BB80009A42673CEE0611BE28D57EBD0A690D3C7F
:10BB90002D94CCBDC842743DD7A15ABD1D3E693B12
:10BBA00084BD89BDAE0FCB3D971B8C3C2DCEB83DDF
:10BBB000D82BACBDCF69963D596E093EA016433DCA
:10BBC000C85ECFBDF8DD943DDCF176BEA585CBBB6C
:10BBD000F390A93C478EF43CDE3EAB3B6BF1A93CB5
:10BBE0007C28D13BC9E5BF3CEC67913D3B738FBDE1
:10BBF000467B9CBDEE3DBCBD959C13BDAABB323DB2
:10BC0000AAD42CBDB16B9B3D0917F2BBB3CE783DD6
:10BC1000768A55BD376E31BDBA4C1DBE414640BD1A
:10BC2000A71FD4BCED64303D37E2493D3E3E613D47
:10BC30004D6707BEE2C8A3BDA3E8813C1366DA3CAA
:10BC400001C0D1BD929173BD672C5A3DFA9C4BBE89
:10BC50002D78913D4B033FBDFE60A0BD95BBCFBD90
:10BC6000A8AA50BD82729BBDB933B33D76C58C3C4A
:10BC7000810A473DCBA1C53D3677943DD104EABD4D
:10BC8000B588C83DA5822ABE412B903D20B70F3E06
:10BC9000E25B583D5F958B3CCEC6EA3D13EE953C8A
:10BCA00084F1D3BA6FA0803D38DC87BDCB9C0EBE3B
:10BCB000F03108BEA9149BBDC72B103DBD3A4739D2
:10BCC0007F6DFD3BE82F74BBA774B0BB9C5048BD93
:10BCD000E3E3B3BDA0C69DBDEC2F7BBDE5D0A2BC08
:10BCE000CF82D03C96AF4B3CBD38113E7D0303BEA6
:10BCF000357AB5BC274CB83D5C5A8D3DE833E03D04
:10BD0000541CE7BDD05EDD3D41BAD8BD581C3E3E57
:10BD1000B7D180BC589151BD5C57ACBD3064F5BC07
:10BD2000381092BD87A4D63DF77736BC62D821BDC6
:10BD30002579AE3C7CED993DA54A14BE3B35073EC6
:10BD4000C6A3D4BC05DB88BD8DD5463E48FAD43D9C
:10BD5000E19A3BBD0BED9CBDC45CD2BC0F42403DA3
:10BD60001E88CCBDBDAB0EBE65FE81BEEBC9DCBD81
:10BD700078EF88BDE2AB5D3DF986423CE3507F3D04
:10BD80007B4F653B8979163E89B267BE44F76C3DAF
:10BD90008D0B473D98DE7E3BA5A1A6BD833423BD18
:10BDA0001217003C0C3B0CBE12C04DBE3065E03A91
:10BDB0001EFB593D7D3D9F3D70B3D8BD0D711CBE2E
:10BDC0002499953DE21DA0BDCDE9323B3F1D0FBE3C
:10BDD000AA6696BD172C553DD5CF1B3ED045C3BC9A
:10BDE0009E5D7EBDCD3A13BED9211E3E5C031B3D38
:10BDF000C4ED50BB354540BD00CADF3D3205ABBD8B
:10BE00000B09983D2B30A4BD2B69453CC268F6BD9B
:10BE100095645D3DE9EDCF3C7CD6B53D3E9769BD6F
:10BE200095EE1EBE698F97BC76C28BBD00706CBD4F
:10BE3000D89A8DBD5471E3BB84D9443D1AA6F6BD92
:10BE4000EBE40C3E4A97FE3CFFCEF6BB98150ABDCC
:10BE5000C3637F3D6BB70D3E8A00373EFCE39DBD5B
:10BE6000136444BE2B51A6BE079899BD1826933D76
:10BE700075922DBD09DFFBBD65C31ABDB88FDCBB54
:10BE8000047304BE6DFEBF3D596C13BD2992EFBD16
:10BE9000501D2BBB7E18A13C848127BDD17862BD8B
:10BEA000B6692CBD59138B3D36B1803D35EEED3D65
:10BEB000207D93BB8FFC413C20EF553D60E8113D58
:10BEC00040BD99BC3960973D0CC9C93CF9BACC3D1D
:10BED00020D0F9BD7CF230BA98A59D3C6E6B1BBE9C
:10BEE000809DFBBD292419BEA1D71F3BD9CE773C2D
:10BEF000E99A493D1749BB3D43E6CABDC1C6353D38
:10BF0000035DDBBD9FAC183D5DDDF1BDAA63953BD4
:10BF10001496F8BC23A2183BB647EF3C1CF009BEB0
:10BF2000ED2D25BD541E1DBDB4E81D3C3F1DCF3D6C
:10BF300055BE67BE8CF397BDBEDBDC3D774BD2BDF3
:10BF40005E4D5E3D8E5A61BD73BB57BD470027BE37
:10BF5000BF27163DD53F883BF1F1A93D8FA725BEF0
:10BF6000122EE4BDA376BF3B1B67B33D9A4267BC6C
:10BF70001635583DF67FEEBDF914E03D8598CB3D72
:10BF8000B9E1773D0950D33CAF0AF43D8866BEBDA8
:10BF9000DFF8FABD41F5EF3D97AD95BDC6A4FFBDF5
:10BFA0007F1706BE2E3803BCDC2A483D0FF0A43CA8
:10BFB0000090133EB13470BC882FD33DC71000BE33
:10BFC00085B694BE3D9824BE4DBD4EBE22E3B1BDA4
:10BFD00030630ABD3CA1573D5797533E49F48A3E12
:10BFE0002FDD243D7B66C93C4FC9293E909F0DBC87
:10BFF0000C9133BE7BF8D23DE2390BBEA8C8A1BC80
:10C0000008C78CBDA6D029BE5C5942BE37AAB33D35
:10C010005359F4BD6B49E73DCD3C99BD61E0B93D55
:10C020006C0A24BD92EA7B3D2C49FEBD05FC0A3E0C
:10C03000F73E95BDB39517BC1E51413E6799053E2D
:10C04000A7AEFC3D79AD443D984F563D0A4AD1BB61
:10C0500064CBB23DAF5F20BE99B8D5BD14CC08BE4D
:10C06000CB49C8BDBF65EE3D7DAD8B3D7FBF983DE3
:10C070009947FE3C9A5B213DB26343BECB9E84BC94
:10C08000D2E54DBD6B80D2BC4A61BEBDAEA0293D9C
:10C09000AB05F6BB4225A63E840E2A3E9949543D87
:10C0A000DEAF823CAC37EA3D7E6E883D8C9E4BBE57
:10C0B000B404D93DC66C19BE39294C3C68AFBEBC2E
:10C0C00066BE03BE2541D8BDCB2D6DBDF04CE8BC8E
:10C0D0007826643E6E322A3B32383ABE34BBEE3CA0
:10C0E0001496D8BD2F8808BDE95F123DCD22B4BD9E
:10C0F0004C546F3D4DD89E3E7B145E3E2789A53C37
:10C1000024D2363DCDE6F13CFE29353E17F0323ED5
:10C11000F3561DBE0A84BDBD016894BDE546B1BDA0
:10C12000E02F86BDD123E6BD317AAEBD2FA6093EF4
:10C130006C960B3E02D755BE3B704E3DD5CAE43DD2
:10C14000F5DA6C3DA88E45BEDC9B9FBD2E9296BD58
:10C1500067629ABD9DDAB1BEEEB029BE66142B3E71
:10C16000B9C1D0BC8A1CA2BD5D1869BDB709B7BDF5
:10C1700032ABF73C54393D3ED5B09FBD083A0ABEBC
:10C1800074622FBE93E5243E6C0648BE158D353E85
:10C1900076FB8C3D30116F3E5166E3BDE527D53B04
:10C1A0009D9C613D134558BECEDF34BE73BB57BD69
:10C1B00054571EBE7C29BC3D1F83B5BD73BB173CC5
:10C1C000F4A8B0BE87A4563DF4F918BECC9B13BEAC
:10C1D000880D563DD41015BE569B9FBD46EDFEBD45
:10C1E00043E7B53D6E357BBE5471233D6FBA053EC6
:10C1F00012141FBEB471E43DC2FBAA3CB1FC39BEAF
:10C20000F701C8BCF931363E8B4E96BBB45B0BBE12
:10C210000EDC013D8351093EA1680E3E91F2533D73
:10C220002D5E6CBDCFF3A73C1EA5F23DD63730BEC8
:10C230009D7F3B3E583CB5BD1D3A3DBD94F51B3C32
:10C240009DD8433D226E8E3D24805B3D751E95BD7D
:10C250003997E23BFF9595BD878CA73DE42DD73DEF
:10C260004B04AABC0BD151BEEA5E273D3F900C3E69
:10C270002BF7123E2B4F203D7A56523DE3C281BE32
:10C2800071E56CBC0D1824BDA81912BE36C884BD5A
:10C29000B4916BBC1EFA6EBD718E9A3D567DAEBDDB
:10C2A0008CF482BDF5134EBD936ECBBCCEC705BEDC
:10C2B00044A62CBEC8EBA1BD3E0382BECF1525BD52
:10C2C0005AF3C33DAE61063D07F0163DF4A9E33CC9
:10C2D000C749E13D4A28DD3DAF07933B2A3BFDBC02
:10C2E000ABEC3BBC6CECD23D60E811BEC1A7B93DE4
:10C2F00076A40ABE833122BE444C89BC37E0933D0C
:10C3000057E8433E63D25F3C3F54BA3D20F040BE05
:10C3100068252DBE38C00C3D1FF5473E3179433DA1
:10C320005BB044BE5B5D4EBE4F5A783EABD11B3E08
:10C330001E54A23DDF703F3E4EB897BD9C884EBE56
:10C34000242BBF3C6C0412BE9C6D6EBD97C697BE7D
:10C3500036B100BE0ED8153D5EBBB43D166EF9BCBD
:10C36000CC9AD83C9B73F0BD9BE497BE4C35D3BEB2
:10C370009D0EA4BD82C852BE1346D3BD78D32D3DB9
:10C38000E1B6B63D5DDEBC3D2B353B3E89EE093E58
:10C390005000C53D86700C3D7A543C3DBD73A0BE37
:10C3A0005B40883DA2622CBEB7992A3E45BB7ABE4F
:10C3B00076E32DBE8830DEBDDBFA693CBC780F3EEB
:10C3C000E7FCD4BDEA92D13DC092AB3B7C2BB2BD21
:10C3D000789A4CBB062AE33D0AA3D93DBDAC49BEC1
:10C3E000A83680BE6781563E79B23B3EF94B1B3E74
:10C3F0000932223EA52C53BEF9F7B9BD950E063E73
:10C40000DCF221BE394587BDA1F5C0BEBDA762BE25
:10C41000D3F5A43D38F581BCA565A4BBCA89363DDA
:10C420005A62A5BDDCB895BEBAF710BE8ACC6CBE08
:10C43000396338BE21E6D2BD11C68F3DE814643D94
:10C4400056F0FB3D05BF4DBDB6DAE33DC8402E3E7C
:10C45000B1F9B83B29CF3CBD6A84BEBEC0AEC63D73
:10C46000BE831FBE35D3DD3D3CC19EBDF19C8DBE5C
:10C470002E1E1E3D61FB493B4D85183EED6430BDCF
:10C480006B0E90BD3F37043E7440B2BD9AEE15BEB0
:10C490001955563E53CA1B3ED5AF24BE3EED70BD66
:10C4A000FA28533E3B56293EB11A4B3EBEA3A63D49
:10C4B00051C131BE9279643D3D0C2D3DEF588CBE8B
:10C4C000FE0E05BD47C92BBE6EF8DDBD3107013D2F
:10C4D0007E5714BEF8E336BDA75A8B3D7E74EA3B07
:10C4E000D6746DBE87523BBDFFCAEA3DF20929BE34
:10C4F000178284BE3EEAAF3D67EF8CBE85438FBD99
:10C50000B1A4B4BE3D1019BDB058533EB150AB3DBF
:10C5100056EF70BEF2966BBD8D80CABDBF0C86BD56
:10C5200099295D3EDC67953C5E9D03BE009093BDFE
:10C53000498185BC3A94E1BD1AF8613E819503BDFD
:10C54000994934BE3FAA21BE6F9B693DE658BEBDE6
:10C55000E17BBFBDB6BAFCBD261A043E2590123D54
:10C56000A4AA493D5839B4BA70400B3D40C01A3DA9
:10C5700077105B3ED236FEBD943219BECF4AFABD6B
:10C58000DB4C453D55C07DBD6F2C88BD2EE51C3E66
:10C59000F31E37BE1DAED5BBD5CDC5BD32929D3D78
:10C5A0001975AD3C4FEBF63D209B64BDACFDFDBD68
:10C5B000B760A9BDA643273C9D4B313D861B703D0E
:10C5C00051163E3C8F17D23DA390043E47022DBE2C
:10C5D000D3152CBD3BC7803BA6D61BBE9CA2833D7A
:10C5E0006D1B163E54E5BBBD7B12B83D338BF03D51
:10C5F0006EFBBE3D45129D3D92AEB9BD355E4ABE55
:10C6000088BCA5BDB491CB3DEEB4B53CC65139BC98
:10C610003CA2023DC619433BDF31DC3D9929ED3D8B
:10C620006459B0BC97AD353D70EF5ABD079879BCE1
:10C630002E7415BE5B4369BD3293E8BDAF5C0FBE7F
:10C64000D28D303C5EA014BEEC34123D695440BE25
:10C65000931A5A38CC4150BD8255753D020D36BEF5
:10C660002CB98ABDA2B407BEEA3C6A3D310C583DE4
:10C67000A9A3233D5435813D71762B3EFB02BA3D83
:10C6800001A5C13D5CCAB93D57ECAFBDADDC0BBEE9
:10C690004149013C11C481BE0A86133EB16B3BBDCA
:10C6A00042436FBE1893FEBC2507CC3D0F28FB3DCF
:10C6B00054E5FBBC13B9603BD23553BDB95425BE1C
:10C6C0009CA8A53CC39E663EA8C5803D7C4878BD1D
:10C6D000FA7F55BD29EC8A3E9CA33E3ED8D2033E4C
:10C6E0004A5D323E259654BD403162BE4AEE30BDB1
:10C6F0009B1D293C9DF13DBD527C1CBEEAB042BC55
:10C70000707D983D1AA3D53DD2E3B7BD89238F3DF7
:10C710003A7951BE09FD2CBE1C28D8BE20968DBD8D
:10C72000D0D3A0BD8D44283DB83B6B3D91D3973D00
:10C73000E623293D2CD7DB3C61C6D43D3CD8023EE4
:10C740001825E83CD09D00BEE509C4BEBB2BBBBA92
:10C75000ECA3ABBE5A84223D7A6CCBB9B8CA03BEF7
:10C76000F20999BD1CD228396DC93A3E860296BDA0
:10C770008672A23D365A0E3DCD1E88BD6EFA73BD3F
:10C78000101FF83DCDAEBB3D77853EBEBC59C3BD45
:10C79000B3B3583E988A1D3E03B10C3E66861D3EDB
:10C7A000FED2A23BB0925FBE5C216C3D47590FBEEA
:10C7B0000C0712BE5D32CEBD39445C3C8CBC2C3CB7
:10C7C00030625FBD423F933D547163BC874FBABD39
:10C7D000A58711BE07D182BE40FA86BDDA5603BED8
:10C7E0009ECFA0BD21CB02BC846782BDE3AA023EDE
:10C7F000806610BE68B0293DAB790E3E26525A3D88
:10C80000BA102BBDA791F6BDFDF675BDE9F276BE57
:10C81000BF99D83D8C82E0BC72FABABD60014C3D34
:10C8200038870BBED82A013E48E2E5BCAE9E133CD9
:10C83000C80BE9BA74CEA7BE153A7FBE3D480F3E7D
:10C8400023650B3BEBAB6BBD1684D2BDEB39893D49
:10C85000B537983DE0D65D3E73D5BC3D0D3996BDEC
:10C8600033197EBE7653CA3D2B8821BE4625F53C42
:10C870002E1D03BE79B0C5BD787CDBBD4C1712BE42
:10C88000DFC0C43D9ED06BBDD5268EBD1558A0BD62
:10C8900043733DBEF9F458BD01C19C3CC0AF01BE1D
:10C8A000ACE6993D975217BDF1668D3C59DD7ABED5
:10C8B000DE75363E3D64EA3D8104053DEE0857BE17
:10C8C0005D358F3D86583D3D8A3B5EBD4580133EBC
:10C8D000A6B8AA3D211E893CA3582E3DBDC5833D67
:10C8E000D8F3B53CBBD4C83D2E000DBC062C79BD99
:10C8F0009F5B883D3ECC5EBDD636C5BC4A07EB3D4E
:10C900003332C83CBD007B3D90D82EBD3ACD02BD30
:10C91000FC717B3D5FB833BD72FA7A3D035B853DA8
:10C92000D4D492BD774831BD87A802BECDC9ABBD76
:10C9300042CC85BDA56AFBBD253C813D9AEE35BE46
:10C9400083C0CABC213CDABDBADDCB3D827471BD67
:10C95000465FC13CFE98963DDB18BBBC0AB912BDD0
:10C960002A025C3DA374693D7E6EA83D80F011BE35
:10C970003693EFBC34854E3D0516A0BDE0106ABD70
:10C980001A1598BD90BCA3BEDDD13FBDFED38DBCB2
:10C99000A933F73AFC50E9BCE179A93B4837823D1D
:10C9A000D1C9D23CBD70873DE7ABE4BCFBB05E3D76
:10C9B0002312E53DB401D83B0ADAA43DD385D8BCA7
:10C9C0005DE2083ECAA8723D103F7F3CD23513BCE1
:10C9D000CC07E43DE96213BD944D393CFAF197BBB5
:10C9E0004A9613BBF01307BE5DFA17BE761AE9BC70
:10C9F0003B8E4FBE266D8A3D7C4361BCD7F7613CC0
:10CA00001BF20FBE6C0939BDD17832BE4300F0BDB8
:10CA100064ADC1BDCA1734BBB1329ABC6286463D13
:10CA2000FA5E133E23F9AA3D6A32233DAB75A23D5F
:10CA3000FCDE663D88695F3C55F8F3BDBEF9CD3D2F
:10CA4000D36B73BE7C0D01BDD52222BDB328EC3B58
:10CA5000E36E50BD41282FBDE7A98E3DCCD1633C8C
:10CA60004FCCBABD8CBD973C1EA788BDA0FF5E3ED3
:10CA7000CFDB683E250601BCC8409EBCC4B2193C51
:10CA8000D769643DB804E03D60ACEFBCB9C2BB3DC2
:10CA900032C6073D9D8151BDB9340E3ECE6D023E7A
:10CAA0002F6A07BE68CA0EBD1900AABA4D1035BD5F
:10CAB000C009053E19C7783E90BF343C00372BBEF5
:10CAC00027C11BBE60CA98BEF52C483DBBB7823D4E
:10CAD000435637BC18ED713D4D4EEDBBA5BE2C3D08
:10CAE000A3E8813CEA08A03D27F6503CB397EDBC93
:10CAF0006B65023E2B35DBBD34BD443C4A0ACCBDE0
:10CB000088488D3D24EE31BB1361833DD68C4CBDEE
:10CB1000742883BD81ED803D6004EDBD5D6A843B7A
:10CB200050C733BEF513CE3CD7A6313CA7CC4D3D04
:10CB30001B13623DE1D1C63C2AA913BD9D2DE03DEA
:10CB40005F0CE5BBB1860B3B647701BD6C94F53C93
:10CB50003A5794BBFCE1A73D5D8980BD82A926BE02
:10CB6000E7525C3D274A02BDB134903D3813D3BC37
:10CB7000C66A133EBD1A203CA88BB4BD4F3C67BDAE
:10CB8000F2B16BBEB3CF833D59FBDB3DC99063BDB2
:10CB9000240E59BA68403DBD7A185ABDA1F746BC6B
:10CBA000F73DEA3DE21DE03C11FCEFBCDA71E33DEC
:10CBB000B93529BD88812EBDEDF4833DBE89213D67
:10CBC000363F7EBC2369573E486E4D3D388640BD9A
:10CBD000B4CBB7BBD333BD3C19E42EBDCF8707BE62
:10CBE00022386EBDF39104BE4A0B17BC5262D73D8A
:10CBF00045F295BA140926BCF870893D543AD8BD5F
:10CC0000350D8A3DB950793C0D535BBD41F25EBE96
:10CC1000A400113DCB9C2EBDA4A8333DFBE814BD60
:10CC20009C50A8BD2025CEBED097FEBD3E05C03D80
:10CC300018D00BBE5AD843BE7633A3BC9E0B83BD1F
:10CC4000F59E8ABD05F9D93B159161BD1F31FA3CAE
:10CC50004F90583DFB75A73CBD70E73B1D1CCC3D7C
:10CC6000D2FEA73D3E5E883DB70AC23DEC89CE3D6F
:10CC7000D178A23D355F05BE10069EBC3F0089BD40
:10CC80006D55A2BEC5C63C3D369505BD4775BA3C3F
:10CC9000A5A2713D739CFBBDA08B863D7F84E13CCA
:10CCA0001780063E6A16A83D342DB13B0916473D54
:10CCB000B2F6973DEE7813BD99814ABC30D5CCBC15
:10CCC000C139C33D72DC293DB248133D21CA47BE7C
:10CCD000E31934BEF8C4DA3D81095C3D145A66BEDE
:10CCE00092CA443E6BBA9EBCD846BC3D8A7354BCC3
:10CCF000ED2AA43DFDA1B9BD1900CABD20429CBDCD
:10CD00006ABC94BED4EF52BEA9C009BEA7E993BDC8
:10CD1000D20189BD8691BE3DF164D7BDEFFE083ECC
:10CD200063B4A63E0283A4BDD67051BE1633423E04
:10CD30005E30F8BDE6CFAFBE8658DD3D32591CBE31
:10CD4000BCEA013DE50904BD38BA0ABD847F513D06
:10CD5000FC1788BD50E01D3BF985D73D01C2E73D7A
:10CD6000B9C29B3D4EB601BCCC5ED63D139939BAD3
:10CD7000A8A87A3DB9A9313E7BD9063E9DF14DBEAA
:10CD80007C444CBDB7D316BDA224CCBE5F264ABEA0
:10CD9000910AE33C96EB6DBDA169E93D3CC17EBCC7
:10CDA000AA7CAF3DECC0B93D5A64FB3DBB9D3D3D07
:10CDB000D4F35EBE90A103BE2AC85FBE0DA671BEAD
:10CDC000DF6C73BEB14E45BE008B7CBC5E4942BE7B
:10CDD000FFB27BBD3B700E3D8465EC3DE4F30A3D44
:10CDE000E4BB34BE1B4A8DBDA0FF9E3DFC894A3C7E
:10CDF00033FC17BE07B6CA3CE7FB693D0919483C3E
:10CE00001137273DA83A74BEC971273EE9D3EABD60
:10CE10005E64823DD40D943D4B5A313D3D2CD4BCD3
:10CE2000AC38D53BD6195F3D522C37BB1BD6F43DF1
:10CE30002578333E74B6003D6667A9BEDFE1363D16
:10CE4000D4609ABD2AFF8ABE871403BDAD4ECE3B87
:10CE500069E29DBD09C6413D198FB23D240F843D55
:10CE6000CE1ABC3C6C94B53D185D0E3EB81F80BE1A
:10CE7000C005C9BE0C9058BE3C30A8BEF0A6EBBEA3
:10CE8000438D02BE30621F3A50C698BECB84FFBDB0
:10CE900053758F3CF12BB63DEE93833DA5668FBD58
:10CEA000F19D18BD2F6E23BC5C20C1BC454607BE5A
:10CEB00087FE093D7D76303E1CEBE2BCE528E03D77
:10CEC0000116A1BE6C40C43D1AC39CBD0D1D2B3E76
:10CED0003658383D2BA6B23D997F743D713C5FBDFD
:10CEE0000857803D59880EBDA7CF0E3E09DD053E8F
:10CEF0003B72243DD5E7FABE395E013D800FDEBCB2
:10CF0000EE06A9BEFFCE363D5742F73C65A519BED9
:10CF1000F9BA8C3DD55A98BC64C95C3D2845EBBD37
:10CF2000E6AD7A3D4205E73D205E97BED2C4DBBD4B
:10CF3000E9F090BE25E9DABDBD547CBE4C53443DBA
:10CF40009BAF123DBEA025BE268DD1BD40A0B33CF7
:10CF50001E1B013E10EA623D11DF09BE7312CABCFE
:10CF6000EBC6BB3C6A33CE3CF9D83DBE07970E3CBE
:10CF700044FBF83DE6E786BD55DCD83D800FBEBDDD
:10CF8000A88BB43DC9CC55BE53AE803EE54225BD0D
:10CF90002FA699BB72A4B3BCEE5EEEBD7D3CF4BC83
:10CFA000FF7734BEE71D673DE2E82A3E7E1E033E62
:10CFB00061A996BE579327BB05A2A73DC40811BE21
:10CFC000488747BD21E7BD3DA4AB14BEF83728BD57
:10CFD0002592A8BD0EA09F3DE04820BD2DCCC23CAF
:10CFE000BA49CC3D88848FBDE789E7BC066605BC9D
:10CFF000B29CC4BD08E80EBE1EFC843D99818ABD6A
:10D00000AC90A2BEE42E32BE0F285B3DEFE53E3E63
:10D010006A888A3DA69A69BE7AFCDEBCFC376F3D01
:10D02000A4FD8FBD5B2247BE9A2757BB49F7F3BCCF
:10D030003F52C43C450DA6BC6B278ABD118E993D5D
:10D040007A6D76BD075C57BD09A8003EDD7B383B95
:10D05000B0C6D93BC39F613C215C013DF9D7723D0D
:10D06000A515DF3AF085A93D25E86F3D0EBCBABD98
:10D070000F6021BE739C5BBD431BC0BD4FEACBBD9F
:10D08000BA1281BB6666363E3F903C3CEAEBF93B08
:10D090007BBFD13DAA2A143ED2C6913CA4A572BC46
:10D0A000BE320FBE647917BE3C85DCBD54FE25BE82
:10D0B0006C5FC0BDBEF68CBDB70B0D3D7768D8BDAB
:10D0C000B5A93ABCED28CE3C3064F53CD7FB8DBD0C
:10D0D00008AAC6BD8DECEABD7B4C843DF2D1E23D91
:10D0E0006C088EBCD0D2D53D5EBD0ABBE17FAB3CA7
:10D0F000FD69A3BC0261A7BD3FFF7D3D3108ECBDCA
:10D10000043DD43D022E48BD56819ABD8ACA863D53
:10D1100031088CBD91B6D13D4DBA2D3D99F30C3CF3
:10D12000EDD8A83D6B9DB83C6DA8F8BD01C0313D60
:10D1300023A303BD64CCDD3CABE8AFBD2F52883DDB
:10D14000C7BCEE3DE9D6EB3D3AB187BC9E08623BD9
:10D150003C4C7BBC4BE5ED3C43ABF33D9F7337BD93
:10D16000077DE9BD56BB86BE093543BE4FCB7FBEAA
:10D170007F4E413DAC90F2BC07EB9FBD20D35A3DA2
:10D18000EC34523DCE354C3AD1EB4FBD4C6BF3BD38
:10D19000336EEABCAA2D75BDC39EF63C2E8F253E8C
:10D1A00041F5AF3D0395713CD712F2BD7460393D36
:10D1B000183E62BD22FC8BBB787C7BBDEB52833D6D
:10D1C0009A0A71BC08C8D7BD596DFEBC00018BBD61
:10D1D00089D0083EADA580BB6B7D91BC4EF1B8BA3D
:10D1E0005A47D5BC3B0092BEFF7A05BD921F713DE8
:10D1F00000378B3C6E15443A77F6953D3F575B3DC3
:10D2000072DF8A3DAD18AEBB1C27053DFB57B6BD8E
:10D21000F358033E71039E3D7FC11EBE44DD47BEF1
:10D2200043AED4BD3B3943BD8FAA663DBE6C9B3D2A
:10D23000EA97C8BD4E0DD4BD917EFBBB006F813B0C
:10D24000F3E7DBBB29AF15BB456458BD6971463DAB
:10D25000C79B7C3C560E6D3DBF472D3E4CDDB53D1A
:10D2600013F0AB3DE8C032BDCAFEB93D0D6F563B71
:10D27000A3CA70BD00736DBD74D29BBD30D4E1BD37
:10D280007A37B63D1D8E2EBC595098BD1A69293E7D
:10D29000D0971EBD71919BBD1D3E69BC3B1831BD31
:10D2A000085A71BE41286F3DD34B8C3DCCB4FDBCB8
:10D2B0006630C63DB83EACBCF46A80BE999CBA3DAF
:10D2C000A52DEEBD9067D7BD61FA5EBD1A33493D0D
:10D2D000CF4A5A3DE59731BE97007CBC37397CBEBA
:10D2E00041BB433D2595193E605A543D58561ABDE1
:10D2F000E869A0BDDF528EBD499C153D5D3339BD47
:10D30000412BB03D2A1D1CBE8BC444BDAFEB973DE5
:10D310000B7E1B3DA051BA3D2E0178BC5B08F23D4F
:10D32000A69B14BE29CD863D481A9CBD5512093EC8
:10D33000018625BE4E64663D315B72BD1D3E693D72
:10D3400023C089BD9D4890BD7B6A753D683D3CBD4D
:10D35000CB65A3BD09C2153D68CBB93C2FFBD5BD3C
:10D36000F96706BD637ECE3D1D7409BE29262F3D9B
:10D37000F3C7943D46EC03BE01FC533DF22815BEB5
:10D380008047F4BD10AD15BD0F42C0BC7A39EC3DED
:10D390007F129FBC7DCBBC3DCF8436BEF9DB1EBA6D
:10D3A0001573103EC26DCD3D15E2913C55F758BE48
:10D3B0009B3D30BE2C491E3C90D7433DBDC4B83D7B
:10D3C000F5BB30BE5D505F3C06F6F83D091607BC64
:10D3D00098301A3DC7659C3DCD1FD33BD5CC5ABD77
:10D3E0008E5BCCBE247B043CDAAB1FBE82C8023EFF
:10D3F0006F4BE43B6BD8CFBD3AAEC6BCDAA9393C23
:10D40000834EC83DB213DEBC7A6C6BBEED0D3EBAE6
:10D4100099291DBEDF8C0A3EC8940FBD4EF128BE6F
:10D4200005DBE8BDD120E53D3ECB73BD7786813E6F
:10D43000E753E73D84B7473D011338BD310BED3C61
:10D4400048C1F33D87C021BE728622BDB37C1DBD9D
:10D450004E0C49BD15370E3EC72E31BE155454BD76
:10D46000663131BE43E5BF3DFAB5F5BDC903913D17
:10D470007D7A2C3D6C79E5BC16A1D8BD09330DBE73
:10D480000AA0F83DFA0B1DBE9B1FFF3CEF0350BDE9
:10D49000759403BC1BD47E3DD602FB3CCD0483BDFA
:10D4A0001539C4BC86FF74BDBFD7503D85EE923A96
:10D4B0001C402FBEE8BE1CBEFD169D3B4C1CD93D3A
:10D4C0001EC44EBCC6C3FBBC307F853C42B2403D4F
:10D4D000C32903BEBD1CB63D7BD88BBD575AC6BD04
:10D4E00056F3DC3D82C5213D5FEFFE3DFE9C523E82
:10D4F000CB11B23D1B2B913DC95702BEB072883D86
:10D50000A5F3C1BDEA5D3C3CF0DF7C3D73F38DBC0F
:10D5100040A0B3BD84F57FBDA48917BEF0A570BB44
:10D52000A8FDD63B5D19943D5BB3F53DB41C283D89
:10D53000DB873C3DDB4CC5BDB004123DB3ED243E62
:10D54000FEF1BEBD5567F53D300F193D61C5A9BC63
:10D550005A100ABDFCE1E7BD34BE0F3EB43EE5BB48
:10D56000BCE7403C3B56A9BC6F2CC83D30B951BD0F
:10D570005C1F163D06642FBDBBF0033CD3A59FBDC9
:10D58000C843FFBD6A15FD3CB85811BEEC6AF2BD38
:10D59000D1B22EBD8929113E899541BEF0513F3D42
:10D5A000A2EE433D0CB2E5BC338A853D425A633D51
:10D5B00086915E3DFF3DB8BD437147BC6B9C8DBD00
:10D5C000295A39BC7974E3BD5280C8BDE6B00B3E20
:10D5D000FC6D0F3D5F9B0D3D1A515A3CF38E13BD00
:10D5E0005EF4953C28F2A43CAE2C513C629D6ABD91
:10D5F000E65B5FBDBC5A6EBCD6E0BD3D349E883C48
:10D600000C239D3D7731CDBB4609BABDF94B8B3D0F
:10D61000D064FFBC6C40843E9DF7FF3CADDC0BBE8C
:10D62000B2BA553D3A589F3D99D53B3DA8A9C53D55
:10D63000D8B713BD53EC083E10AE80BB0DFE3EBE06
:10D640009EB16FBD077A18BE2B6E1CBD2843B53D39
:10D65000F017B33D64CC5DBD8EE6483D81CDB93D4C
:10D6600034679D3D07ED35BEB263C3BDD55BE3BDF9
:10D670000CEA6BBE9A5F0DBDE5413ABEEFE3A8BD73
:10D680002123203D4721093DF8DE87BEF982163E61
:10D690000D71EC3DBDC6AE3DCD23BF3D95649DBC37
:10D6A000EBAA40BD09C380BC459DB9BDED9C263D9C
:10D6B000F2B612BDC902E6BDE4A3C53D200B113D83
:10D6C000ED2A243C603FC4BC03CD673B2AA8E8BDDB
:10D6D000020D063E03B42D3DF44FA0BE60225E3C19
:10D6E00080D7C73DCE3722BC4C38B43DD40D143D55
:10D6F00001BEDB3C6150A63C50ABE8BD518880BE0A
:10D70000FDBC59BEF0BEAA3D4AB7453EC173EFBC51
:10D7100032388ABD0649FFBDAB3F02BD8F8B6A3EE2
:10D720009F39EBBDB342913C32017F3D42D2A7BE4F
:10D7300074B254BDD1077BBEB83AC0BD5473F93D35
:10D7400027BC843C18B335BE0B604AB97843DA3D38
:10D75000C783AD3D0B0B4E3E814152BD3B553E3C18
:10D7600032772D3EC6506EBEF790D03D4E6185BDDE
:10D7700068E89FBAB22EEE3CB62FC03D2E53D3BD03
:10D780001D05883B535829BC166D6E3ECFF482BEF2
:10D7900025AD783C672AB4BED0F1D13B55D937BE10
:10D7A00033A9013EFB5B22BE39445C3D1E6CF13D5A
:10D7B000DE9046BD10E83C3EC782C2BAA1F26FBD02
:10D7C000981976BD44349A3D00FE09BE9981CABDC0
:10D7D0007C7FE33D47CA163DEC4EF73C55F8F33DE0
:10D7E000685D83BD65C65BBDBB462BBE99475E3E8B
:10D7F00003438EBE99B7EABC0CE504BD6C98A1BC8E
:10D800006C232E3EF7E6B73C5DC33CBE60E5D0BB63
:10D810000D00F5BDE448C73D103F2F3E151F9FBCCE
:10D820008D9B5ABD29CD66BD50508ABB8997873DD7
:10D830008AB031BE7425823D06F141BEC8D15CBDBF
:10D840000246173C69FD8D3DBAF893BE52435BBD5D
:10D8500017F581BED446F53CCF6655BCE9B6043E0B
:10D86000E21D40BE2CD7DB3D93AC033DE206BCBDC0
:10D870009EB731BC53034D3D3220FB3C10259ABE70
:10D8800026AA473E87A842BD8CF4A2BC53E9073EB6
:10D89000A1BC0FBCFEB4B1BD043DF43D1AE1ADBD69
:10D8A000C42391BD02B914BEA707153E3F024FBE67
:10D8B000B22C18BC1172DEBCC4210BBEA9C0E93D5C
:10D8C000DD5DA73DCA35E5BDBF46123B9E2673BD53
:10D8D00020B71F3E53B347BDB16C66BD3B6FE33C01
:10D8E0007A366BBDAD6E353E098C153E3909C5BD26
:10D8F000A12BF13D537B91BD71AD06BE431FACBC66
:10D9000050FC983D6D3C58BC0F63D23CD252B9BD1F
:10D91000A69A593D5C9198391614663E05DC33BDD4
:10D92000FD2FD7BBD9430BBE9CC044BE0E677EBD46
:10D930005709563D056EDD3C80B635BE12BF223D0F
:10D94000A8E0B03DFC1728BE68769D3D79E89BBDF8
:10D95000C36630BEBE1303BEEACEF3BDA33B28BEF2
:10D9600033341EBD8A03683D981645BE44886BBD9E
:10D97000A7B1BD3C9C33A23BA725163D3D9A0A3E6C
:10D98000992E44BC6F65493D1077053ED042C23D9B
:10D990009983203C59A2333C17B6863DB073533C63
:10D9A000D596DA3DD2A7B5BD6134AB3C1F10883D9A
:10D9B0005BE9353DDAE55BBDBF0B9BBD89CFBD3D66
:10D9C000ED836C3D95826E3D2D3FB0BDDCD4C0BC77
:10D9D0005C039B3DEBAD01BCDBDE6EBD88BA8FBC4A
:10D9E000B33F10BD73D87DBD5ABCB8BD03055EBC46
:10D9F000F7CC92BAD368323EB98B303E7C7D8D3DF8
:10DA0000274BCDBD3ECD49BD5471E33CC479B8BC74
:10DA10006A6843BD5CE509BDE126A3BC422102BDA5
:10DA20000D8B11BD668477BDCFF4D2BDFF421F3E82
:10DA300016F935BD485187BDAFE9C13DA070763DAF
:10DA4000EACAE73C90F4893D5C7688BC651CC33D1E
:10DA5000D639E6BDAC7497BDC499DF3C0DC6883C91
:10DA6000C2F954BDCA16C93C99A006BE9F22073D03
:10DA7000F0A22FBD6971463CD238D43C5133A4BDCD
:10DA80000FEDA33DD12481BE06D6B1BDAD18EE3D4C
:10DA90002F5042BEB62B943D7575C73D5B3F9DBD73
:10DAA000CEC29E3C7D06543C263524BE6A14D2BDAF
:10DAB000F661DD3DBDA7023E0F9CF3BD3B6D0DBD84
:10DAC000C5C6BCBD494C50BDA532453BF69A1E3D6E
:10DAD0008ECB383D9E5F643E2A8C6DBDD31607BE4B
:10DAE00033FC273CCA1BB8BE7EC7F03D8198A4BD5D
:10DAF000BBB4E1BC1497E3BC86C6033E840D4F3D26
:10DB0000AFB3113EBB8017BE14CBAD3D50C7E33C55
:10DB1000CDCE22BD525F163DBEDD92BB65C35A3DE0
:10DB2000F1BBE93CFA0C18BE0665FABDF66052BDC1
:10DB30009AE90E3EC685133E8176073BF279C5BD54
:10DB40003B3ACEBDE4BB54BDC990633D6D3CD8BCEF
:10DB5000751E05BEE3548BBD8159013EF38DC8BDD2
:10DB6000A0528D3E166BB83D9F3EA2BDE4833EBEE3
:10DB700023DD0FBD596ABD3CF67EA3BDE57D9CBD8E
:10DB80004436B03D9D4C5C3C88480D3DEF000FBED7
:10DB90005A0D893C34B958BD37E15EBD6DA903BB50
:10DBA000DE3EABBC187AC4BB4AB54F3E06BC2C3E29
:10DBB000ACFE883D1C5D25BC234E373ECCEB083CBB
:10DBC0003064053E603A2DBDB4E687BECF87A7BD61
:10DBD00025E95A3DD2A8403CB81D5ABD53910A3D93
:10DBE0000536E7BCB2F24BBC4086CEBD09A5CF3DA1
:10DBF0005513843D3563B1BD3FAA613D5F268A3B25
:10DC0000871443BDBA12113E55C128BCF549EE3AFE
:10DC1000DFC365BD4C180D3EB14DEABD96EA423EEC
:10DC20009E2548BC38BB353B68788BBE73115FBD01
:10DC300098DB7D3DCD02EDBC9D65163DE50B9A3D23
:10DC4000FCE488BE3C8306BC69AAC7BD8DEDB53A2D
:10DC5000F67F8EBD293CE83C6D8F1EBD64CC9DBD1A
:10DC6000D99641BD1650683DE6B07B3D8AADE03D9A
:10DC70003D9DEBBD9565083E4B9352BDF0334E3E46
:10DC8000ACC577BE83FB51BEC845353B268D01BE72
:10DC90006612553E7B6A153E21E527BD11001C3DED
:10DCA000350A89BD66C0D93CECA1FD3C2AE40A3E98
:10DCB000498185BC111B2C3D82E5883D9B5A063E5F
:10DCC000384808BDD3D9C9B9C0EC9EBC03B031BE39
:10DCD0002827FABDD2399FBDA6604D3D95EF19BDED
:10DCE00081069BBBCDCAD6BDDE0023BE7ADF983D40
:10DCF0001E1AB63DE1EF573D295F10BDFF7649BEC4
:10DD0000ED6616BE78970B3DB4726FBDFBCA033B40
:10DD1000DD2200BE95D5F43D1D3A1DBEA5673A3DF6
:10DD20008AE8573DE2AD333DDE3E0B3EFD4ED3BDAE
:10DD300078D1D73CF660123DA08A9B3DAE2910BD3C
:10DD4000F9A102BEC8EAD63CA7938CBDEF74373E5A
:10DD5000F08BCB3CE6408F3C508F6D3D10CB26BD09
:10DD600082E247BCBD56023E6A89D53D450ED13D93
:10DD7000D559CD3DB8AEB83DF9DC893CF3E4BABD28
:10DD80006990A2BD36AF2ABDF0DCBBBD4A26E7BD17
:10DD900089ED2E3DD11F9A3C685B4D3CA6B86ABD0B
:10DDA000033F2A3CA99FD7BDADA5803D9F56F13DBD
:10DDB000D6C9F9BDE38C613DA5A146BE41F078BC52
:10DDC000B1A507BDEAEB99BD0E867A3DB1518EBE75
:10DDD0008690133E33FA11BD37510B3DB532A13D4C
:10DDE000D575283C598BAFBD1B84B93CC77F013D1D
:10DDF0000002D6BCD6389BBB4E7BAA3D2CD630BE8B
:10DE0000C2DB83BA726DA8BCF19EA33DA24621BDC0
:10DE100001F6513D78F19EBDD40A533D994693BC1D
:10DE2000C39ACA3C4E7DA0BDBEF9CD3DF08AE03C10
:10DE3000C8D19C3DB2821FBD38A110BE03EF64BDA6
:10DE4000BF0CC6BB5A62C5BDCD76A5BDDFC4D03DF3
:10DE50002654B0BD3FAB4C3D7CF3FBBDBD53C13D33
:10DE60000859163DD97A863C826F9A3CCC40E5BD74
:10DE7000293CE83DAC8F37BE95B5CDBCF8E035BD4B
:10DE80003F3BE0BB8E23563E458209BEB01D8C3D14
:10DE9000B26591BE32746C3AF470C23DB81D9ABC42
:10DEA0003A1E13BEACE0173E1C9A723D3C131A3D5D
:10DEB00006DA5D3D4F90383E8EB0A8BA19FF9EBD80
:10DEC000B9C4113C8595EABDCAE1933CB405843BD5
:10DED000732B54BEF3AB99BD5706F5BDD0EFC3BE4F
:10DEE00094F55B3D89B74EBCF391143C6DC9AA3BD8
:10DEF000AC733CBEC68583BC200800BE6743FEBC35
:10DF00005D89C03C5682C53C0E88B0BD3D9CC03B7F
:10DF1000632B883D1020433D6804DB3DDB6D17BD5E
:10DF20005951A3BD50C4223EE9D7963DEBE236BE1F
:10DF3000BE335A3D05F81EBE1A324EBE664E973DA0
:10DF4000C64E483E1F4C1A3E60E520BE2315163EC5
:10DF5000FEB667BD7104E9BD0188DB3D1E5442BEBB
:10DF60005054963D77D719BD024B3EBE9695A6BD3F
:10DF7000FC34D6BE98DC88BD343092BDE717153E20
:10DF8000B69E11BE5F5E30BE22C5803DD89A9DBE52
:10DF9000FB24CFBE363A673C4969C6BEBFF0EA3DB6
:10DFA000C0CDC23DB4E5DCBC6FD961BE00E2EE3D40
:10DFB0000D6C153A46D3D93DBA68903E2FBFD3BBFE
:10DFC0008291173C0FD39EBD3AE9FDBC747B09BD1D
:10DFD000527CFC3C4EB5D63D9296EABD6D1F82BE8A
:10DFE000B79B10BE6BF1A9BCC57075BE28B682BECA
:10DFF000B81FB0BE60E8F1BD0071173D50DFD23DE3
:10E00000E8F5073ED978B03CE528C0BCDC12B9BAC7
:10E01000E081C1BD73BB173C41B737BE6F102DBC4B
:10E0200086AF6FBD7FFB9ABD0C5C9EBD4DF7AABE4F
:10E030005F260ABE55A4423C9963793E5704FFBD52
:10E040001FDB22BE1AC2813E185D8EBED1EB17BF08
:10E05000A0A701BD776547BEA2B61D3EE2CA59BC66
:10E06000ABE99ABDC9E68ABDA67B9D3D4A95283E8F
:10E0700001A4763DC0CC073E234910BD1805013DE3
:10E08000BF2716BD74B254BCDAAB0F3D8D29F83DE5
:10E090004B581B3D1E33B0BD50FD43BE4ED347BE53
:10E0A000B779E33BB89112BE501844BEB72562BEA3
:10E0B0004968CB3CD829163E4964BF3DE4DB1B3E92
:10E0C0005E30783D895EC6BC41F2AEBDABD0E0BDEE
:10E0D000F7EAE3BCF5BA95BE5D1904BEA053103D46
:10E0E000F2D24D3DD4B5F6BCDAFE8DBE3E9212BDE5
:10E0F00050560C3EBC92843DD769C4BD4E4720BEED
:10E10000DFC3C53D97390DBE7EC4BFBE770FD0BCFF
:10E110008A029DBDDBDD43BDDC2C1EBD9692E5BCB5
:10E12000FAB9213D338A653D11E4A0BC3E2266BDAB
:10E13000FBB1C93CD6A79CBCBDFC8EBD23F7F4BC8B
:10E14000289EB3BC8DB3093E5BD1263EB4C8963D34
:10E15000EF707BBD61A728BE9065413B40F6FA3D5C
:10E1600067985ABDB360E2BDC39F21BED93E643CEF
:10E170001CB4D7BC3602313D562B933CE542E53CFE
:10E18000A1146D3D2EE27B3D52D5C4BDC11CBDBD69
:10E190003A74BA3D7976093E3BC700BD71E441BD92
:10E1A0009529A63DAD880ABE3C1144BD77310D3E90
:10E1B000789981BDB345523C6345EDBD2E5614BDE3
:10E1C00004E74CBDCD76853B464431BE9AEA09BD95
:10E1D00065C683BEDC2B733CBB422F3E4B5C573E77
:10E1E000FE7F9C3AAB93033E88661E3D35B28BBDE5
:10E1F00033894ABEE273C7BDF644D7BD609034BED2
:10E20000A9170C3E65359D3D4704E33906BA763CB7
:10E21000F5DAECBDEAB42EBD215CA13D5377A5BD76
:10E220006EA12BBE2C2E8E3C6E6BCBBD876ACABCFA
:10E23000B5A5AEBDF94DA1BDEC2F7BBD3E424D3C19
:10E2400093AC03BD9F71E13D207967BC8237343EBA
:10E2500043FE793E14E90E3EF9A152BEA114AD3B36
:10E26000BF29AC3BA65F02BE7BBE863DA54E00BD6E
:10E27000B27F1E3D97C88DBEA246C1BD662E90BE20
:10E28000C7F3F93D24B6BB3C045709BEBA65073D48
:10E290009066AC3D6C5F80BD392A77BDC1197C3C6E
:10E2A00051DEC7BC1AC39CBDF702D33DB668113E10
:10E2B000179AEB3C4D482B3D613295BD322251BD42
:10E2C000C03C04BE0F46843E48DD3EBE397B07BEDF
:10E2D0003464BC3C5D5295BD7AA7A2BEAB988ABDA2
:10E2E000FB3DD1BD1380FFBD420672BB151CA63E8F
:10E2F0001492AC3D35248EBD44C2F7BBC1525D3D86
:10E30000DAAB1FBEC806123EB970C0BD21C801BE3F
:10E310009D83E73C9BFF173D68B1F43D371915BD60
:10E32000F661FDBD7C0B1BBE98DB2D3E38F812BE9E
:10E33000293C28BD6EA5D73DFEF3B4BD35EEAD3DFD
:10E34000F8FBC5BB541C07BD08E4B23DC7A0D33DD4
:10E35000295A793D91261EBD7043CC3DF0F7CB3D47
:10E360008272DBBB3BAA1ABADAC74A3D643F4B3D17
:10E370002106BA3DEEEE01BD19398BBCE77223BE12
:10E3800089992D3EA2EFEEBD95828EBD10E6163E18
:10E390000EA1EABD76383ABEF8F92FBDCFBB31BD2C
:10E3A0006FBA253D2EAD06BD9BCA123EED4A4BBB52
:10E3B000DAE606BD746039BDB7990ABD0C03963B19
:10E3C0004D4E6DBD0B0AC3BD5F7910BDBADB75BD87
:10E3D00035617BBC46990DBE276C5FBE89458C3C80
:10E3E000D40D24BE664B163D76A585BDA48ECEBD4C
:10E3F00060911F3DD465B1BC2D93E13C7E8C793D8D
:10E4000026E1C23CD316D73DBF4953BCA915663D92
:10E410000B08CDBD1DE68B3D8C11813EF1BBE93B68
:10E4200046D103BD9483D93C869249BC78D31D3E26
:10E43000A9A579BDCC7E0DBEAFB10BBD5F626C3DB1
:10E44000EDD3B1BDD2FD9CBD39980DBDD446F53C90
:10E450005DF841BDA6489EBD73A112BE944F8F3D8D
:10E46000713AC9BDAD846E3D244439BDDA71433C77
:10E4700059A409BC44A4663D4EB3C0BC56D5EB3D7F
:10E48000B169A53C5CCAF93BDB4C05BBBBF003BDE5
:10E4900081B2A9BC39EE84BE14057ABC355FA5BC37
:10E4A0008EAC7C3CCF4E463DB77EFA3C215940BDF8
:10E4B00087FBC83C34D8D4BD4914DA3C2A5281BD0C
:10E4C000094F683DF3CCCB3C4AB8103C7D76E0BDAB
:10E4D0000C75D83DFA42C83C56BCD13D8846373D04
:10E4E0006536A8BDBFB9BFBBB8EABA3C4511D2BCBE
:10E4F0005B78FEBDA244CBBCF162213D3CA3CDBD07
:10E500005FEC9DBD22FB50BE2B15143EBBEEAD3C17
:10E51000B266E4BC91B932BE2079E73C15C7813CB4
:10E52000EE0A3D3D17D437BCB613A53CAD1402BE70
:10E5300016FAC03D8B355CBDA20A1FBEB4AC3B3D94
:10E540008FFE173DC91E613DA81992BDD0975E3D53
:10E55000842B70BECFBA063D753DD13C228C9FBB4B
:10E5600020B71F3DE9B905BDB054573D39D11E3E16
:10E57000431E413CB6A20DBD48E13ABDAD6E353DEE
:10E580009B561A3E1FA1863DD25239BDE78E7EBCF6
:10E59000FB059B3DF9A27D3DACE0373C4ED121BE51
:10E5A0000397173E7575A7BD20EF553DB41E0EBEEF
:10E5B0009AB63FBDDD78F7BC0F29463DF2B6B2BD35
:10E5C000238447BEE657733D8E5A81BD83358EBD89
:10E5D0001FD7463D55142FBDBF82643EF4DD2D3D4F
:10E5E000AAD5973DBAA03E3CB589533D1AF726BD42
:10E5F0003E95533D193CCCBC62D8313EF833BC3D0E
:10E600002635B43DEB570ABE92929E3C963F9FBD85
:10E6100068E94ABD261AA43BDEE823BDD63BDCBC34
:10E62000263980BDBC069D3D0470B3BB81B1BE3CA4
:10E630000647193E721460BD0FF024BD1F1113BDB3
:10E6400018B3853D1B1207BEB611CF3D242A94BDD9
:10E65000FA9A9DBE0C1FF1BD2A538C3DE82FF4BAE7
:10E660003509DE3CD54289BD67D43CBD219136BC1D
:10E67000E203833EC1AB65BC9E090DBEF60AABBD8D
:10E68000D74C7EBD26AB42BE01A7473E1156833D07
:10E690002FA7843DBB09DE3D04C66A3E46CD173D2B
:10E6A0000378ABBED3A1533CBDE3543D6B60AB3D9F
:10E6B00003D22E3EF9BE18BE5EF550BE7B2F3E3B08
:10E6C0009885D63DEB52A33CFC715B3E8AE887BE41
:10E6D0004A5EFDBD2541D8BD71210FBC60010C3DD6
:10E6E000CAC518BD72C32FBE187AC4BC76167D3D4C
:10E6F000711ECEBD94861ABD0CAD2E3EE73A0DBDFF
:10E70000548EA9BD46CE023D80BA413E9E2332BE04
:10E7100024977FBB37C2A2BB041F033D5FD218BD45
:10E720007BBD7BBD3672BDBDBF65AEBD906AB83DD9
:10E730007FA1C73C778388BDCD3BAEBD9CF9553CDE
:10E74000C79D92BD1360283EE63CC33D1E32653D29
:10E750002DCD2D3A7F2E9A3DD7DC113D32AEB8BE7D
:10E760005C2001BD93ACC33DC4EC253D8CD77CBD82
:10E770002D98D8BD5FD3A3BD849B0C3C9C6FE43D1A
:10E78000213A84BDAD6AC93DB48EAABD240A3DBEFE
:10E79000116EB2BCE0136B3B2AFDE43D7842AF3C06
:10E7A000C80B29BD2B1213BDD1CEE93C075E6D3DD0
:10E7B00067D3B1BDDC10233E3FAC373D63F11B3C5A
:10E7C000EB38FE3CB0596EBDC5AD023E93C713BDDC
:10E7D000E3A8BCBDD446F53CB682263D79909E3B6D
:10E7E000A4AA89BDCEE390BDEBC5B03D8D9C053C90
:10E7F00064B062BD8E40BCBB113486BD6C0A24BEC1
:10E80000E17CEA3C8AC99BBD39B35D3D27A0093A4A
:10E8100017D38C3D8B8D39BD118CA3BEC4961E3D84
:10E82000BABD643D747C343B9D676C3C42B5013D90
:10E830002D40DB3C32B00E3D93FD33BDCFD8973B2E
:10E840002FDBCEBD6B455B3D6286E6BDCBBB2A3D73
:10E850001F317A3D09185D3D0DFD933C76C1603D49
:10E860006CEB27BD4B5CC73B3B8D74BDAD13173CB8
:10E870006DAA2E3D728963BD4F085DBE7044D73DC1
:10E88000AEF0AEBC34F3243EADA32A3D0ADCBABDE3
:10E890001BBD1A3DA03800BCC6A2893DE5ED08BEEF
:10E8A0002717C3BD3A07CF3BEBC3DABD554CC5BDF7
:10E8B000A0E042BEF6B28D3D1CD228BB4D126B3E8D
:10E8C000F51283BDB3258BBD92081D3ED446F5BD20
:10E8D0000B998B3D52495DBEEE07BCBCD445AABD29
:10E8E000F99F9CBDCC0CDBBD2AE48A3DB552483D66
:10E8F0007F6D7D3C4E2A9ABDEE96E43B420A0EBEE9
:10E9000037E3F43D774AA7BDA9C0093D2C65993C82
:10E91000C3B80B3E9ED2013DF0DE513D8E01D9BC05
:10E920000664AF3D3E92B2BD5F7ABB3D732EC53DDE
:10E93000E02F663DEA5D7CBE7D586FBE42437F3D61
:10E9400050389B3D488C1E3C5D5255BE6F67FF3D65
:10E950005709963DD6C7E33DA66203BE467EDDBDA0
:10E96000C99299BD70E918BCCB0E51BE9A7C63BEAA
:10E970005722203EC920F7BD4B59063B664FA23DAA
:10E980009DB8FC3DAC71063E151CDE3DB41FA93D93
:10E9900055F823BE5B79A9BD45D61ABDE869403D4F
:10E9A00067D3B13D0954BF3DF511383D666CE8BBF6
:10E9B0004D69DDBD6AA134BE68CD4FBDF0521A3E2F
:10E9C000C53AF5BD190200BD7B4E5ABE85EFFD3D2F
:10E9D0007AE0E33C23F3083D16C2AABDFE433ABDEC
:10E9E000598909BE2A00C63C3788AEBE0855EABC24
:10E9F000D61CA0BE3B70CE3A8C2CF9BD83F6CA3D26
:10EA0000C5549ABD7576723E6CCD963DD07F5FBE83
:10EA10002499553D0B5E34BD75E7E9BDC8799FBDAE
:10EA20008AC8703EA48E6EBE185C33BE91B40B3E95
:10EA300019FFDEBD9432693E8272C33E7E1E03BE64
:10EA4000DAC78A3CD062A9BCE3A7313E651932BE61
:10EA5000890794BC5A2FA6BDFD161D3C1C08E93D34
:10EA6000BAD90F3E54E626BE7E522D3DB56EE3BDAB
:10EA7000E606833D6C97463EEC88E3BE48A382BD24
:10EA80000D8B01BEF2233E3D6AD95A3DEB8E45BC4B
:10EA9000E9B614BEF2EE08BE1D588EBBEB1C43BE99
:10EAA0007105B4BD9739A5BEEF3A1B3DBE50C0BD40
:10EAB000B5545EBDE4115CBCC630273D275004BD93
:10EAC000240FA43D414555BC1B0EEBBDC025803C29
:10EAD0003C33C13BB1A206BDB20FB2BB1AF9DC3D5B
:10EAE0001F2C23BE728A8EBDC6FBF13C06D8C7BD63
:10EAF00068762D3EB587DD3D28B6023D0892F7BD0C
:10EB0000E1278E3C4392993D736382BE0C7302BC35
:10EB1000FED7D93D8EC922BD2F4D913C2DEA533EE3
:10EB200072FD3BBDBEA21BBD36B1203E1AE1ED3CDD
:10EB300071ADF63B585414BE865A13BD24624ABDCB
:10EB40009E26B33DF297B63DE3FCCDBC469476BC21
:10EB50008EB0A8BB7B4ACE3C0CCD35BD26E483BB32
:10EB60009AEB34BEFBACB23CFC70103D8D7A883D14
:10EB7000CD3FFABCF12D2C3E471D9D3DFCC82D3DDF
:10EB80009C6E59BCB8EA4ABEFCC6D73B2505563D2B
:10EB9000819202BD5A4A16BD48C3693D5AF40E3DE2
:10EBA0008BFB8FBC4703B8BD55871CBD2E92F63D2D
:10EBB0006D8D083D0BB350BC05C4A4BC36940ABE91
:10EBC000177F5B3C92CB4FBEA6F0203D4C6C0E3EB7
:10EBD0004CA8E0BBCD72593C3220DB3D008FA83AF7
:10EBE0005EBE75BC4D65B13D76A991BCDCD52B3BB5
:10EBF000DF31BCBC172D40BD79784FBD1C5D253D74
:10EC0000F44F903DD5415E3D416712BD4241893D83
:10EC10008E77A73DAFEA2CBD4163C63D5A2F06BE95
:10EC2000B7D26BBDC2A68E3DA96A02BD1C9771BD4D
:10EC3000BCE6D5BCE961A83DF016A83D36AFEABCFC
:10EC400090DBAF3C2CA0B03D8D61CE3C4B5986BDD6
:10EC500097C79A3C213F9B3CB0C82FBD97FFF0BDA2
:10EC60007C9D14BD8DB53F3C573F963E3FFFBDBDDB
:10EC70005EBB743D34BA83BBEF90623D31CE5FBB67
:10EC800041F0F8BC52B8DEBD8A1E383DBB98A63DA7
:10EC90005C04463DD13DEBBC44F7AC3CF10D853CFA
:10ECA000E5B6BD3D03B0813C8EEB5FBC368F433D86
:10ECB0000C7302BD88D7753D15CA42BC17D5A23D5D
:10ECC0007F69513DF19E03BE86044CBDBF0E9C3D45
:10ECD0000B604ABE153A2F3C6612F53BED0D3EBC6B
:10ECE000759057BDD943FB3A9A5C0CBDCE1911BD46
:10ECF000EA91863C7A547C3CA27E173E687A09BC35
:10ED0000BEC06C3D5B7B0FBE8F554ABD054F813D3C
:10ED10001A860F3C0C567CBE27BF55BE749A853DA3
:10ED20007D7846BE2C285C3EBEA4313D22503D3D40
:10ED30003A90053E92081D3E2672C13C98F94EBDA0
:10ED4000397CF2BD96CC313BB5C01E3D6269603D59
:10ED5000213CDABCD02772BC65C6DBBCD36832BDAF
:10ED6000567D2E3DC71040BDEB8E453D5AF022BD6D
:10ED7000FED64EBD118AAD3C0EDAAB3DA791163DD5
:10ED800061FAFE3DBD6FBCBD3448D9BEAF5EC53C27
:10ED9000577B98BDBF4838BE4B8F263CFAED2BBE43
:10EDA000257685BE53B3C7BD79789FBE3D2993BBF9
:10EDB00037C5533E5951933EF914C8BEECA17D3E70
:10EDC000BCCE16BE3BE125BDD76A0FBE0BF1783E27
:10EDD0002BDE08BDC70F05BED6AD4E3E687A893C16
:10EDE000DB181B3E75908F3EE10AC0BE1973B73D1C
:10EDF000719286BEE1B8A43E7BF707BD94FB1DBDB2
:10EE0000C0CB4CBE503A61BE963F1F3DC9C8193EAB
:10EE1000EA78AC3DD00C023E0664AFBCBB45203E58
:10EE20009AEC5FBE4225CEBE2176A63AEDD2863C54
:10EE3000A167133E2F8BA93D7A56D23CE44E693C24
:10EE40002F6F1EBEA6099BBD827386BD8E403CBC43
:10EE5000588E80BEB8058B3DF7738ABCE1D34CBE9B
:10EE600046B207BD30B8E6BD8AC95B3D8BA5283EDA
:10EE7000713D8ABC709913BE8124CCBD5454FD3BB6
:10EE800035D1673CB0AD5FBDCF4C003E5D1643BE93
:10EE90007442E839A818273D09FCC1BD7506063E35
:10EEA000A06C4A3DA92EA0BD5BB616BE628385BD8F
:10EEB0005933723D452BF7BD973BB3BC8E9001BBD8
:10EEC000A6D68BBE98C36E3DCE6C273EE99A49BC50
:10EED0002A70323C72F8843D3A5794BD84D6433C44
:10EEE00083DF46BE14EBD43CAF97263B64C95C3E3F
:10EEF000DAAE103D88BE3B3D69ADA8BD6283053DDD
:10EF00003430F23CFE9816BE2BD9D13DAB9589BD6D
:10EF100031B4BA3D76E39D3D05FA84BD74D366BD38
:10EF2000F7CABC3C4339513CDD44ED3D3B1A47BD7B
:10EF3000941739BE9C508838B804E03CF4A78DBBC8
:10EF4000BDA948BD240D0E3E034326BE38699A3C38
:10EF50005B7D95BD2ACA85BD392BA23BFD31ADBD78
:10EF6000BCE7403C2289DEBDEAAEECBC426015BE87
:10EF7000E00E14BE526041BD5C59A23D8CF3B7BD9A
:10EF80008AAE8B3DFDD8E43D72FEA63CCD06193D10
:10EF9000D9B0863DFD15B23C375276BDBABEEFBD45
:10EFA00070B338BD4296053D4851573E73D627BBD6
:10EFB00004C69A3D4837C2BD81ED803D19E2183D37
:10EFC0004DBB58BD39D10E3E9CC5EB3D3AEAE8BD7C
:10EFD00085B6BC3DF59ECA3CA27C31BEBE326F3DBB
:10EFE0004AD2B5BC2A72283E41D73E3DCEFEA0BDD6
:10EFF000301084BCC4B18EBDE9D1B4BD37A6E73DA5
:10F000008C4DAB3D3F8DFBBD3C87B2BDD4D7B3BD6E
:10F010001348E9BD815F233EF7C77BBDE23C1C3D41
:10F02000F29425BE362042BDF56905BE826F9ABBBB
:10F03000331803BE8D2AC33CFD4C3D3CC2BDB23CDF
:10F04000732B44BDD6717CBC46B49D3CEC88C33C5C
:10F050001364243E63ECA4BD179A2BBD7E02A8BDA9
:10F060000AD7A33CFB75573E1A510ABE2AA7BD3DDD
:10F070009D8066BD3886803C18CDEA3D27BC04BD26
:10F08000842A353D8EAE923DC34704BD9F1DF03CA2
:10F09000F04D033EDBF90EBEA94BC63C5FCF57BC1B
:10F0A000CFA4AD3D9413ED3DE5417ABD66F9DA3D5F
:10F0B000F86B32BC7520ABBD4DA1F33C7DE62C3C1A
:10F0C00013D490BD6364E9BD7FD95DBE677CFFBD8D
:10F0D000BF0DD13D3BC7003D3508933D75C84D3A46
:10F0E0003B8BDE3C57B524BEA7E75D3CE71C0CBE5E
:10F0F000A06CCABC41F078BD6B64573D0B0B0EBED3
:10F10000DBDD03BD5859DBBB01A436BD32C9C83DA8
:10F11000512FF8BCCC4025BD6B60CBBD60225EBDDD
:10F1200063D0E93D9773A9BCAF93FA3C0536E7BAC3
:10F130002270A4BD640369BE04E3C03D569D15BDA5
:10F140000F0B35BDB1DC523D724E2CBD8461403D8C
:10F150005309CF3D478F1FBDA08940BEBBD272BDB2
:10F16000910F3A3D350CCFBE5AA1E83DE38E97BDD5
:10F170004A796D3D149668BE18972ABCFFCEF63CBE
:10F1800080B916BD4F96BA3D412E31BDBFF4763DD4
:10F19000123210BCDCBCB1BD8065653D8D6249BEDC
:10F1A000D508FDBBFF40F9BDC0417B3DE50C45BC2A
:10F1B0009AEFA03D8508683E22179C3C0AA3093EB1
:10F1C000492D543D6473D5BD70D09E3D8A01523D9A
:10F1D000D1B183BB16165CBD40A13EBE07CF043D36
:10F1E000E09C113DCE3499BEAA2B9F3C2425BD3C0A
:10F1F0009ED0CBBDD95ECB3DDFFAB0BB4C71553D47
:10F20000E7C80A3E580033BEBBED02BE6B810D3E1F
:10F210005D4F94BDAE0FCBBDBBB80DBC821FF53D9D
:10F2200080B54ABE6953753D2FF7A9BD5C9108BEF4
:10F23000BE4C34BEF7E4213DEC17EC3B5260013D7F
:10F240003563513C10E6963D268D11BD7505DBBB3F
:10F25000632B18BEB8593C3D94F606BE297589BD8E
:10F260004F2242BE2A1D0C3EA779E73D37E3243EDC
:10F270005A81A13C53B0063E89B6733E72F8643D94
:10F28000A0FF1EBD17B751B95C755D3D96976CBE6A
:10F290006E3014BE2A383CBD7009003D9F77633D37
:10F2A0006727A3BD053150BD18D00B3EFAED6B3B6F
:10F2B000B7F0BC3D0262523D64CEB33DA58656BE5A
:10F2C00049F52DBE233171BED09B2A3EB745593D2D
:10F2D000F9A27D3DCE52B23C952CA73D42B195BCE2
:10F2E0003942463D6DFE5FBD3F8E66BD4EEF62BD4D
:10F2F0003C69813D3CBCE7BC1135B13D5A2AA7BEF3
:10F3000017D3CC3C3B3838BE14981E3E4CC11ABDB6
:10F310008048FF3D17618ABC1954DB3D02B8B9BD76
:10F32000ADC0003EC5A9D6BD3ACAA1BD265616BE7F
:10F330009D47E53D4CDFEB3CC992093EF4FA933C16
:10F3400097AC5ABEE6072E3DF33BCDBC494B65BD9D
:10F350008F89943C62A231BEBC947ABD3928613D4C
:10F3600033888FBC9FC788BDB760A9BCED9A90BD9C
:10F370007E57343EAEA0093E5EBA81BE3A93F6BDDA
:10F38000D99631BE3E3C3B3EF9665B3DD8B89E3DCA
:10F390003257163E9FAECE3DD7DDDC3DC898BB3C14
:10F3A000F27D91BD84F3A93CD49A263D0778D2BD65
:10F3B0005A64BBBC46B49D3C9ACF11BF9D2A9FBDE9
:10F3C0005BB480BEBA6B493D4B0214BDCD22243ED6
:10F3D00044E0483D7CB5333E003AAC3D8909EA3C07
:10F3E000481931BD0C77AE3CF60D4C3DC37D84BE53
:10F3F000E38998BE44DC1C3DCC5DAB3D36AD04BE1C
:10F40000D6C82E3DB917183D62818F3D7218AC3DAC
:10F410005D88ADBE4416A9BDEE21A13DE6CE4C3DB2
:10F420009A7CDBBE7903CC3D3528B2BE457F683E71
:10F43000C9013B3D63B68CBE786060BEF568AABE6C
:10F44000896272BC954476BC508D273EF3AA2E3E4D
:10F450005FB3FC3D64B0A23D3997123E962635BE9F
:10F46000D4B5963D7653CA3C6A6768BE6C7BBBBC1C
:10F470007095C7BD656F15BFD7A5D6BE172B4ABE01
:10F4800016A30EBEDD94323D7B30593EFBEBD53DDD
:10F49000B9524F3E0BED9C3D83F98BBD5AD9DEBD71
:10F4A000A379E0BDAED89FBDFA26D5BE56D636BEEE
:10F4B000BFD44FBC94675E3D700B56BDA77AF2BDBA
:10F4C000191E0B3ECDCBC13D0B0D443D988605BFAB
:10F4D000583CB53D26555B3CFFCED63D8E21E0BE67
:10F4E000C66A63BEBDAB1EBD897D82BD7384ACBDE3
:10F4F000166BB83D1153A23C6C424ABE54728E3D0D
:10F50000755BA23C2289DE3CC18BBEBD2849D7BBBE
:10F510005DFC9DBE4ED1513DC45BA73D0188BB3B08
:10F520003AAEB6BE546F8D3D08E6E83C56F0DBBA05
:10F53000170E843C999CDABC103E943BF1F620BD3A
:10F5400041652CBEE695AB3DA48A72BE013535BD42
:10F55000A56A3B3DA0A52B3DBEDAD13DDD5ED23D87
:10F560006A693E3E9605933D0325053E52F26A3B8D
:10F570008D4573BEED465F3D75CCF9BC2FA7A4BD8C
:10F580008E01D93CD927803B38A3A63DC45EE83D17
:10F590003C5067BD09703A3DB1FBAE3D519F24BD63
:10F5A0006F102DBD0A4C273DD55CAEBDE8305F3DE8
:10F5B000441403BEDBC190BE6CB41CBD11A7B33DA7
:10F5C000707CCD3D9CDEA5BD10760ABCBD52B6BD9B
:10F5D000D6A75C3D55A618BDB360223DC15433BECD
:10F5E0006B9D383BD31401BD14AF323CBA8423BEAB
:10F5F000B796C9BC08910C3DB41D533D3DBA41BE00
:10F60000E3AAB23DB9C326BE63D5A03C2061183D34
:10F61000A5F7CD3DA59FB0BD39D4AF3D2596A4BE7D
:10F62000A08A3B3ED2A97B3EB248533D4B5CC7BB50
:10F63000707A07BE4489563DDEADACBD22A6C43CFF
:10F640001958A73D6284F0BD87BFA6BDEE24E23DF8
:10F65000E4BE553CE734AB3D7B67343C98C118BDF4
:10F660004834813DA56534BEBE88363CC44308BEDF
:10F67000BD71FABEFD31ADBDA01BBA3DE9EF653DE0
:10F6800064AC963D6F2F69BD0934D8BC5455683DB4
:10F69000DC4603BE8F8B6ABDE95F92BCEBFE313C5A
:10F6A000B5E005BDE607AE3C2CD39FBE9605133DE5
:10F6B000F14711BDEB19E23D45BC953D3BE2103EE3
:10F6C000A48A623D2A8B823D8C9EDB3C9300F53DF3
:10F6D0000DC462BE64AF97BDF88B29BE2D972D3E39
:10F6E0004E9D673E93AA6D3C8BFAA43DAB9674BECB
:10F6F000F4C51E3DEAB2983CE02D903C3812283DFE
:10F700008786ADBEE78B9DBD1094DB3D26DF2CBD0B
:10F71000153C053B751F403D0B5F9FBD1F671A3DA4
:10F720008E940DBEFCAB47BDAF07133DD6C53DBEA5
:10F730004F58623C394547BD4C6E94BC0937B93DC2
:10F7400001BF46BD8506823DF4DD2D3C71AD763BA3
:10F750009A43D23C5EF32ABCBF2CEDBD38F38BBD7F
:10F76000F6B28D3D403087BE970187BE92B0AFBDE7
:10F77000E21D203D96E9573D221ABD3D5DA4103E95
:10F78000CE8CFE3C1F6990BD68CFE53DEB3BBFBC16
:10F790006EDFA3BD488C5E3D969641BEED64F03CA5
:10F7A0004EB8D7BCB0AD9F3BBBD6DEBC419FC83C7A
:10F7B000D1AF2DBD06B94B3DD4D25C3C23BF3EBE7C
:10F7C000CFBE723B9E780EBD4836973D554BBABDB5
:10F7D000C66BBE3DCB4ABBBEB77ACEBCCDAF36BE44
:10F7E000B6BF13BEE085AD3DDDE98EBDE9D61BBEDB
:10F7F000ADA3AA3C2FE150BCC1C88B3DDE1D19BD95
:10F80000C827E4BD4755333E7C0F973D3BFBCA3DBF
:10F81000CA15DEBDD734A7BE3E2567BB14B409BDEB
:10F82000B45A70BEF2CDBEBE49830B3EE67544BCF1
:10F830000C3AC13D5ABA82BCEF8FB73DB345D23BBB
:10F84000DD448D3DA73DA53CFF3E23BDCE37E2BD47
:10F85000A9F92A3D315F3EBE1AA498BEAB9589BE78
:10F8600049658ABDD7F676BDC71301BD200890BD96
:10F87000390D513DC539EABAD3BF04BE3B18913D9D
:10F88000793EA3BD53211E3E57043F3DEBC851BDF9
:10F890000D8BB13D831828BEFE98F6BD36AD943D64
:10F8A000D42B153E55C203BE357B40BEAA9D213EDA
:10F8B0006936CF3DB588C8BDA454C2BC231285BDEE
:10F8C000B724C73DB00151BDDE201ABD33882FBE1D
:10F8D0009A5C8C3C2A8C2DBD9DD9AEBDC51E9ABDAF
:10F8E0006C9475BDA5828A3BD84446BEA27FC2BD3A
:10F8F0006CEC52BD193860BD790281BD4B02143EDB
:10F900007EE4D6BB0FD5B43D45F6013E2F17913DA1
:10F9100085D18C3DD1E9093EF31D7CBC98F798BD9B
:10F92000EED0B03D433A6CBEA1F69B3D742502BDBE
:10F930001A6DB53D61E28FBBA9505D3DDD5DA73D10
:10F940004BE82E3D9BE69D3C98F7B8BD780BC4BDB7
:10F95000ADBDAFBDEC32DCBD209CAF3D1C3FD43C07
:10F96000DFA4A1BE8BC4C4BDAEF5553E1A4F843D85
:10F97000B7B690BDD254EFBDDC1299BDC841093D68
:10F98000F6B699BCE5D4CEBAA2ECADBD2E8F75BD4E
:10F990003A24B5BD4F779EBA522BECBD9031F7BDDE
:10F9A000AE82583DCFDB58BD910C99BD1C6191BD15
:10F9B0006ABF95BD0CEAFBBD5E140D3E47382DBDF8
:10F9C000E0F258BEA7212A3D383174BEE0A1083EBE
:10F9D000BEA1503E2E01D8BDA0E062BD954496BDAB
:10F9E0007768D8BDFD88DF3CA9C0C9BBC37F7A3D1D
:10F9F000C28722BEA4375CBC499F063E9F76F8BCF6
:10FA0000C2C2E93D6744293DF791DBBCAC70CBBD78
:10FA1000FE7C5BBDB22FD93A7A8C723DEE9539BE31
:10FA2000598AA4BEB709273EB70B4D3DA890CB3DE0
:10FA3000A0500FBDD36AC83DD0B61A3CD4812C3D2E
:10FA4000A795023D6616213DB83CD63BD61AAABD05
:10FA50006FBB103D43E7B53CDCF211BCE485D43DFF
:10FA6000A8351D3EA9DB593D0CCE803D98FCCF3C0E
:10FA700018B0E43B382F1E3E32C8FDBDCC6232BE0A
:10FA80005F24F4BD70B3F83C30483A3D34BB6E3D62
:10FA9000BDAC59BEBBD4083DBA4A37BE5E146D3EFC
:10FAA00069519FBC7632B83CC7629BBB58921CBE62
:10FAB000BB42BFBD878C073D0476F5BDD1790D3CB7
:10FAC000FA27B83B2D2420BDA77AF2BD06B8E03D49
:10FAD000BEDE7DBDBBD1E73D0F9B48BECDE912BE6A
:10FAE0009F1EBB3DD7FA82BDACFD1D3DA1A2EA3DE4
:10FAF00074EAEABD1EC4CE3C629DAABD04AF163DA9
:10FB0000A565A43B6C42BA3D94DA8BBEF04F89BD2B
:10FB10000B27E93C72DE3FBEF1BD0FBE94F947BD35
:10FB20006F63333D172ECBBD457F383E90D9D9BC8E
:10FB30003B71393D929795BDCDCC4CBCE9D6CBBD40
:10FB40008D96033EB2674F3DEE21E13CEB35FDBDA6
:10FB500066BE03BC6BF03E3DFB1FE03D7BDB2CBE75
:10FB6000D9791B3DD0B65A3D44FA6D3CA3409FBCA9
:10FB700077DB45BD9032623C255AF23A705D713DAB
:10FB80002B352BBEB5FB05BED6FC083ECE8BD3BDB8
:10FB9000A46D1C3ECF15553E6EA2D6BD554CA53D5D
:10FBA000A5F70DBDDA53B2BDE71C3C3E19FF3EBEC2
:10FBB0009011F03DF84FB7BDDA8E69BD08767CBC78
:10FBC000E750863C45D94BBEB16925BAAED388BD56
:10FBD0003620A2BD13815A3ECC63CDBADE8F9B3D49
:10FBE000F4A40CBE4A430DBC844680BEFC51B43D17
:10FBF0007AFD093DDB3135BD05A352BDDA8D3E3DB1
:10FC0000070866BCDCBBA6BD138275BEE8D831BE52
:10FC100001F8173E4E0DB4BC5871BABE51A5A63DB1
:10FC2000B3071A3DF84F173E0DE4F93D894075BC06
:10FC3000315CDD3D9AD2FABC745F4E3D43C528BEAF
:10FC40007E8F8ABE4DA3C93CDFC0043E5550113E95
:10FC5000D237E93CA96C48BE5C0185BD39B4C83BCC
:10FC6000BCE88BBD2C646EBDC5547A3DCC97D7BD26
:10FC700026365FBD959952BC4E64663DE9B89ABC84
:10FC80002B14E93CE59D433DB98AE5BD734AC0BDEF
:10FC900081EADF3DD34EEDBDC5AE8D3D996163BDBB
:10FCA0005304B83D984D30BECA17343D05A257BE27
:10FCB0000E9FF43CCFBC5CBD21AF873C5610C3BD4A
:10FCC000F223DE3DDB144FBD1E4F8B3D2D435CBD4B
:10FCD0004B20C5BD98BD1C3E6D01213D2D27A13D8A
:10FCE000D9765ABDEBFDC63C2A8D183E130AB1BD2C
:10FCF000F0DA25BD21930C3E2BDADCBDAB24B2BC7F
:10FD0000560DC23DF9C00E3D67627A3DE57C313D3E
:10FD10009CA64FBDD1CFB43DF4C29D3CFEBA13BDED
:10FD2000C51AAE3C8E75B13DD66FE6BDC89625BEF0
:10FD3000DE2145B984F3C93DD5EC813B139DA5BDBA
:10FD40003678DF3C02A08ABD4487E0BDFE62363BC8
:10FD50005CCAD9BD8EADE73D40F9BBBDFD4D883DC8
:10FD6000469AD8BD185F343C3E08C1BDA73F7BBC56
:10FD7000E751F1BC0459CFBCCDE5A6BD4567593D5F
:10FD8000BAF50ABE68CEFA3CFEB53CBDBF7D9D3CCF
:10FD9000B2D8C63D51BF4B3D28B8183D39F115BD0D
:10FDA000ADA154BD4A0DED3CA8FDD6BB5E4C333D24
:10FDB000FC8DD6BDFB5DD83B3A415BBD5725513E1E
:10FDC0000ABD7E3BF699B33C7FBD52BEEF5781BD65
:10FDD000679C863D5514AFBDAD32D33DD5CF2B3E8C
:10FDE000C3491A3D8F37F9BD7DEB33BEC74A4C3D41
:10FDF0002E398E3D4776A53CD751D5BC111D423DCD
:10FE00000BECB13D591737BD72E0D53B2A00C6BC9B
:10FE10004911D9BD7D92BB3DD53FE83D6002973D7C
:10FE2000185CF33CD82C973CA3B00B3CD13D2BBDC8
:10FE30007786293D9014513DE1B636BCD1CA0DBE3E
:10FE40008D0CF23C31B34FBD37FD093E9DF268BCCD
:10FE500032742C3D234BE6BAA6ED3FBE8C682BBE18
:10FE6000C424DCBC08944DBD310A82BD371905BEDF
:10FE7000DBA482BD6F65A9BDCA32C43D192011BD86
:10FE800050DFB2BCE886263B04FEF0BDBE84CA3D0E
:10FE9000207E7EBD3465273CDD60483EF08915BE7E
:10FEA00024D44C3D7A1955BEFC0024BD621444BDD7
:10FEB00013EF003D7A7112BEFCC82D3CAFB4AC3DCF
:10FEC000933AA1BD07EAB4BDC8EEC23DBF8109BEE9
:10FED0005D34C43DC53A953D4DF3CE3D389ECF3897
:10FEE0007DB38DBD2E53133C03E982BE12FBE43D6E
:10FEF00010EA623DA75CE1BDD38899BD2FDD643D6A
:10FF00003A92AB3D0CC89E3D63457DBE95490D3D83
:10FF1000F88898BC613340BDF359BEBDCEAACFBCB2
:10FF2000E3FDB83C7903ACBDB77A0EBD10B284BE18
:10FF3000999D053E19CB943DB1A49CBD64786C3D60
:10FF4000B475403E9CC0F4BD91F2233E639A09BE55
:10FF50001F83153D4D9FDD3DCE173BBE9F7337BCC4
:10FF600045B76EBEA60E32BD3F72CB3D0BF0DD3BFA
:10FF7000E65C4ABDEA07F53C88309E3DCAE29E3DFC
:10FF8000AD6D1A3EAABB92BD3F541ABEF7CDBDBDA2
:10FF9000FBCE6FBDF4DD2D3DE318C9BBA30613BD39
:10FFA000EA95B2BCE4A3C5BDF48736BE3813B33DB1
:10FFB00025B1A4BD257497BD5875F63DA88C0F3E9C
:10FFC0004018383D84832DBE3C2E2ABD3C69A13D9E
:10FFD00090D783BCC89A113C13656F3D3C2D9FBDE3
:10FFE0007E0228BEBD52163DA5820A3C4774CFBC96
:10FFF0003CDDF93C73301B3AAF22033EB30A2B3E83
:020000040801F1
:10000000A11247BE4435853D3750203D492F8ABD5A
:100010007A17EF3CA6EDDF3C7F4C8BBD5C1C15BC1A
:10002000F81AC2BDA14B983DFB7311BD9ED32CBDE8
:10003000EB71BF3D906A58BC51BBBFBDEE93233BF3
:1000400051A310BDB187763C68D010BE6EC1523D41
:1000500070B639BD4339D13C8C9D10BE3DBA113DBF
:10006000093418BDF032433C1D5BEFBD422699BCFC
:10007000700BB6BD58AC613D1B85843D5E9F993DBC
:10008000F60DEC3D1878EEBC9771933DFCA71BBDB7
:100090005EBA49BDAA2B9FBDD00AACBD3D2B29BE7F
:1000A0003DB53A3D6BF109BEB0204DBD7F17363DE1
:1000B000A03880BD0EA40BBCBD34453E795BE9BDC4
:1000C0001D03323DE640CFBD4DBCE3BD779FE3BD90
:1000D000809C003E7BA005BEC4CD293C0D358A3DE9
:1000E000F8E3B63D151E94BD626594BD61A4573D0D
:1000F000543A18BD7D5A05BE12D8FCBDDDB584BD8D
:10010000E49E8E3D4AD3203C23F51E3D5518BBBDD1
:10011000D68EE23C7D94D1BDF776CB3C747D9F3C7E
:10012000B247A83CB1F918BE70B679BD0282F9BDDC
:10013000C763063DA5155F3B30116F3D6C21E83D5F
:10014000D74B933D9B1BB33D8FAB11BCA7789CBD98
:100150007496B9BD0F432B3CED7F80BCD1E723BB28
:100160002E56D4BC50A8A73CAF0B3FBDA77A32BDDA
:100170008BFD45BE65385E3DD4D6883B5D6F9B3CAC
:10018000A12DA7BD6CD1023D1BD8AABCA647533DEB
:10019000F06C2FBE86911E3DF1D6993DA704043E1A
:1001A00014CF59BDFE0B84BCCF11B93DDA55A83D23
:1001B000F86D08BD6B0F7BBD1877A33D7367263DB7
:1001C000931ADA38DAC8953DE928073E8AAE0BBDA6
:1001D0007557F63CC07545BB4D49163DD28F063D5F
:1001E00039294C3C77F605BE7829F5BC7BD9B63D5C
:1001F00009A8F0BCBE33DA3D29928F3DD6E4893D93
:10020000917B3ABC2A7303BE5A4705BE81B3B4BD85
:10021000AF22233CE23FDD391D3922BEDB85E6BB40
:100220008A92B03DF12E47BE470463BC24B94CBE50
:10023000EA3FCBBD9EB21ABC166E39BD0E32493CA8
:1002400048DF243DBC92C4BD0211E23B0459CFBD3E
:1002500032C8BDBD27BC843CBB28BABD8E731BBD54
:1002600038DC47BD857CB0BD9088E93DFC70503DD1
:10027000FC6F65BD75E4883D2DB20DBEA9A42E3E70
:1002800012C1D83D5CAA123EF88D1FBE8010C9BABB
:10029000105A0F3D088E4B3BACE1023EE97F793DA1
:1002A000A3CDF1BDAEB7ED3DAD35943D9B54D4BD6E
:1002B00010408A3DDE1FEF3CBD180A3DED8196BD22
:1002C0002655DBBCD849FDBC54AC9ABCB4CB373DF9
:1002D000A034543C1023A4BE8961073C1A19243E63
:1002E000A7CD90BED2AC6C3D87157EBE677E85BE25
:1002F000EA0800BE4EF085BE2E56543C4E7CB53DFD
:10030000CFF83EBE643D353CE70091BE8D5E0DBD2D
:10031000247B34BE639CDFBD5A6526BD8C81F5BC51
:100320008FE367BE42CD803E78D35D3E19006A3DC3
:100330007219B73CE4F38ABE1F4733BD2843853E9C
:100340005B5B903E3C3030BED499DBBD998320BCD2
:100350002BF627BE854199BD84F1933DA77A42BE15
:1003600054725E3ED5B3003EFA7A6EBE1CD2283E71
:10037000111E8D3D38328FBDD46406BD0C03D63DB1
:10038000DAE6463BAF24993D4B92E7BC956001BE4F
:10039000AA0CE3BC36CBE53C4C88B9BC2E04B93C76
:1003A000F98296BCECFA053DB85AA73C51853F3D11
:1003B000D80DDB3CFB74BCBC2829B03957047FBD89
:1003C000C8250EBD55FA09BDC18D94BCD733043C78
:1003D0007994CABC5568603D795DBFBCBDFF8FBCD8
:1003E0002A021C3CC8948FBC2EE3A63BEE08A73C17
:1003F0001134E63CF2263FBC723106BDE0498B3C2D
:100400005D173E3D0535FCBC25B0B9BC1217803BDD
:1004100030DA23BD658EE53CCDE932BC1C985CBB6F
:10042000CC7B1C3CA2D032BDB39AAE3C9888B7BC02
:10043000C8D0313C8EE81E3D512D22BD4FE70A3C0D
:1004400090123B3CF019893B2EC9413D80BB2CBD2D
:10045000115578BDB3F0F53C356010BC329388BDC2
:100460004D4D823C8995113DA38F7939570A813BC7
:100470009E62553A5AD8D3BCC572CBBCA75835BD7D
:10048000FB743CBD267116BDD993C0BB806179BC9D
:1004900002B72EBD0666853CD316D73B0B0CD93C64
:1004A000D8493DBDB248933CB8ADAD3CEF5616BC03
:1004B0008A9210BD46231F3CD8F4A0BA9D9C81BDF2
:1004C000F43721BD2464203DC1ABE5BB32AEB8BCDE
:1004D000FD135CBDB48E2ABDA92FCB3CA96A82BA9C
:1004E00018CD0A3DB0381C3C1AA88C3CB7990ABDFF
:1004F00009FCA1BDB45975BCB8C9A8BB6EFC89BCC8
:10050000B70CB8BC7A8B87BC05C54FBD5A62E53CB9
:10051000D6C6583C6F8104BDFE614BBD86E464BD08
:10052000A16989BCEAB42EBD274A02BD7AC894BC31
:10053000FED5833D41F123BD897BACBC711DE3BC7D
:1005400014AFB23B8CF4223C4D3187BC9FCA293D8D
:1005500044C4CDBCAB9248BDA32163BC265385BD2A
:10056000BD3AC7BC1D588EBA403493BDFF59733C89
:1005700047C7D5BA8FE387BD5985CD39944DB9BCEE
:10058000B43EE5BBA43546BDCAC4ADBC0E2F083B86
:1005900061E20FBDBD01E6BC4CA59F3A382EE3BB1E
:1005A0001289C2BCDFE281BDE90EA2BD1ABFF0BB59
:1005B000A24275BD7EC7F0BBC4ED50BA0938843B7A
:1005C0009C6942BDBFBA6ABDEF9298BDCBF70CBC27
:1005D0005CE41EBCFC1748BD809D9B3C064B35BDB2
:1005E000E9D5803D3AB09CBD7F2F85BD1B0E8BBDEC
:1005F0003BFFF6BCF06E65BDF4328ABD0E2F88BCA1
:10060000DFC0E43B4F5C0E3CA837233C2041F13C6B
:10061000D5E8D53B8864483CE92C33BC2D9361BBBD
:1006200045D56FBD47020DBD48A46DBD30629FB773
:100630009ED06BBD982F6F3D96943BBC99BB163CEA
:10064000A4A91EBD98145FBD8104A5BD4948A4BCE2
:100650005D8C01BDA6B654BCCB9CAEBD5AB9973CCF
:10066000561083BC323935BD1EA69DBDE8BC463C44
:10067000685BCD3B572290BD05A392BC7E746ABCDB
:100680008D24C1BCB6F63EBDED2D65BC7C0D41BDD3
:1006900086C994BD18786EBD2E733A3BA3CB9BBC24
:1006A000E10C7EBC2DD06EBCAC3C813BF4897CBDA2
:1006B0006666863D7CD2893C0C0140BDB30885BD91
:1006C000EBE321BC1805813DF99F7C3CFCE2D2BCE8
:1006D000CD5709BD60924A3B1539C43C7522C1BC57
:1006E00037177FBD52EF89BD643B5F3C7A8B87BD76
:1006F00081216BBD6AC0A0BC6309EBBC849AA1BC1C
:10070000F2EE08BD2D0B86BD7A000BBC22A72FBCD4
:10071000753925BD0C7382BC53EBFD3C2B4F60BD7E
:100720005A2DB03C3718EABB61E1A4BD22FE61BD81
:10073000E02D903A0E6A3FBD6FD6603D3E25E7BC86
:1007400094503ABDE12578BDF419B0BD10246FBBBB
:10075000336B29BD8BE1EABA4699AD3DE4A345BCB4
:10076000000256BD27DE81BCDA74A4BD780A79BDCB
:10077000AFCCBBBD1C9686BD362303BB0A6AF8BC52
:10078000D1B2EE3C045864BC3FC7073D5BEB4BBDA8
:100790006FBDA6BC67D391BC70E958BDD594A4BD0C
:1007A000A10F96BCE2B11F3DC00559BC60C88ABD0F
:1007B000452D0DBD67B96CBD5F260ABD575E72BD84
:1007C00083DD30BC7BD88B3CB29C043D6728EE3A7D
:1007D0006DACC4BC13F2C13CA88A29BCB891B23C30
:1007E000397E88BDAAB786BCDC65BFBB4AB4643C11
:1007F00066F6F93CC5909C3B020CCB3CB77D4FBDE7
:1008000039449C3DEAE898BD56B7FABCF4DDAD3CEE
:100810001B9C883B5E6482BDC632FDBB0D1B253D23
:10082000603B583D1D7293BD3064F53CBE6C3BBDD2
:10083000BD729DBDD4480B3D5722B0BDB83C563B60
:1008400066BE033CCDCC0C3D7120A4BC95BAA4BDC2
:100850004C53843CB48EAABBBA8318BD3CA2A2BD43
:10086000C77F813C446B453DBAA129BD3DD436BC10
:10087000B131AFBC75928DBDCBBC55BD5C7472BD42
:10088000C558263CBD8EB8BCD07C8EBD9FE8BA3B17
:10089000C2A4F83B1AFCFD3BA2ED983BA86DC3BB7C
:1008A000A5F381BDD635DABC3C4AA5BC4359783C9A
:1008B00012DB5DBC1AFD88BD7CF2B03BDF33B2BDFC
:1008C000ADA5803C2922C33B2B318FBDDAC69F3BAF
:1008D000F08A60BD45F0BF3C2B88013DEC6A72BBDD
:1008E0001C0B8ABD16A584BCA39024BD486FB8BD5F
:1008F00098C32EBD2B3490BC3E7697BD6F47B83C55
:100900007BD720BD1CEBE2BCBF7C723D321D7ABDA3
:1009100051F480BD1B9E9EBD630E82BB6728EEBA5C
:10092000622E69BD1173C93C19ADA3BC9D9F82BDE8
:10093000139E50BD7A71E2BCB742B8BD908227BD0C
:100940003354C53B09FB96BD8FA58FBD21218ABDC0
:100950003579CA3B1475863D530498BDD9D0CDBBBB
:10096000919860BD58561ABC94A0BFBAA1689EBCAD
:100970003178183C143DF0BCE604EDBC3FFED23BA0
:100980000B604ABBC782423A53914ABD39D645BC37
:1009900047E9D2BC2D24A0BDB933533DF3AACEBB49
:1009A000211FF4BBB00412BD04E3E0BB2C67EFBB16
:1009B000E96253BDFA0B9DBD083BC53C9A9397BCB9
:1009C000CC638DBD8C9D70BDCF4844BD2D93E13B64
:1009D0004548DDBCE60558BDDA0498BC4F779E3B20
:1009E0002C9C24BC469777BDE02B7ABD6ABF35BDF1
:1009F0007B4A8EBDDB5031BDB9C27B3D1DE4F5BBEA
:100A0000FAF117BD4E639BBD562DE9BA3FE217BD03
:100A10003F5505BCA24681BD9241AEBDDB8526BDDA
:100A2000603FC4BC190200BC38BA0ABD3F72EB3C3F
:100A3000C5AD023D807F8ABD2FDE0FBCB8AE18BDAC
:100A4000F488113DE10852BD61169A3D25AEE3BC24
:100A5000D157903CFC195EBC5B9584BDEFA91CBCD2
:100A6000B4398EBDAFEDEDBB17B9A7BC79C9BFBD19
:100A70004BCCB33CA4526C3CC921A2BDEF3B06BD9C
:100A8000C921E23B1F4909BD82AC67BD095093BD36
:100A9000A532C53B452F23BBCA6B65BD9BFE6C3D94
:100AA00040C1A5BD1631ECBBC362543C4CC4DB3C19
:100AB0008D7B73BCDC9B1F3D0CE62F3A750044BD5B
:100AC000A1F405BAABEB50BD17B6A6BD726A673D7F
:100AD000174810BDE8F43C3C8080B5BCB7088CBD1D
:100AE0003FE2B73DA532C5BCAA100F3DAE9C3D3CD0
:100AF000FC894A3CDB519CBCD26D89BCA5BB6B3CDC
:100B0000B746443DA4198B3CCDC98B3B96B4E2BC9F
:100B1000282930B808733BBC994B8A3D1BF550BD62
:100B2000B70D23BBE3AAB2BCBE1288BD4069A83C86
:100B3000A5668FBC1F86D6BC130B3CBDD1B103BCD0
:100B40003ACAC13B375577BB382C4DBD0A86F3BC3A
:100B50009F1C853C530478BDDFF85A3D8F511E3DE4
:100B6000C05FCC3CC6C1A5BC0326F0BC5B4454BDF1
:100B7000CF867CBDE9D415BD446C303C821D7F3CE2
:100B8000389E4F39E89FC0BD110107BA6A16883DEB
:100B9000A988D3BCE1D09BBDCC2640BA74296E3D58
:100BA000569DD5BB3DB926BCE88626BC2426A8BDEB
:100BB000E830DF3C31ECB0BCF73CFF3C6FA0A0BD9F
:100BC00008AEF2BBE88666BDA9C0C93C7F4DD63BE6
:100BD0006424DBBD3D5FB3BB9BAB66BCB378B13B6C
:100BE0006094A0BD2B1895BB86E3F9BBC3F47DBD13
:100BF000B8C928BD0A30ACBCBF27B6BD79E6653A96
:100C00009A42673D680807BDC85B8EBD309C8BBDAE
:100C10009E4058BD80B996BCD28E9B3CD524F8BC72
:100C2000C0262BBD34BA03BCCF839BBD65389EBCA8
:100C300009547F3C263A4B3C3E0455BD7D586FBD60
:100C40007B6689BDF8FB45BD702450BB661380BD33
:100C5000D7312EBCF373A3BD07D11A3DD3C17ABDE2
:100C60000261A7BA45D7853DED0FB4BD9599123DF8
:100C7000E8D9AC3B768BC0BBDDD355BC1ADCD6BC07
:100C8000C938063D8BF9993D5070313C60AD1ABDB5
:100C90005DFCEDBC5F5D153D6A4E1EBDDFDC9FBD9A
:100CA00040BE44BD66BF6EBD26E1C23CD1CEA9BDEB
:100CB0000858AB3BE3A646BD9ACDE3BBCC242ABD86
:100CC000B9FB9CBCE0BDA3BBCC7C87BC4320973C5C
:100CD0000F2A31BDC2BF483DC4B1AEBD08E929BD30
:100CE00029236EBDED284EBDBC24CEBCE126233C9D
:100CF000DBA638BD51F4A0BD21E888BD9546CCBB2C
:100D000049B97BBB5F5C2ABCDB6CACBC64EB99BCB7
:100D10007EC605BDE06631BD4F956FBCED9F67BDDA
:100D2000B91A59BCEAAE8CBD8DD2853DA569D0BC3F
:100D3000923F983CDE209ABDEA758BBCB98B70BDA2
:100D400093FE1E3DE1464ABD941799B9118C83BDAF
:100D5000A837233C07793DBD38A3E6BC4B5C473B35
:100D60001FA03BBDBA9E28BDCFA322BDDB5031BD25
:100D700091459A3A01A7F73C4BCBA8BD3128533C8B
:100D80003927763A562DE9BA45662EBD015190BDF8
:100D900093C3873DB9E177BD37A7B2BD685E0E3D0D
:100DA0006F9E6A3A93C57DBC342F473D3A5D96BC31
:100DB00060CC963B45D52FBB59DAA9BCC9E880BBAE
:100DC00094F771BD53767ABD7BC07CBD3B195CBD89
:100DD0008010493CD3DA343DCBF596BDEFA99C3B5E
:100DE000679A30BC1D041DBDFF5ADEBC494C503D06
:100DF000E42E423B1F13893D1A6A943C2E767B3DBC
:100E0000DE39143D2B16BF3C35979B3CC4EA8FBCA2
:100E10000377A0BB82C68CBDB0E48ABDA131533D2F
:100E2000726BD2BC091687BDAABA87BD82A87B3B6C
:100E3000F0F70B3CD1CD7E3B287F77BC328E113B47
:100E400035281ABC6FBC3BBD88A0EABC83A4CFBCCC
:100E500096B1A1BD9693D0BCDEC9673DF699B3BCEF
:100E60003B6E783C26C5473C2C4748BB0E8379BD7A
:100E7000D1AFADBC00AB633D4D2EA63D823BD0BC97
:100E8000191D90BB6248CEBC4A7FAFBD59341D3D91
:100E90001FF2163DE76E57BCA857AABDEF1E60BDF6
:100EA000ED284EBD6EE04EBDCD902ABD63B664BD4B
:100EB000041F433DBA498CBC6D8F5E3C0A487BBC25
:100EC0005A66113D8D808A3DECDA9EBD551259BDA2
:100ED00024D44CBD1B6492BCA5121EBD8A91A5BC36
:100EE0007EE456BCE50AEF3B8388D4BC2783A3BBD2
:100EF0005DC38CBC8DD566BD520D7BBC87FC93BD9C
:100F000025AEE3BC0A67B7BC16BF293D069C25BCCD
:100F1000AFCD86BDFD2F573C2384873DA74191BDB2
:100F20003EB2B9BBD49E123CCD1D7DBC7E8B8EBD26
:100F300055A442BC0B2AAABC289E33BC1B48B7BD93
:100F400094DB363D9F3BC13B9FE3A3BCAB768DBD9D
:100F5000BC5AEEBB6683ACBDBCE780BDB2687A3DCF
:100F6000C7D71EBC30470FBCEAB0423CCCEE493C70
:100F70009D4A86BDE60382BC984F963D11578E3D33
:100F800017F4BEBDE109BD3CF6B483BDA08C31BDF4
:100F9000D15AD1BBEF56963B2E74A53CCFA14CBD88
:100FA000056B1C3D3D2953BD378DEDBCBDC5C3BC94
:100FB000284696BC5187953C0AF895BD6F2B7DBDA0
:100FC000F99F7CBC5ABBED3C27309DBC0E15E3BCA1
:100FD00090C01FBD9ACC38BDC076703D2959AEBDBA
:100FE000E3C281BAE0BAE2BCB1F9B8BB7711263BE3
:100FF00035971BBDCD2254BD54E0E4BCC70DBFBC2A
:10100000AD889A3C48BFFDBC6E13EE3CE08482BDC7
:10101000705E9C3A946994BDDDB419BD184078BAED
:10102000F182883BA1118CBD022A9C3CE2E8AABD5A
:101030002BBEA13B24438EBD1E8C183D0519A1BDBE
:101040001FF818BD456799BD2E573FBDE5D3A3BD19
:1010500037C1373DF04DD3BCCAA747BDBEBFC1BCE9
:10106000EBABABBBD3DB9F3CA8C5E0BCA2D3F33C4E
:1010700049B9FBBB57EE05BD30F65EBD4DDB3F3CCD
:10108000C6FA063DDE20DABCE1964FBD1990BDBC24
:10109000E9F311BDB9E262BB7845303D62152FBD61
:1010A000C53BA0BD71E481BD2787CFBCFBAD1DBC96
:1010B000F52F49BDEB1E99BD5A9D5CBD795993BD75
:1010C000ECBEA3BDBDC68E3DD0EF9BBD4777503D66
:1010D0007C61B2BC8CA372BD1840F8BB7079ACBC0B
:1010E000C98F98BDFE273FBD1B4CC3BA9C197D3CE0
:1010F0006C40843CFF24BEBC48A558BD0C3E4DBD91
:10110000D594A4BD5C3CBC3C55A6183DA988D33CF5
:10111000DAAA24BD8EC897BDB53798BD23BB12BDD2
:1011200080F18C3CCE8AA83C5E30383C10E7613BB5
:10113000EFAE73BDE31C35BDB58AFEBC408A9ABDD7
:101140005B2382BC8B38BDBD66834CBDF511983DD9
:10115000F6EFFA3C516A6FBD130A11BD008D52BD06
:10116000C40AB7BBB3976DBD456844BD73F1373C46
:10117000CB2B57BD077CFEBCF4C0C7BB849C77BD9E
:101180002CF5AC3C2B88013DE90BA13C65E080BB14
:1011900084BD09BD200A66BDB85B523DE67970BDCD
:1011A000DE1E04B9DF31BC3C952AD1BC5A2B5A3C17
:1011B0001CD17D3DEB6F493D33A620BD6A6AB9BDA8
:1011C0006FBB50BCE8D8013D8B37B2BC2C280CBD9E
:1011D00036069D3B8E918CBDDFC0A4BD6FBCBB3C71
:1011E000D21958BD2A36E6BC4ED4523BD57A7FBDC3
:1011F000E1B3F5BC01C19CBD881142BD2499D5BCA9
:101200007407B1BDB7D4813D8F1CA9BD0D1D3BBD79
:1012100071AFCCBCA19EBEBC75CD643CF59F75BDC5
:10122000195691BD0ABABD3D2C0DFC3C034100BDD1
:101230000472493D8962F23B7AA9D83B23D8783DB4
:10124000A46D9CBD5E8469BD22A599BD766B99BDD8
:101250001F0F9DBD267241BD7D91D03C42985B3DE4
:1012600069520ABD3F00A93CADA1543D78428FBDF3
:101270000795B8BBEEEA15BD0DFBBDBC761B94BD52
:10128000B5FE16BD9D47053D2F6A77BC4DA1B3BD88
:101290003ACA413B40C2B0BD23684CBB001F3CBCB6
:1012A0006BBA5EBDC977A9BC7F6ABCBC2A6FC7BCDC
:1012B000635F323C037C37BC70EE2FBCB40203BDCD
:1012C0001F1329BD2D5B6BBCFA7FB5BD4C19B8BC93
:1012D000618DB3BC5D52B5BD997F34BD5BE9B5BCD2
:1012E0001422E0BC49136FBAF8C650BDA7061A3DD8
:1012F000B54F47BD4C1A63BDB77CA4BC7654B5BC92
:10130000CD77703C5628D2BCF37218BDE01416BDE0
:10131000F085093DEA91A6BD1EFF85BD3B1D48BC79
:101320000745F33C1157CEBC067F3FBC5342B0BCCF
:10133000B150EBBCECF91ABC01A5C1BDE2E5693BBB
:10134000FF76593C45DAC6BCACCA3EBDC1ABE5BB75
:101350001156A3BD7DCB9CBC9417993C94FAB23B2B
:101360007C7D2DBCE1968FBC00E1A3BDE21D80BD5C
:101370000F26853D2A3BFDBBD3A329BDF4A4CCBCDD
:101380008481E7BBA10F96BCC1E01ABD7AC3FDBC46
:101390000A8693BD97548DBD6F1198BDE65DF539F2
:1013A000E4DCA6BD06BAF6BC7A54DCBD0E65A8BB6B
:1013B0001172DE3CD3F845BD6EDFA3BBE63F24BC13
:1013C000417D0B3DB3252B3C87C3D2BD871659BC4D
:1013D000C66948BDC80B69BDA2D373BD7D97523D98
:1013E0007216763CF5F3263D4776253DE0F48EBD3A
:1013F000E65AB43B293F69BD1002F2BC7C7D2DBC8E
:101400004A287D3D53EBFDBC4F5C8E3CAABA47BDDC
:10141000ACC527386E6A80BDB265F93B5E0FA6BCCD
:10142000CAFACDBC011679BD1A1A8FBDC97127BC85
:1014300004ADC0BC088FB6BC4224433D431F6CBD05
:101440007A71823DC93846BDB84002BD2E76FB3B5D
:10145000596C933B446D1BBD575F9DBD016DAB3C0B
:10146000B265F9BBFD8308BDBDE2A93CB66801BD0C
:101470007C7B173D5DC1963D0ADAE4BC5D5380BDBF
:1014800022FD363D6EA46CBD0325853D184123BD6C
:10149000271783BD84B91D3DEDD371BBE0D7C83C90
:1014A0001AF9BCBCE1240DBDC37DC4BDA088A5BD97
:1014B000DCD701BCBB5F853C9B54B4BC2DCF03BCC7
:1014C0002B359BBD4B78023D948359BCFC1D0A3DD6
:1014D0005CC94EBDEE5D83BBD7F7E139EDBC4DBDB8
:1014E00030A017BD52ED13BDFCA971BCE5620CBD67
:1014F0000B410EBD9D0E243D081F0ABD7E3A1E3DC8
:101500003E066BBD6D1FF23B217410BD8F183D3D33
:101510005ED89ABD9DD582BC3B72C4BD3D9B15BDB6
:1015200094F686BD80D8523D9E3FEDBC936F763DCC
:1015300038A2FB3C153AAFBD7CF05A3C32AE383B8A
:10154000DB3581BD1B13E23C3F538FBD7EE1153B74
:1015500000C71EBCDA916ABC386B703CEF8E0C3D44
:10156000CC095ABB2E75903C488707BBD218AD3CBE
:101570006669A7BB107775BCE3FCADBDBD8CE23CD2
:10158000425E8FBDA916B1BD7462CFBD431D563DED
:10159000ADA68BBD828BB5BDE7FB69BDC763A6BD9C
:1015A000D0D16ABD87A3AB3BF3207DBDE1ECD6BCB7
:1015B0004F771E3C2C7DE8BCCBBF163C268EBCBCB6
:1015C000EC1255BC66BD58BD9E0BA3BC3B36A2BDFC
:1015D000DD269CBDABCD7F3D8449313DEA7A82BD9D
:1015E000875386BDD10660BD53405ABC471E083D97
:1015F000F6D03E3DF0888ABCA59EE5BDFD86093D3E
:10160000CB9D9939802D2F3CEDBB223D079B3A3D68
:10161000F2EE883DCBBB2ABD93C9A9BD691DB5BDFE
:10162000A96917BD06D6F1BC04E70C3B96CB06BDF5
:1016300033DE163D16F88ABBB35D11BE4087F9BC98
:10164000418222BDFCC396BCA3E756BDB1A6B23B06
:1016500078F2E93CE961283D9C6DEEBD1AA6B6BB67
:10166000A837A3BB041E183D7D228F3D7BF8023EA8
:10167000E869C03CE76E973D23A042BCB1536CBD06
:10168000516683BC7654B5BD93FC08BD57CC883CED
:101690001D71C83BD3A454BD1B68BE3C6CB5873CD0
:1016A000D105F5BCC38025BD3481A2BCA1808DBD10
:1016B0004BCADDBC9AD27ABCC878943D5089EB3BCA
:1016C000A5DAA7BC5512D93D4B5C47BB1EE29F3D36
:1016D000FA5EE3BDB75E93BD4EEF82BD548EC9BCCA
:1016E000EF39303C2D060F3DE21F363BBA2FE73D68
:1016F000BAF55ABD7AE2B9BCA037253E30A102BC8A
:10170000E90C0CBB18ED71BC46994DBD50C84EBCE0
:101710000D6C95BB39D2D9BD5D6EB0BD9F939EBD9A
:10172000C6A3D43D64CD183EBDE19E3DF870C93DD1
:101730004739683E43C8F93C38A491BD787CFB3CEE
:10174000D8BBBFBDD504B1BD6B7D913C9561DCBC00
:101750006CD0173D2E8F95BDA29A123BCC0A053D49
:101760007349D5BCB98C1BBD3CDC8E3CE63BF8BC58
:10177000863D6DBACC44313E7B9FAA3D5AF1AD3DCA
:101780003F70F5BDFDA38FBDAF3EDEBD7461E4BD0E
:10179000EE7AE9BD450DA6BC85E9DBBD033F2A3DD8
:1017A0006F0E173D54366CBD876EF63D9F58A7BC33
:1017B00013D646BC95B82E3E2D24603D618B5D3C12
:1017C000F030AD3DC79F68BDE4A21ABD0805A53B3A
:1017D00062BAF0BD7AC61EBEFCC401BE6935243EA5
:1017E00003241A3E82026F3DBCE7C03D40DF763ED7
:1017F000655504BE57D054BEDCD5AB3CED478A3AA4
:101800007C6308BE4087F93CC72CDBBD6A34B9BA9B
:10181000FB21F6BD713BF4BD096C4EBDC477123E91
:10182000E71D27BB4CA4D43D0A4906BE55DDC3BD08
:1018300009C43B3EC3BA71BC3B3A6E3D486BACBD7C
:10184000D87F0DBEACE403BE757246BEDD232BBE51
:10185000D26E34BDB9C150BECC6232BEC5909C3C84
:101860004260653AAE9E033E7025BB3C2A54D73D8C
:101870002B84253E8A909A3D54905FBD71E3F63DDE
:101880001E70BDBD314238BD8FFBD6BD693805BE67
:10189000EAEC24BD0B9AD6BD3813333EC8EC1C3E8F
:1018A000721AE23DCE55F33DEE95493E39D239BE2E
:1018B000C174AABEED6430BD170F2F3DD74BF3BDE9
:1018C000B56F2E3D925C0EBE8010493A0CAF24BD20
:1018D000499F36BE3257C6BDFA42783EF32148BE14
:1018E0009738F23C44F962BE448730BE849F583E2C
:1018F0002ECBF7BD98F8C3BD72E025BEDE21A5BD95
:1019000019CB44BE9EED71BE48DCA3BD8B6C67BD98
:101910009A2551BE4A2895BEED2939BD5166833BB3
:10192000B2F22B3E8E948DBE93AAED3C79EAF13D46
:1019300093C412BDC28792BC37512B3E164F1DBEB9
:1019400017B6663DD107CB3B541FE8BDDFF8DA3D43
:10195000E547FC3C6473153DEF8C563E8BA9243E55
:10196000E15DEE3DF17E3C3E34F883BECBBF86BEEA
:101970006F45A2BD6822AC3D180852BE1DAA893D24
:10198000683F32BEEDF52EBDB28134BD83FB61BE32
:10199000FFCBB53AE1D2B13D10AD95BC75CA23BDC0
:1019A0005875B6BDA22705BE6C06D83DF1483C3C33
:1019B000C77F81BAA1116C3D548EC93B925DA93D90
:1019C00070943CBCAEEF83BD999D053D273273BD3D
:1019D000EFA8B13C174810BD3BE1253D185D5EBB4B
:1019E0005C03FBBD28634CBE91636BBC55BF12BD4D
:1019F00033FE3DBDC95A03BDDC2F9FBC8B6FA8BC15
:101A0000EC4E773DE23C9CBDE7E31ABD323B0BBE9A
:101A10003BA68E3D7381EB3D68CCA43DDE5A26BDCE
:101A2000EBE3613D018A31BECE3722BCB9C57CBB38
:101A3000B34512BDB8AC423D71CC32BC1288D73C24
:101A4000406DD4BCE543D0BC7FBC573D9373E23CB2
:101A500048DDCEBB30D54CBDF86BB23B9C4E723DE1
:101A6000FC6DCFBD0DC2BC3D5870BF3CF4C4D33D2E
:101A7000274D43BDDBA4623D2A8B423D36E976BD4E
:101A800011ABBF3C8B16A03C944F0FBD3B734F3D39
:101A90006281AFBA5EF23FBDE620A83D7F69D1BC4E
:101AA000C3EF06BED15CA73C05C0F83C3AEA683BF0
:101AB000DA8E29BD94FB1DBD3A76103D1B49A2BDAF
:101AC000D2A840BCE3E2A83C301305BE581D393D06
:101AD0002959EE3DA4371CBD76383ABC4DD6C83DD9
:101AE000D82926BE234D4CBEF2EE48BB3F5585BDDE
:101AF000FDA02EBDE38B763BF0875F3D73BD2DBD12
:101B000026706B3C29CE513D35CFD13DCC634DBCC9
:101B1000B08FCEBC2C9FC53DFD4D883DF20783BDE7
:101B200001A7F7BCD3C12ABE9DBCC83B4AF006BD85
:101B300069FD2DBDDD4081BD86AD99BD3677F43C94
:101B400047AF863CDD60283D5664F4BCB7EE263DC9
:101B5000236AA2BCAE0E403DD3A1533D78D503BE4F
:101B6000D74C3E3C734BCB3D70B1A2BD0536E73A36
:101B7000B2D911BD8FE3073DC897F0BDA16949BD3A
:101B8000FDA06EBD8A1EF83C39D0A33D45123D3DF7
:101B9000EC3191BD6956763D2CF26B3C94F6E6BD76
:101BA000A5A30CBED9CD8CBC03ED0EBDBAF605BD08
:101BB0008929113DCB9D193C0B5F1F3D13D385BA7D
:101BC0004E0A73BC33A6E03C6FB97A3D03D113BC17
:101BD0007DAD1B3E3F19633C1BF2CFBDC0CEED3D3A
:101BE00089B194BEA94FF23CE945CD3D3815A9BB5A
:101BF0007AA782BCE23FDDBD2DB1B2BDE8F43C3D29
:101C0000404F83BC8AE691BE19AE8EBD4D8683BD22
:101C10005A9D1C3DAD6BD43DF392BF3D57B178BC8E
:101C20002A568D3D4F5B83BD51BE203D018685BD4B
:101C300023F85F3CDBA7A3BDAAB7E6BD25911DBE77
:101C40006213F93DD332D23D728BF93D7F87223C3E
:101C5000B03AF23CDC9D35BC9301803D605668BDD6
:101C6000E73AADBD6E6D813D55DD63BDD3DEE0BCB1
:101C70004A5FA8BD7044F7BB3E06CB3DC13BF93B74
:101C800076C461BD76C6073E143D703C0A9FAD3CEC
:101C900092E9D03CE36D45BE3FC5313D045A4EBF8D
:101CA000DE3AFFBEBC96B03D1442C7BD121780BDE0
:101CB000A8E0F0BD429304BDA6F010BE4AB4C43DF6
:101CC00072360DBF7D2114BE757880BE2A01613E3B
:101CD000E7A778BE4567B9BD988897BD855C49BEC2
:101CE0009BAAFBBCBDAC813E6DA9833D1C950B3E00
:101CF00094FA923DA1689E3D2E0469BE4E45AABE4F
:101D0000A75C113EE0BA423E2D0A9B3EDCF5D2BBF9
:101D100059C4303C815971BE9F211CBDB6BF8BBEDA
:101D2000D07F8F3DBAF344BC855BDEBDCDB11CBE18
:101D3000DD25D1BEC9E90B3E9A93173D802BD93DD5
:101D4000DE01CEBE9AB5943C39809EBDCBD9DBBDB9
:101D5000093458BC4F3E9D3DE1968FBC7B30893D98
:101D6000D15AD13D23D9A3BD2FA5AE3C30F533BD0B
:101D70006E4C0F3D7896603D53B29CBC591737BCF2
:101D8000211FF4BBE4D664BD9CFD013CB213FEBD33
:101D900004E681BD1A15B83C71913BBDF44D9A3CE7
:101DA0004AD01FBDE943973C350C1FBD7C27863DBB
:101DB000D2A840BC95D3DEBD562B13BD10B1C1BB1C
:101DC0004E47A03DFE0A993C7FA408BD14CC18BC28
:101DD000EF20F6BCE73A0D3BB8C9A8BB2173A5BDFF
:101DE000E50DB03CFB1E75BC6E4FB0BDE54225BD98
:101DF0007922883C34A2B4BCCA16893D997E09BBBD
:101E0000EA95323C8735953DB79C4BBEDFA9403DF6
:101E1000C1C41FBD2288733B30F4083C691EA0BDBD
:101E2000166D4E3DA24360BDF7E50CBDA5F44C3DDB
:101E3000CB4A133E410CD43D3677743C2992AF3BDC
:101E4000DF17973CA855F4BC315E733D7BBE66BD81
:101E5000CEFFABBB8883043DECF7443C999A84BD2C
:101E6000ECF7C43C094FA83DEE96E4BBDBBFB23CA7
:101E700098BEB7BD94507ABD85EFBD3DA6D4E53D73
:101E8000221ADDBC5E9FB9BD569A14BC32C792BD02
:101E9000821E6ABDAA10AF3DAA2AD4BD2F88A83DD4
:101EA00098C1983CCA3585BD0744883CF086343DCE
:101EB000F4FD54BC51F50B3EE999DEBDA64688BD44
:101EC00019CB043E7A35C0BC0708E63AE2E82ABDE1
:101ED000F8FF51BE4223B8BD0C4023BCBD184A3D9B
:101EE0008011B4BCF6406BBD06F743BD0A4B0C3EF7
:101EF000B0AF053E815981BDF4E0EE3BB3B1123D78
:101F000033A42ABEF583DA3DCCEEC93D1E6DFCBD7F
:101F10007381EB3D3961A23D59F9E5BCCE5408BE51
:101F20002F86323D184123BD713DEABD62A1B6BD89
:101F300013B8353DB1169FBCA41A763D1878EE3C17
:101F40003D7FDABBF627F1BC25EBF03CB37B723C5E
:101F500035EB4C3D4B75A1BD863B57BE19CBF4BC50
:101F60002218C7BD10E761BCB5364DBD6BEFB33D60
:101F700085B270BC938E323D7AA7023D88F12A3E2D
:101F8000CC7B5C3DECDB39BEC024D53D9016E7BD73
:101F90003DB9C6BDC0078F3DE8123EBE7A56923DA0
:101FA000DA006CBD725032BEE65B5F3DE679303DD3
:101FB00049832BBEA73E10BB7EC7D0BD83C195BD54
:101FC000EC85823D94FB3D3E8BA6D3BD1E3320BEE7
:101FD00044E0083D7786293CDA20933BD7F761BD82
:101FE000001BF0BDDD7B18BE904906BD03CD873DCB
:101FF000DC29FD3D5913AB3DA857CA3BAC8DB13D23
:102000001A6B3F3D61191BBD0C59DD3DBF6328BEF6
:10201000BF4612BB746184BE6BF2B4BDE6CB4B3DD0
:10202000C6F9DBBDD9CFE23DBA2D513D48171B3C67
:102030003E2050BC787E913DD6FCF8BD50C6F8BC21
:10204000814057BE3C6620BCFD1467BE89B16CBEA2
:1020500048C0383ED7A483BE6A18BE3D7425023EF0
:102060002EE396BEDF524EBE55692B3E04907ABEDB
:10207000F06EE5BCC2A29ABEDAAED03D6B1076BE61
:10208000944DB9BC151F87BEC5E4EDBEA7781C3EB4
:102090002672713E00FD3E3D71AA35BABFD52A3E7B
:1020A00007EB87BEE21F26BE7D3C44BE15FDC13D49
:1020B0005530CA3D84D48D3E79E58ABE34F615BECE
:1020C000CC60DCBE6E8B72BD76197EBD70B338BD40
:1020D0002DD08EBE73477FBCE86CA1BD57047F3CFA
:1020E000E926213EF91400BD0264A83D3106E6BE92
:1020F000C9CB1ABC450EB1BD93020BBD890BC0BC48
:102100005776C139B0AD1FBD01A30B3D802858BD26
:1021100028BACEBD6B0C9ABDAF5A193C6459B0BCFD
:102120007311FF3D2E03AEBDB1BFEC3CF9DB1E3B8E
:10213000062A233DA8E547BD3BA68EBD43E309BB68
:10214000CFD897BB4CC6B1BD26A6AB3D20B7DF3C70
:10215000DC9E203D836E6FBDBD1ECC3D0EBE303D6E
:102160003867C4BCA41A763D94A1AA3C471E083B1C
:1021700025B0B9BC3EB44FBDAEB878BD096EA43C25
:10218000A9143B3D085740BD7313353D570AA13D87
:10219000DCF6BDBCC4CDA9BB83DF86BBF488113D92
:1021A000317943BD5CAD933C5726FC3BC6C1E53D50
:1021B000EBE0A03D66F7A4BDF3C98ABDD5CEB0BDA6
:1021C00037FE44BD75C9B83C04E576BDF224E9BCD0
:1021D000338DC6BD0211623C87DEA23DC8B5213CED
:1021E0009D2A9F3D32AC62BC5ED81ABCF06A39BCF5
:1021F000DFA3FE3C14D12F3D3E5A9CBCBB0ED53B09
:102200006BB75D3D166CA33DBAA1893DDEE5A23DED
:10221000460AE53CFBAFB33D402F1C3DC9AC0EBEAA
:10222000FC195E3C6136813CCCED5E3D4C8EBB3C86
:10223000012F73BD3F3734BDAB5C88BDF5F6673CFD
:10224000BEF6AC3DE49E2EBC51A13A3C411020BDEF
:10225000E1D487BD2B318F3D1A86AF3D09A61A3CCC
:102260004699CD3D5DBFC0BD8179C83BC45D9D3DF4
:10227000BBEC07BEA2B5A2BD4B5906BD4F3BFC3C13
:1022800066F764BD59888EBC93FD73BBC6FC5CBB0E
:1022900083C260BD3B70CE3AC592F2BDC4D2403D10
:1022A000F37694BE808035BDE82D5E3D3FAB8CBD9E
:1022B000622E293E1AA5AB3D2653A5BD0647E93D32
:1022C0002C45B23D5D17FE3C514F1FBD3CD94DBD65
:1022D000795B893D0536673A2FDF7ABDD237893D74
:1022E000518800BC3D9A6A3DB0E2943DD19332BD25
:1022F000923CB7BD8D5DE2BD8BA889BB4E4780BCCB
:102300004BAB11BECEFB2FBE865988BD6420CFBD1E
:102310005E4807BD1FD9BC3DE35215BC5776C13995
:10232000D14117BD4167123D90D81E3E2042FCBDF1
:10233000E71DA7BB22C4153CE3FE833D36039CBDCD
:10234000DB8AFD3CFBCDE4BDC2F8893DB9FA713DA5
:102350007FBDC23B8AC9FBBDB5C5353DF91187BEFE
:1023600094A48BBE81B229BDCFDAED3CB682163E75
:10237000E42DD73D4E2B053A32ADCDBC3D2A7E3DF6
:10238000C93B073C700A8B3D2843ADBEFA4288BD6D
:10239000F4F9A83C7E3A9E3C42EE82BDFA628F3D43
:1023A00033A74BBC83DF06BCEF90C23DC2BF48BD24
:1023B000615307BE4431093EF695873C70EEAFBBD2
:1023C00011FC4FBE022D0DBE151A083DADA2DF3D1A
:1023D0005D34A43DC6DD60BD8253FF3D4850FCBD69
:1023E0000A9FAD3CC5CAE8BDE2CB54BEA931E13D70
:1023F000ED7D8ABD0438BD3D3ECDC9BCDC6715BE50
:1024000037FF6F3D6459D0BD1633C23D2577B83DC7
:102410001BB883BE8062843DFD8398BE842DA6BE1A
:10242000CB8289BCAAF3C83D670EE1BE73309B3CEA
:102430009A43F2BDB77953BE670E893E6667D13CB9
:102440000A2E163DC284F9BEC9E92BBD4EB516BE93
:10245000EE23B73BB01C71BEE31673BC2C7E13BDDC
:10246000302DEA3D61DF8E3D3FC7A7BD25915DBEA2
:10247000CDC90B3D16BEBE3DA3049DBD85B62CBE89
:10248000707861BE2844403CE929123E1FD7063EC1
:102490003197F4BDDC2C5EBE02488DBE19C6DDB995
:1024A000505436BD94D9A03D2CD41ABC6DC754BC31
:1024B000ACFD1DBD3DD30B3D89D4D4BDB806B6BC23
:1024C000B6BF73BD1FBA203E8EE608BD72870DBD34
:1024D00019CBF4BD93FDF3BC0708E6BB7C9BFEBBA8
:1024E000077C9E3DB6D712BEA9BF1E3D58E38C3D6A
:1024F000263AABBDB1A3313ED7FB0D3E73A132BD31
:102500004F40D3BD21CDD8BC7651043E9E40183DEE
:102510007A1B1BBDC8953ABD3EE829BE0B44CFBC13
:10252000745D783D2789A5BD080264BDBDAA933DB1
:10253000CD1F533C48A9143EC231CBBCF5F491BC2D
:1025400013B5B43CE413D23DB2821F3D834F73BD3B
:10255000121394BD0EF3E5BC1BDA803CF24365BD5B
:10256000FA80C0BD6AF7ABBC9DBE1E3D9D9FE2BB1D
:1025700059858D3DB3B53EBBEE2121BD884C793BDD
:102580006E328A3E14E768BD2D06CFBD575AE6BDB0
:1025900019006ABD64E76D3D9EEF67BD82577B3EC3
:1025A00053CE57BDD68C4C3D54E0C43D376E71BD03
:1025B0001D0207BE4790CA3DEF1BDFBCBF29ACBC64
:1025C000C70D7FBD6BD5EE3D65C706BD5F411A3DAA
:1025D000B8742CBE55A638BE228E35BDCF328B3C8A
:1025E0008C497FBDDD0CB7BC3CBDD2BD624CFA3C12
:1025F000E65AB43C3EECC5BDCD8F3F3D2AE620BD3A
:1026000000703C3E61C13D3D7B49E3BCD9765A3DFB
:10261000675F393D807F7ABE1573903D05170BBE0D
:10262000D74F0FBE9FE8BA3C014D04BEE3DF673DC4
:10263000F4C51E3DE448C7BDA261B13C3F8C303EAD
:10264000F33907BEC4CF5FBEDBC00DBE0F60D1BD86
:10265000F9661B3DE868B5BD6D37213E5F5FEB3C19
:10266000EA5CD1BC6649E03DF19D983D0B5D09BD3A
:10267000DF6BC8BD5FD185BED63BDCBDF0A405BC19
:10268000F44F103EF60A6BBE86E5CF3CAFCD06BEDA
:10269000A1F2AFBDCB4CE9BD7F8421BD1F679ABAC3
:1026A0000C7829BEC57336BC9965CFBD60C80ABE1B
:1026B000ED48B5BDCE897D3DF165A2BCE09D943E5F
:1026C000556B513E96CB463D8D258C3D6B2BD63DB3
:1026D0001004E8BD48DC233D10CF523D6039A2BD57
:1026E0004D9F9D3CF1BDDFBDF94945BE86AA183C12
:1026F000F6259BBD8B170B3D9C4E623E82AA51BCBA
:10270000AC8D61BE4C5003BED080FABCDB6F6DBD9A
:1027100058569A3D99F5E23DA53245BC1A4DEEBD9D
:10272000637C683E3FFED2BC5E0E1B3E54E666BD37
:10273000C1583FBE6A2F82BEB49216BD12F7803ECA
:10274000CC29E1BDCE712E3D8A03C8BDA48B6DBEE0
:1027500093A611BE4641703B6118303C910B4EBBB5
:10276000299746BC658F90BD20602DBCACCA3EBD8C
:102770003A221FBD4E44BF3CA81D963E3677143EFC
:10278000BBEF183DFB21B6BC3B51D23D9D0D49BE70
:10279000FCFCD73D1895343E312853BC6A3439BC13
:1027A000DB4EBBBD5D6F1BBD1F1339BEEBFEB1BD64
:1027B000344DD83B3AAF513E2F4D913D3256B3BECA
:1027C00025B1A43B3D0E83BDB8E7B1BEE36CBA3C76
:1027D000D7DEC73D82FD67BE77F6B5BDDB50813ED3
:1027E0007173AABC05E1EA3D02B954BEE4D88ABEC1
:1027F0008C8317BF4C70CABDA374A13EF1F4CABC50
:102800003A0298BD698FB7BD3143EBBE9ECF30BE53
:10281000A2D3733CC6C1A5BC7235B23C7CEE84BC6D
:1028200080EF36BD49A217BDD4D317BECB2D6DBEE8
:10283000FF5BA93DE57E9F3E08C9C23D4E7B0A3E37
:1028400002D61EBF7AFF4FBEF65CC6BD20B248BDA1
:1028500086E3793D7CD6253E116D473CD0B785BCDB
:102860002E75903DEC4B063EBEF9EDBD7D7640BD2C
:1028700018B3853D12A3E7BC40DDC0BD2637EA3D55
:10288000862112BE0A845D3D153829BE0A2B953C6F
:10289000AA9C763C1844A4BB889D09BE12C2833D05
:1028A000506E1BBD2C44A73D70B007BE6399BE3D62
:1028B000506F46BDC6E081BD16136BBE44A7E73D11
:1028C00046EA3DBDC2BF083EA245F63DF3ACA4BCFE
:1028D0004FB0BF3D6138D7BBAE2C51BDBD53E1BD3C
:1028E00092959F3D871AC5BD4DA1F33B799535BEA5
:1028F0001F13293EF224E93CE9D3EABD14CE8E3DF4
:10290000876D8BBDDD45B83D8F35A33D02A0AA3D47
:102910008ECD8E3DC26931BE795888BDE0D91EBECC
:10292000EEED063EDE1E043A645A9B3B3D9DCB3DD8
:10293000EBE597BD9C52BE3D31B5A5BCCB2C02BE8C
:10294000BDFF8F3CB7080CBCA0501FBE75029ABBE0
:1029500099D4B03DA60A26BE662DA53DD9EB5D3DB6
:10296000AB5FA93DD1E723BD0CCB9F3C3411363D75
:102970003198BFBCD06249BEF5BAC53D621103BDF6
:10298000E7E0993DCBD765BEAA0F64BDBC57AD3B10
:102990003412213CCF2E5FBCF10F7BBEEB54393D8E
:1029A000098D60BEC6F8303DBFB63E3DB8E68EBD6F
:1029B00058A9203DA5306F3DEF59B73D7366BB3C2C
:1029C000105C653D2CD8063E27889A3DCC9AD83DB0
:1029D000B4398EBEED2D253DB69E41BE8BDD2E3E1B
:1029E000A14ACDBC52642D3D38F8E23DEC2FBBBC72
:1029F0008997873D75CD243D01154EBD703F103E32
:102A0000F19B02BDEFE3A0BECD0699BCDEE7F8BAAC
:102A1000CD7625BE01BEDB3BB840823B425FDABDCE
:102A2000F5BE913DFAF2023D3734853DE7A7B83C4B
:102A30006900AFBD04CAA63DA9DE4ABEEE047BBD57
:102A4000D63986BEBDFDB9BDC101CDBD70B6793DDB
:102A5000AF94653D9208ADBE32207BBD1F481E3D40
:102A6000C13ACE3D06DA9DBC1C406FBEA586B63C81
:102A7000392B22BDC592723DF96831BD2E8FB53C10
:102A8000C51B99BCA3959B3D8924DA3D2A5833BECA
:102A90009ACD63BB3FC4E6BDEDD7BD3D50E01D3DC3
:102AA000349D9D3D66F5EE3DAD518FBC0264E8BBA3
:102AB000E0BAA23D58C7B1BD1AA7813D0A86F33CD2
:102AC0003F1BA1BE0A14B1BD3942E6BD29B16BBEA0
:102AD00018247D3D99B7AABDC992B9BD3CA1173D47
:102AE0000C3D823DF1811D3D45F1AA3C0CCB1F3DC3
:102AF00082725B3D274B5DBEE1EF37BE382D98BD3E
:102B000099F427BE23D73DBEF5820F3D81781D3D48
:102B1000AEF515BEDB6CACBB53CB563D0397C73D42
:102B20005951033CE370AEBED67352BDDCF5523C46
:102B3000CB4A933B90F6BFBC1494223DEA3C2ABE9C
:102B4000EB70343D5E82133E83C135BE179AABBD38
:102B50002A6FB7BECB4B7E3DEE96E43CFE0BA43D08
:102B60003B5192BCC9E3693D2672C1BCFFCC203DFC
:102B7000B1A848BD4AD44B3DDECB3DBD630C4CBE35
:102B800064967DBD00701CBE448A89BEE6AC8FBDD4
:102B900044BECBBD3CD90DBEF870093D7FBEED3DB6
:102BA000F5A020BB2D5EEC3D9DD5823D84D6433CF7
:102BB00039B709BD92CBDFBDFB5AB7BDCFF9A9BE6E
:102BC000233066BEF73DEA3CB954A53CF6794CBDCE
:102BD000B7EB05BEE8C0D23DB77DCF3D51F9173DFB
:102BE0006687D0BE000341BD93E34E3DBB970B3ECD
:102BF000F5F4B1BD5C5A4DBE8F52093D7CB583BD25
:102C0000761A39BEA582EABD65E3813DD5D006BD01
:102C1000B130043E90F4893D60042D3EA5DAE7BD55
:102C2000D2E4E2BDCCB580BE27C1BB3D28F38F3CCA
:102C30008273E6BDC0086ABE03B257BC3BAA9A3B8A
:102C400025227CBD4C19783D75AF333EF0DDA63DA5
:102C5000F6ED643E1EFB19BE4930553C55D937BDD3
:102C6000E773AEBDE76FC23CB070123C7AE364BD5F
:102C7000ACFFF33D6CB15B3DA451E13D126C9C3D5A
:102C80000ABC13BE0DA611BEF6B699BB579753BD2D
:102C90007173AA3C6E6A20BC501DEB3D8EB0183E8D
:102CA00060E99C3D4BE6983D2767A83D8CBFEDBD94
:102CB000C991CE3A8C67503A0E84243DB397ADBE8D
:102CC00034DA2ABB874DE43C963E54BEB45674BDFC
:102CD000EBE2F63D282B463D2369B73C068486BED1
:102CE0000668DB3CE8F888BDA9A18D3C4487C0BCE0
:102CF000BBEF98BD26521ABDA27C81BDA8E3D1BD11
:102D000097C805BED72FD83C3604073EA4C5813EE0
:102D1000081C093D69C78DBC01A30BBDA45317BE98
:102D2000718F853DEAB18D3D7F5097BC3DEEBB3D37
:102D3000B24695BE1A178E3CB876C23D7898F63CDE
:102D40001496D83D8577B9BB23684CBCF2D3783D47
:102D500037E11EBD26A90CBDFFCEF6BCB37C1D3DE0
:102D60001F2DCEBBDA3C4E3D7E7294BCAF07933D27
:102D7000E1278E3D486BEC3D67803BBE38691A3DCC
:102D80001974C2BCA67D33BE80B695BD310B6DBB38
:102D90000820953D0DE4D93D4A6259BEAED55EBDD1
:102DA000B669EC3D28814DBD63B7CFBB3FFD07BE83
:102DB000723146BD0DE4193DCDAC15BEEF6F90BD2F
:102DC0002AFD043D92AF843C079A8F3D50C678BAE5
:102DD000745EA33D67F3B83DE50AEFBC97007CBC89
:102DE0005280283D0A65B9BEF7729F3C481ADCBD87
:102DF0002A7373BC94C23CBDAB3DECBC02BC85BC29
:102E0000373786BDD68BA13C8D0EC83DD47E2B3D79
:102E10000E2E1D3DF9A23DBD249D013D57EE853C82
:102E20007573F13CB3614D3D72C36F3DFB93783BCD
:102E3000E33745BD25E91ABCF19E83BCFF25893DDA
:102E400076A5B5BE63B89A3D7B10C2BDFA46343D47
:102E50004224833DF1D784BD76887F3DDAE5DB3DB2
:102E600047E827BDD2C7FCBCABCF05BED6AC33BE4E
:102E7000DE54243C5776C1BB3B8DB4BDA3767F3D69
:102E8000FE7CDBBD7CD2E9BD3A75853DA88E453E12
:102E9000C5E6A33DDD79623D899767BD21067A3D90
:102EA0000893E2BD5EBA09BED0EE90BB4FE70ABD03
:102EB0001C4380BC917D10BCCE3421BD399B8E3C1F
:102EC0009A7A5D3CF870C93CD81187BB07974E3D94
:102ED0006B7EFC3CDCD9D7BC9FAE6EBBD97B71BC92
:102EE0000D36B53D0518963D55FA69BED7A526BEE7
:102EF0005DC4773D2B69A5BD9E62B53D0DFBDD3DF3
:102F0000F5BD06BC74999A3C08228B3C199168BDAA
:102F1000B83C563C6E15443A5F43D03D73309BB984
:102F200044BECBBC38695ABD9F3C2C3D18B4903888
:102F3000A1832EBD41B8E2BD4AD320BDBB7F2CBDCD
:102F400018273EBCE0DBB43D7E02283D1897AABBA3
:102F50000DA6E13CB631063E187B6F3DA930363CEC
:102F60003526C4BD4D1075BD69AD68BEF85012BEA2
:102F7000562A28BB1F10A8BDE411DC3BCC2896BC08
:102F800013D305BB985041BC8F8B8ABDD3695D3D7F
:102F900080EFB63D876D8B3B30BDDD3DA7CC3D3E20
:102FA000FED7393CD6A807BD1958CFBE944CE6BE13
:102FB0004ED0E63DD6380B3E7B10A2BD6B7EB4BE34
:102FC000B11A3B3E32CA733DC9CA8FBD12F60DBE5F
:102FD0009817E0BC431DD6BC630BC13D153B1ABD21
:102FE0004D9F5DBD8368ADBC3F58D6BE8AE42BBD06
:102FF000F5F53C3D28B597BD17B83C3DAE46363D8E
:103000004D1160BB63D435BC26FDBD3D2DEB7EBCB0
:103010000723363DCBF621BD4354213DAE62B13D81
:10302000DDD2AA3D376F1C3CBED83BBDB472BFBEDB
:103030005DFC8D3D8B8777BCF10D45BE912C203D0D
:103040004BE783BD5ED83A3E41BA583C6990023D99
:10305000BDFD993DBAF81B3D2F6E43BE8A3D94BD20
:10306000618C88BDF0A3BABD808150BE53B1313EA2
:103070003A7A7C3D3A0579BC63D0C1BE15012E3E3B
:103080000F9807BC8BFD253DBC5933BE30F448BDBD
:103090000951BEB9BD6DA63D430331BBA87385BDC3
:1030A000001FBC3B661380BD72DF2ABEE944023DAF
:1030B000B8AE18BC72FEA63C1A4E293E6DE2E4BBC7
:1030C000B5FA2A3D0B410EBD581F0F3D8E031F3E22
:1030D000AE8303BE2239193B923DA23D67624ABED0
:1030E0001AA88C3C82540A3CCAA61CBD0B9715BE7C
:1030F0000C5BB33CF910F4BD61DEC33D0D3374BD10
:103100003EE8593CCBD58F3DC7651CBDD3A1133DCF
:103110005FEE133D1004A8BDB89338BE902DCBBC14
:103120008EAD27BD910F3ABD952DF23D7767ED3DF0
:10313000EFFF633CF29881BE916200BB8EB0283CE9
:103140001BD43E3D327557BD43AD39BE80D67CBDE4
:103150007138633E40D9943D2D25CB3C1823923CD9
:10316000BB434A3DE3FF1EBECB0E313D72DF2A3D1D
:1031700093C87E3D897C973BFE7B40BE202AED3D77
:103180008E049ABCF4DF433D2847113EFA0E0EBE72
:1031900078B6BFBE5873003A0DE38EBD5F24D43DB0
:1031A0006878B33BBEBFA1BD252111BDD751D5BCA9
:1031B00094A1AABC313FB73DE1270E3D25B124BC07
:1031C000DCD58B3D4CC3D0BD537AA6BCC3491ABCD9
:1031D000A29CE83C29B42CBC50E01DBD252121BE99
:1031E0002B34203E251F3BBC0950B33D4392993DF3
:1031F00022C36ABD170E443DC5ACD7BD0BF05D3C84
:10320000172E1B3E47E556BE197442BD72A4933D6E
:103210007D25903C2828C53C35617B3D7F32A63D0D
:103220006117C5BDE90DD73D67BA173D30D657BE0A
:10323000AC72C1BDAC5666BD9643ABBDE8FABEBC30
:10324000FB3C463D823AA53DE2E995BD6F66F43D03
:10325000BB7B50BECC7C873C2C7F9E3D4450B5BC94
:103260000475CA3C499D80BB3411F63D93020BBDE9
:10327000A41C8CBDE35215BC5AF082BD3258B13D3E
:1032800050FB2DBE5ED7AFBCE1EB2BBD562AA8BAD2
:103290006E52113D0BEDC4BE077ED4BDCBF70C3E84
:1032A0000267A93CC2DFCF3DD4B8373E0B0B2EBD21
:1032B00089997D3D3FFD17BE85D041BDCD3F2A3E5A
:1032C00095B79BBE1B47AC3D3EAF38BDE2063C3DCB
:1032D000C616023EFAEF013E3048FABBDEAF82BCB2
:1032E000E257ACBD9F9459BEC9AB33BDAE0C8ABD8D
:1032F00006BE223DF83863BEF52B2DBEFFCA4ABE7E
:103300005BD32C3E69ADC8BDF304C23BD3BFA4BDA3
:10331000AE2CD1BCD9B5BD3D9605F3BD4297F0BCEE
:1033200011E28A3DF46D213E3275573D61FAC6BE09
:103330006057933C363E53BD5AF4CE3DD977853D18
:103340003BE4E6BD643AF43D6B7E7CBC7423AC3D4B
:10335000E3C67DBE884BCEBD3C4C7B3D7DCA313D36
:103360003EB4EF3D5BED013E772C86BEE65DF5BADF
:103370004EB7ECBCA3586EBD7B8630BDDA03CD3DA5
:10338000041FE33DCDC98B3BA7021EBE630EC23DA9
:103390006AFB57BD417D4B3B00FF143C2D9898BD07
:1033A0001AE0823C6DC80FBE079AEFBD6E16AF3CA7
:1033B000895E06BE9203763DBB7E41BD35281ABCB0
:1033C00047E3B0BE6E311F3E0F7BA13A6DA9833C2F
:1033D0003A3F75BE1C23593D6F1203BEC040B03D3D
:1033E00086E69ABD1D739EBC4222CD3D4CFA5BBE63
:1033F000A8E3913D58711ABEC5752CBE2592E83DD3
:10340000D04212BE5FB68DBE5B4153BC5E2FCDBCB9
:10341000207B3D3DD3F9003E683C213ED95E8B3D8B
:10342000BFD2793BF54758BE1D5B4FBD6CCF6CBD1D
:10343000397C92BDCDCE223C03CDA73D3BAA1A3AA2
:103440008FDF5B3B965E5BBD137EA9BC8692493CD9
:10345000698EAC3BD9437BBD1F14143D7501CF3D34
:103460007A35E0BD92CC6ABD740A723C0CCB9F3CAD
:10347000E413D2BDBEA3A63D8ACB913DC2DB33BED1
:1034800005C163BC00C71EBC457F38BE74D411BDE6
:1034900021C9EC3D0FD0FD3C9FE70FBDD13C803DE5
:1034A00097E6D6BD93192F3D3B5192BDA70444BC6E
:1034B0005A4AF6BDF7721FBD26C6D23D272FB23C31
:1034C000656EBEBDA1832EBD7C7B57BDA2D1BD3D27
:1034D000677E253ECE354CBC4B05953DBB0D2A3D48
:1034E00061161ABE876ED63D946C75BDDF18C23D5D
:1034F00093C57D3D726C9D3D2E54FEBC62A1563B32
:1035000054E1CFBC2B14693D70430C3D3B37ADBD3E
:1035100041D322BE8D2AC33D827190BD4B75013DC2
:103520006A8654BD7FA4883D6BBA1E3DF793B1BC3B
:103530008176873DCBD8D0BC49F5BDBDF261F6BBE5
:10354000CD0699BC51BF4BBD548C133E329112BD78
:103550000937593DA246813DD751D53B153AAFBDFC
:10356000F16522BD9E0C0E3C2F16063B946D80BD6E
:1035700013801FBEAF5A99BAE6CF373CD6E4A9BC38
:1035800011C6AFBD00AE64BD3C17C63C3351443ECE
:10359000CC2896BCC572AB3DFE7B703D9911DEBB5D
:1035A0006308203EE2AE5EBE9E0BA3BC37E3543EF2
:1035B0009B74DBBC808005BE2B6B1BBE4051D93B8E
:1035C0006133E03D27DB40BD70CF73BC8E57203D9B
:1035D000B54E9C3D3E42CDBD1538A9BEA30392BA5F
:1035E0007BBFF1BDA8FD56BD64053FBCD219183D97
:1035F00071AB803D0D39B63CEC68DC3D865AD3BCDE
:10360000A3401FBC2DE80D3EB85CBDBD15FFF73CC7
:10361000A587C13DD32DDB3DC5396ABB2DD0AEBDDD
:103620007B2D68BC96D1C8BC4299C63C87A456BEC7
:10363000350D8ABDABCC94BBDA1C27BD93E449BEE3
:10364000E3C542BD38A4B13D09E1F13DC49834BDA4
:1036500017644B3C01FB283E9E0797BD5E13923DCD
:10366000417D1BBEA7CD783DFC380A3EFEB87DBD2E
:103670000F29A6BD1ABF50BE71E6D7BC44C0613D3C
:10368000389E4F3BDA3BE3BD7D07DF3DE963BE3D3E
:103690008578843DE7C75FBD0EDCC1BD9C4FDDBDB5
:1036A0009B747BBE9338AB3DDA1E3D3C55841B3D7D
:1036B000D53CC7BCE84DE53D552E04BE041CC23CBC
:1036C000282A1B3DE27793BD8046693DC139233DE1
:1036D000F08549BCC075A53DAF233EBEE2E8CABD3A
:1036E000F2263FBCE31A1FBC501AEABC98E014BD96
:1036F000420A0EBEF88A4EBE87339F3DF94BEBBDA2
:10370000B285A0BCC79FA83CB9C366BDB24A693C9C
:10371000FD69333E6325A6BE2E391E3ECDCB11BEBC
:1037200089B1A4BE7CF1C53C384C943DF0189E3D57
:1037300023F7343D691AACBE132D993DF4F83DBE14
:103740001EDEF3BD0684963D0A30ACBD28BA6E3D40
:10375000D7DB06BE13B980BEC171593D0F42C8BE4A
:10376000F12DAC3D34F497BE5AB9573D125031BEDD
:103770004A7EA43D880E013C01A5A1BB140760BE92
:1037800085B5F13DA644123D170DB93DDF87C33D18
:103790003F00A93D4A96533DC28895BEA9D9033D35
:1037A0005DFEA3BEE7DF3EBE4833F63DDE567ABE81
:1037B0004582893D60E99C3D74B4EABD589111BDD4
:1037C000D811073CA722153D4A078B3D331BA43D6A
:1037D0001A6D55BEC9FF24BDDDCDB33DD66F56BEB3
:1037E000863D6DBA876D8BBB4C6C7E3D7FF9A43DE9
:1037F000AF5D5ABDCDCBE13CDF5038BD904FC83BEB
:103800009563323BE293CE3C0D71AC3D58C52BBE67
:10381000DE5785BD60C8CA3D7E556EBDB4E6473CE7
:1038200074EE36BD8412863DABEB10BE8C67D0BB08
:103830000874C6BD8272DBBC180B43BD26529ABC0D
:1038400076C50CBBF513CE3CF224E93D4AD3A03A31
:10385000764FDE3D9DF2A8BD9678C03C7D7620BEB9
:10386000CEC193BD0439A83C7651F43CAC3ACB3D73
:1038700012691B3DACFFF33C2409423D234AFB3C4B
:1038800069A841BE9967853D1E4E103E0EDD4CBEB7
:103890005BD2B1BDFD825DBECDCB21BECF81A53D4A
:1038A0004772393D0D8DA73C6491A63D465B15BC22
:1038B0005BB4803D793FCEBD2444F93B971F783DF2
:1038C0006B10863D7BA0553DB98B40BEBD3786BD94
:1038D000DA90FFBCD673123D7175E0BDD89DAE3D48
:1038E000A64492BC2D4211BE4CC5463D5FB7883DF3
:1038F000BC5AEEBC7424273EAE6211BECC26C03C3E
:103900006F9E6A3BC5538F3D1217A0BDF67FEE3DFB
:103910004B94BDBC19903DBCF30347BEB45B3BBEAA
:10392000A4E0A9BD02D3693DB7990ABD8B8AB83C12
:103930004949CF3D543AB83DF5682ABDB64C16BE4C
:103940003813D3BCA9C1D43DA723C0BDEA76B6BD08
:103950008B323BBEECDBA9BD96257ABD3927F6BB81
:1039600079750EBD8B8A983DE08096BC352604BDE6
:10397000639803BE2237833D88A115BD9126DE3DA5
:10398000450D263D9A26BCBE10CA7B3B89D3C93C57
:10399000EA784CBDC3BB9C3D029E34BA4B3CA03B75
:1039A000F96A47BD1DE38A3DD6A72C3E07F016BD38
:1039B0001A4E993CE09F12BE77A1393D9B39A43D38
:1039C00032AC62BC9258523DA438A73DEE0A3DBDD0
:1039D00054A9593CFE7D06BD833077BD52B5DDBD8F
:1039E00083A4AF3D6BD86F3C2BC28DBE73F2C23D3A
:1039F00082C5113ED6A9B2BDC0EDE9BD321E35BEAD
:103A0000C74C62BD8D60C3BD780D0ABEFD1271BD8D
:103A10006C96CB3BD40E1FBE0918DD3CC218A1BE6C
:103A200058CA923DF10D05BE3CA2C2BC5CAD933CB0
:103A3000F0DAE53D4FCD05BE1B83CE3D95B6883E01
:103A4000B5DCB93DFD1532BD8E735BBEAB7B84BD6D
:103A5000378D3D3E54E3653D11A87E3CA0A9F7BDDE
:103A60006BBB893DDE38C93D817948BC715559BC75
:103A7000257A99BD49F6583E083CB03D8E1F1ABEC6
:103A8000DCBAFB3D0282393DE8F953BD22DF25BC9B
:103A9000E31C75BD8D0D9D3DAB06613DBDE5AA3DA9
:103AA0005B0A88BDFB238CBD15E5D2BA9B7546BD6C
:103AB00092E60F3D2D60823CB858D1BC60221EBDFD
:103AC0002F17313DD13F413CCC2595BD4ACE893C95
:103AD0003755773B9F5B68BE17F45E3D7F8978BDA5
:103AE000D53E9D3D937031BE97FE853D645DDCBC47
:103AF00098C158BD54398D3D3128B3BD53940B3D09
:103B0000F19E03BD2CB8DFBD753F273C46B5A8BD6F
:103B10006C7CA63C60014CBDB58BE93C0C3B0CBDFC
:103B2000C6146C3DCA8D423EB22CB83D6F11083EA2
:103B300016859D3DDDCEDEBDA14A8D3D52EDD3BC47
:103B400003234FBEBD378638C45B17BEEA03493C2A
:103B500096B4E23CEBE0E0BCED832C3DD07C8E3DA6
:103B600046EE89BD0C778EBDB4CBB73C1A89503C6C
:103B70001366BA3D297549BCAE62B1BD3B56493E9C
:103B80007479B3BD38F66CBD116D47BD65178C3CBB
:103B9000467C67BD82CAB83DD28D303B860020BDD1
:103BA0008AE3C0BDA393653DFB77BDBD0D6C15BB1E
:103BB00033DDCB3DFA80C0BC6F11983CC4EA8FBCAA
:103BC00011C30EBD4373DD3D4E0D94BDF38DC8BDD5
:103BD000F0C3E1BD57EBC43DDD79623CC0EAC83DAE
:103BE00066DB693DE469093EA263173E85EB113E41
:103BF000916200BCFF428F3AA9F669BDECF8AFBDF7
:103C00001230BABB64CA27BE4CFD9CBD3410CBBC7D
:103C1000C4D200BEFED2C23DB7ED3B3D0117E43C2D
:103C2000F7C8263DA1474C3D1AA58B3DCB86B53D37
:103C3000DE54843DE7A90EBE6780EB3DAF22A33C76
:103C4000ED64F0BCB8929DBCC68799BDDD27473DA9
:103C50000261A73AEE5D83BC3C6A0C3D76A826BCA7
:103C6000A0C5123D2C2AE23BAE1101BD9F392BBDF0
:103C7000963FDF3BCD73043D4031323BD998573CF2
:103C8000E753873D3B734FBDDC66EABDA0FE93BDA5
:103C9000467E7D3DAB78A3BC51D9303CD65496BD11
:103CA00005DC333D79AD343E062CB93BF12980BDAE
:103CB0002D4186BD82C98D3CDE21C5BC36C8A4BC61
:103CC0000BD2CCBD62DBC2BD1A4D2EBD4469EFBD27
:103CD000022EC83B3ECDE93D08E8BE3B9B39843D02
:103CE0003481823DD6C56D3D2CF0953D50530B3D42
:103CF000888259BE36570D3D6A67983C3D43B8BC33
:103D00009DF3D33CBDA7F2BD79940A3DC80828BCF9
:103D10009AD2FA3CC7D6F33D6F0E57BCD3BE393C9E
:103D20004F94043D1F2F24BCF035E4BD3F8BA5BC50
:103D3000328E11BBEF3B863CCAC46D3D7077D6BB5B
:103D400096E9173B75CA233C245F49BD7AE0833D61
:103D5000F87049BDDDEC0FBD60C915BD03B6033C6D
:103D60001823923D11A793BBAF601BBD419B3CBE86
:103D7000984E6BBC828E163D93380B3EB79649BC6D
:103D8000C39B65BE6E6A60BDAE9DA8BD6B11D1BC04
:103D9000232D153C96CC313C25EB30BD1E886CBDE7
:103DA0006E89DC3C8FDF5B3D5793673DB51B4DBE95
:103DB000056AB13CD330FC3C39D5DABC0EC0063DB7
:103DC000E0D6DDBC163001BDB438E3BCB7D396BD38
:103DD0006C5FA03D15C9D73C60E7A63C0C207C3D3C
:103DE000C5579B3D9373A2BDDEE863BD594CEC3CC7
:103DF000E598ACBCD333BDBB1631EC3B9A5C0CBC34
:103E0000E063B03B3E05403D8EEAF43CDC7E79BB8E
:103E10002750443D3BA7D93CE28FA2BB164D873DBE
:103E200004E621BD76E09C3C3F3639BE469436BD63
:103E30005C77733C90C11A3E1AA2AABD3FE089BECE
:103E4000BE4E2ABD5A7E60BC7860803C4CAA96BDAE
:103E50001E157FBC82FF2D3B740C08BEE36F3BBE7A
:103E60001135913D132B233DA5F5B7BC2E7590BCA4
:103E7000066605BD826F9A3BDB4DF03C0D8E523DD0
:103E8000D577FEBCD3BDCEBDA24320BD8F8BAABDCE
:103E90006AA67BBD180AD8BCA777D1BD45662EBEE1
:103EA000958018BC77BB1EBE6A86943D8FAB91BCD3
:103EB000D04503BDA4FC24BCFA26ADBD7191FBBC6A
:103EC000CBA05A3CDD3F163DF4C2DD3D80B82B3D12
:103ED000B6DB1E3EC26A2C3D7768983DD8B9C9BD95
:103EE000D2730BBDBB8097BCCA6EC6BDB779A33D6C
:103EF000E4BFA0BDC992B93C2592683CFD66A23DD5
:103F0000EC2FBBBC508D97BCFCE33DBD3E428DBD4C
:103F100007EFCBBDBA8659BD05DB98BE158F0BBC2C
:103F2000FBCB6EBC9E08E2BD008C67BD4695E1BC34
:103F3000FB94E33C4357A23C7C0CF63D3480373D78
:103F400036061DBD793BC23CEFC9033D348378BCC6
:103F50006971463ACF4DFBBD3E2246BE4BAB213D7B
:103F60004B7280BDF5B9DA3DA6B82A3DAC8B5BBB80
:103F7000FD493C3DB77FA5BDBB425F3D204347BCEB
:103F8000A12B913C8597603DB933D33DE108D2BC6C
:103F90001DE4B53DA391EF3D78EDD2BC72DD04BECA
:103FA000BF650EBD693A7BBD3F73563C842E61BB35
:103FB0008318A8BD9F72CCBD317BD93DB8B06EBD12
:103FC000E6AD7A3D095269BD0CE6AF3C6F490EBDC6
:103FD0009770C83DC6E17CBEB5C660BD20EE6A3CA8
:103FE00022C20FBE5A2C05BD4CE2ACBC231546BC08
:103FF00068041B3D2EAD863B7349153D4392993DA8
:10400000CCB47DBC4E9745BC2AC724BEDFA7AABB53
:104010009DF77FBC7FC209BE0E66B3BDCC7C473D19
:1040200004201E3EE4C0CB3D60CB8B3D3DF2073EFD
:10403000BCAD14BE30474F3DE3FF8EBBC9E4543CDA
:10404000F03118BDB0AE8ABCDC82253C49BE923D41
:10405000C87BD5BB1288D7BD7E1D38BD886533BDF2
:104060001FF5D73CB471A43DF54C2F3DBEBF81BDBB
:10407000FF7AA5BD6728EEBBAE29D0BD205FC23D4B
:10408000CFA44D3D6AFA2C3D29B4AC3DA4E4553D86
:10409000F4A913BE65A6743DFE7CFBBD5CC61DBEC7
:1040A000BB9921BED57B2ABD38F8023D950D8B3DCD
:1040B000BF48E8BC2027AC3D3A07CF3C96E957BE45
:1040C000D67227BD3BE2D0BD882A9CBD5B7CAA3D51
:1040D00029CB10BDE604EDBDC0CDE23D81789D3D0C
:1040E000A46F923D213F5B3D6DE1F93DE3C5C2BC4C
:1040F0001153A2BCE06506BD7D582F3D81B3143D30
:104100009198A0BC3350593D8526C93DCB86B53D1D
:10411000C31039BD3AAE06BD471E68BE3D2C143DE6
:1041200041F0F83C81AFE8BCD591233DE00F3FBEA4
:1041300002D8003C295C8F3C82ACA73B1E8A023D22
:10414000739F5C3D2024EBBD0E4D59BCCC5DEBBD97
:1041500049BE52BDD10204BE3AEB03BEF0F74BBDDF
:104160000E4A18BC2C642E3D2316B13CD6E0DDBDB2
:10417000DFFB9BBC2F85073D0729B0BEEF8D21BD1E
:10418000C500A9BD780A993DDEABD63C412E713DF4
:104190007BA0B5BD2CD41A3DEF019A3DE38DAC3D1B
:1041A000FB75C73D2445043EAE9A673C60924ABC0D
:1041B0009301A0BD82A926BD645A1B3D1B85243DE9
:1041C0008C48B43D1EC363BD62BCE63C0E2E0DBEE2
:1041D000FD2EECBCC72A35BE2009FB3B66BC2D3B3F
:1041E000537715BE861B303DD4B681BE85B1853D63
:1041F000094F683C774BF23D7363BABD3065E039D7
:104200003A0208BED6C991BEF3AB89BE85EC9C3D8F
:104210005E11FC3C3410CB3BE22061BD126A863B50
:10422000CFDCA33D850BF9BCDD0B8C3D71AC8BBCA9
:10423000463FDABD70EC59BC76DF71BD6E51E63C8D
:104240002810D6BDD4BBF8BDB4739ABCD909AF3C15
:104250004E7ABFBD785ECA3D2A54B7BCF54C2FBD1F
:104260002FFD0BBD9E6255BAB8011F3C45D9DBBD81
:1042700042989BBDB8CC893DCC7AB13C23BB323E41
:10428000D44760BD8DF0F6B9F86D80BE567F843C92
:104290005ED905BD31B34FBD01DFAD3D9A7C93BD05
:1042A000D369DDBB890754BD5F7C513CAF93FA3CB9
:1042B0006A32233D751F80BC61C17D3C9693D0BDA1
:1042C000E2AE96BEA52FC4BD749659BD1497633D4A
:1042D000FF428FBC0CAD1EBE7767ED3B2810F6BCCD
:1042E00044A37B3DB0CBD03D32C9483C1EC1CD3D3F
:1042F000F5677F3DF46AC03DCA159EBD22C4953C5A
:104300004EF2A3BC20964DBDBFF1953D0E8379BC06
:104310007BA22B3DD11FBA3D462234BDCF4BC53DBC
:10432000EA9708BC2C61CD3DF914803C8D6083BDBB
:104330003FAB4C3B8A933B3D213E303C7041B6BB8A
:10434000B5E25BBD892911BE410E2ABE38A4D1BC9D
:10435000A45141BD1500633CD388193D3FA720BE41
:104360002A58633CC7BA283EC8B135BD770F003E16
:10437000F0A22FBCF2CF8CBD6B485C3C802A0EBEF5
:10438000B1C403BDE5B9BEBDE3C542BD3A4040BEC0
:10439000560FB8BD6189073EA3C9C5BD28EFA33D2F
:1043A000B472AF3D299590BD08ACDC3D7B82043DE5
:1043B000D009613D74620FBD7EAA8ABD7CD54A3C9E
:1043C00004AB6ABDA88F40BDA54F6B3D2F4F673D25
:1043D0003B73AF3D90F72ABC3D61893DAD17033E6D
:1043E000EB8E853D2233173D0F091F3D365A0EBE19
:1043F000693BA6BBC3B9063E4148D63DA1F746BDC1
:104400009C88BEBD96CB46BE77A2C43DF987CD3D04
:10441000A1BD7ABC6C25B43D946B0ABE274EEEBCA0
:10442000D87F1D3D1B4A6DBD3F00893DC3F2673DEE
:104430008DD0AFBDB7B5A53D2FFCE0BCB7636A3CDE
:104440007F125F3DAE480CBDD13FE1BDD14117BDEC
:104450002DAF5C3DB3403BBDEDF0573BC4D0EABB54
:10446000A741F1BD200D27BB48DF24BC3CA02CBDDB
:1044700068B3EABC334F2EBC6823B73D7923F33AC7
:104480000CCAD4BDCEDD2E3CE44BA8BA5A2D303D2B
:104490008ECE99BDF4505B3D70CDFD3D53AE70BCEA
:1044A0003C69E1BC9109783C823639BD1A6D153DF5
:1044B000B37B423E96EB8D3DEE2337BC009093BD1F
:1044C0000FD1683C857A9ABDF9F62E3EAB0621BD28
:1044D00031B610BD3B378D3D200BD1BD355F05BEDC
:1044E00075AD7D3D26706BBD22FE81BD7B4BD93DF8
:1044F000797483BD494ABABD5931DCBCF60A4BBD5B
:10450000CE3677BD78D1573D54C9A0BDE4F34ABD3E
:10451000A511733DEAE78D3D342B0BBEDA1F08BEB3
:1045200015199D3D2BA246BE7B84DABD371955BDBA
:10453000AE0F6B3DBEA3C63B12DD333D5B44B4BD45
:10454000425CD9BDA510A83D5C59623D9335AA3D9A
:10455000D027123E0685813D323DC1BDE1F1EDBC63
:10456000B7B32FBD52288B3CCB83F43B541B2C3E5E
:10457000C11B52BC9DF614BC3C84B1BD363EB33D5C
:1045800058C59B3C65FD863D84F153BDDAE325BEED
:1045900000E1033D034095BC8B19613DBA494C3D98
:1045A00022FCABBD42EB01BE65C31A3C05534DBDB9
:1045B00030638ABD9D4A86BC8E3C40BE50A9523DA8
:1045C00063273CBB17825CBE312592BD85CF06BEFA
:1045D0007636643CE620883D207E9E3DC284D13BF9
:1045E000FAD1F0BC986B11BDD9D1D83DFFB0A53C34
:1045F000EDF2CDBDF99EB13D0745F33A96768ABD01
:104600009293C93D842EE13CD6C658BCF3ABB9BDEC
:104610007060D23DFC8BA03D7026A6BC0CC82EBE9F
:10462000081FEA3D76A9B1BD90A2AE3DE8A5E2BC67
:10463000C1A94FBD7636C4BD10248F3DBC5CE4BD1E
:10464000887FD83B7995353CC976BEBD1844843DFA
:10465000427834BD93E00D3D8D25AC3C54A7A3BDFD
:1046600035EC57BE38F32BBCE42EC2BDDA75EFBC77
:104670003E3F8C3BEFE52EBE1782FCBD0323AFBC53
:10468000F16552BEE04D97BD4AB424BEE620E8BBBA
:10469000041E283EEFC9C33C92B08F3D541FC8BCD6
:1046A00034B9F83D444CA93DE527553CFFEC47BDE6
:1046B0000F9807BBF4899C3D6B63ECBBD9EA723D54
:1046C0005C05D13DB72407BD4EECA13CF70534BDD8
:1046D00024477A3D21E9533CCDE75CBDEC1857BD3A
:1046E000E4D9C53DFCFFB83C18B49039AD50A4BD29
:1046F00057CC08BD429730BD0531103D28991CBDEF
:104700003DD2603CD74BD3BCEC172CBD99F38C3D0C
:1047100011A9E93DC95697BCBABCB93D0EBDE5BD6E
:104720002F4F07BE6EDD4D3D9049863DD2C827BD57
:10473000DB333BBE7B13C3BD96244F3CCB858ABD88
:10474000CADC9C3DC2162BBE8F8D00BDB03D733DB3
:104750007CF230BCF9BCE23C682006BE1EA97EBDDE
:104760005C1FD63C844921BE5516853C3A75E53C14
:104770000401B23D36CC50BB8333783C26DFAC3DE0
:104780008275BCBDC91CCB3DC5FF5D3E253BD63DFA
:1047900087C352BC185CF3BCF62400BE88669E3DFD
:1047A00052611C3EEFE3E83C3755773CD828EB3CA0
:1047B000DD7D0EBC7A1A703D0131093D9D46DABDA2
:1047C0006B0D653D282A5BBD6EF9883D5E837E3D9D
:1047D000941197BC13D6463DEACEF3BD8DB3E9BC28
:1047E000BABA833D9642203DCBF877BD91459ABA3F
:1047F000508A96BD9353BB3DBFD7503DF819173D26
:104800000E4B033DA8354DBC7AC513BDFF422FBEEC
:10481000DEE823BDB76392BE8C6700BEBD8EB8BC18
:10482000929193BD7120C43D6EA7CD3D24F007BC8D
:104830007EAA4A3DE6911FBE3483B83D1F8094BDD9
:104840005BB56B3D094E6D3EBD5301BD73697C3C4C
:104850006C960BBD2F6F8EBC698DE13DEBE5973DEE
:1048600027BFC53C4791B5BC0CEADBBCF642E13D35
:10487000EFC8D8BD85280F3E491234BEAFB40CBC7A
:10488000DD9A943D506D70BD6D74EEBD3B191C3DBD
:10489000BA15C23B103D39BEC904FC3C2AC483BDD5
:1048A000B41E3EBCB8CCA93D72BF03BE86E850BD65
:1048B00098FBE43CB9A555BD922408BDBB0C7FBC58
:1048C000A1116C3DC40736BD75CAE3BD2AE39F3D07
:1048D000D3A1A3BE418212BEABD12B3D062E8FBC0D
:1048E000C32ADEBD990CC73CB09039BD7DAFA1BDD8
:1048F000E7DFAEBCB62F603D0A12DB3C265731BB6A
:1049000029CF3C3D7B2DA8BD1BF4253DE3DFC7BD72
:104910009128943D1A1924BD1618B23D676064BCF5
:10492000640795BD0536E73AEE77283EA33B083C81
:10493000F356DD3C3A2079BE9204A1BDBCB1C03D26
:10494000E6CF773D895D1B3D0246173CDDD0ACBE0E
:10495000233056BE2CF1003CC9910EBDC3F5A83DD5
:10496000F6CFD33AAB2387BE1F65E43D97C5843DA0
:10497000693835BEDF342D3ED59434BE07B29E3D36
:10498000B0AD9F3B17F3B3BD8CF88E3D371A403C5A
:10499000A4C6C4BDFD82BD3D7C0FF73D7D7896BBAE
:1049A0005358893DD1B0183D6D1E87BD60738E3C54
:1049B00070287C3DC630A7BD581BA3BD745C8DBC60
:1049C000917C853D75B1E9BCD17822BE4B007EBC9F
:1049D0009626A5BD21E6923CD1EA643BDF32A7BD15
:1049E000E8F8E8BCAA0CE3BBFE2C963B4A24013E47
:1049F00062BDF1BD93FE9EBD45D5AFBB971AA1BC6C
:104A000061A542BD5AD6DDBD9FAEAEBD8B8777BBDB
:104A10004F779E3CF48B12BD0893A23DB438A33D62
:104A2000FA8090BE823BD03CFF5C043E2B3044BEFB
:104A3000D61FE13C61DD88BE354415BD1A178E3C9A
:104A400004AF56BDBDFDB93CA27B963D8FDE90BD47
:104A5000EEED563DD6C4423DE350BFBC1E18203E8D
:104A60004432843D414856BD05A5E8BC554E0B3E39
:104A700061E28F3D6F2FE93CE60859BD2827DA3CFB
:104A800062A2A13D7CD53ABE30BBA73CD927803B72
:104A9000A3B1763DC1525D3D0D340FBE747D5FBD47
:104AA0001CB201BBAC8D313D2D96223DDA7404BDA4
:104AB000FC898ABDD1EBCF3D93C7933D570916BD05
:104AC0008C8230BE0FF18F3D9B20AABD5FEBD2BC24
:104AD000BF99183CA4194B3DE09E273DCB6824BEEE
:104AE0009016873D32C6473E32E4B8BDB35D613DA6
:104AF000B890E7BD82030ABE198C513D31088C3D48
:104B00009CBF893C2D05643DD384EDBDE50E9B3BE8
:104B1000382F4EBD2711613C34A2443E81069BBB19
:104B2000B3439C3D25B33ABEF6D2143D66BCADBB43
:104B30001C7E97BD6AA3BA3D836C99BDCD1E683DAE
:104B40002E5624BEAB941E3DAC00FF3D7712913C27
:104B500032E32DBD7C2A37BEA1806DBAF94E4C3CA4
:104B600028D6693D6615363DDDB3AE3C7EC6C5BD73
:104B700045F5D6BBCC423BBDB1530CBEFEEE5DBD90
:104B8000C6DF76BC639893BD308286BDAED609BDC4
:104B9000B9A5D53CA67F093D889D29BEE25902BB37
:104BA000B680203EBC3CDDBD865928BDF19EC3BD0C
:104BB000A242B5BD37DF08BC15A930BD696E85BA04
:104BC000B091843D543AD8BD5377A5BD31983F3C50
:104BD00094F85C3DFCE4883DAF77FF3C8104C5BCA4
:104BE000A29781BEF3AA4EBCD26D89BB658CEFBD86
:104BF000DFC0A43D444D74BC779FC33D0266FEBD3B
:104C00005E6658BBC347843D4C35933D645805BD33
:104C10006E4F00BED480413D7AA958BB1E6C713DD9
:104C2000DE041F3D96438B3B49BA86BD66A49EBDFC
:104C300041D3923DF98682BD6281AF3A2A01F1BD2E
:104C40001D3B28BB16F75FBD73A2DDBC5DFA573D67
:104C500070434CBDA86E8EBDD57613BD43E64A3B6E
:104C600022FD26BE3B53E8BD22FE21BD7A6FACBDBE
:104C70007EE0AA3CDD9949BDF67CCD3C2601EA3CAC
:104C8000B4007DBEB5DFDA3C321C4FBD051816BD41
:104C9000F08B8B3D7E6F133EB071FDBC78288ABDD2
:104CA000821FD5BB3A5754BDBB2519BE98870C3D12
:104CB00022720A3E90DC9A3BA31D17BE2D5CD6BD26
:104CC000772E0C3CC172443D63609D3C2AFD84BD3F
:104CD0007FDC7E3DE7C6B43DB709F73C941799B831
:104CE0008C1189BCD97820BEE199B03D035F113E9B
:104CF000F0151DBD4485EA3CB9C7F2BD003836BD8C
:104D00005395B6BD7C80AEBEC899163E6589CE3C33
:104D100028D1F2BD2AE1C9BEC39A82BE06F4123E72
:104D2000AB5BFDBD4D306CBE38F511BEB471443C7B
:104D3000E41352BE7F6ABCBDF46E2CBE8A0691BEDF
:104D400069FDADBCFAED8B3D6633073B1EFBF93DBB
:104D50003BE4E6BD95EE02BFA917DC3D5A63503D2A
:104D60000B998BBECDE49B3C3FFF3DBD4850FCBD45
:104D7000F4C007BE4293143E0839A73E46EC033EFA
:104D800049F5BDBD0B5EB43DEACBD23C0F7E223E61
:104D9000A0C1A63B454B6EBE36E9A6BEB267CFBEEC
:104DA00035B5BCBE11AC2ABE9B3ADFBE0EA3203E79
:104DB00081937DBEF19BE2BD7AA6973C2BA47CBD7E
:104DC000CB2E18BEB8AC123EDBFCBF3B44A591BE57
:104DD000D38302BC3A5794BD0401623E1555BFBC53
:104DE000B401583944C41DBEB7D0953B8387A93D53
:104DF000FD15723D1101873C4E61A5BD2BC162BB03
:104E0000340FB0BE8D7C5E3D9DF6143D9067CFBEE5
:104E10002904CABEE57D84BE1C28703C7B30C93D98
:104E20009082273D94A12ABDB66AD73BB9ABB7BDE6
:104E3000448B2C3E9CA60F3DAAF22DBE9F92D3BE62
:104E4000C4EB0A3E31B179BCBA4C1D3E48A6E33DE5
:104E50006A840EBE00C869BE072471BEEC6947BDF6
:104E600077D7D9BD3690DEBE2DD02E3E21B0F2BC14
:104E7000FD885FBD8CA3D2BD520ABA3C1AE1C5BE03
:104E800018B5BB3D6971863D54AA44BEB2F6F73DE4
:104E9000621359BD3D9A1A3EFE26943C4F74DDBC08
:104EA000916115BDBB7EC1BBE6EB123EF73AE93D11
:104EB000E19ABB3DF0C2963DC13838BBD55D89BE95
:104EC000EB1DCE3DAD85093E8CDAA5BE583815BF29
:104ED00001DDB7BEA034D43AD2E1813DD942903C45
:104EE000FEB4D1BD82A8FB380398B23D8A023D3E94
:104EF000593267BE9BE80BBFD95C45BED7DF92BE77
:104F00001EE25FBE3414173E130E9D3DACE619BE83
:104F10000872C0BE914324BE6BBA1E3CAAB69BBAAF
:104F2000E0499BBEDE04DF3BF5DB573C4D2E463DA2
:104F3000289AD7BE59BF19BD49BEA2BED68EC2BDE2
:104F40001E6CF1BD029E94BE1EFD4F3EDD9648BC18
:104F5000F8FD9B3CF19D983CF9DB1EBCB91AD9BC0D
:104F6000022B47BDC85DA43DD4EF423D6C7BFB3DA9
:104F70005305133EB5C6A03C9DBE7EBE6FB90A3E2A
:104F80001C08C93D9D1185BD5C92ABBE828C98BE4C
:104F9000D883C9BDFC39A53D319A15BDE91098BD2E
:104FA000E1244DBD452BB73D5323F43D5FEEF3BDEA
:104FB0005CE559BE403142BEF88C44BDB2B9CABDB1
:104FC0005B7C0ABD5017A93C815F63BE091ABBBE5A
:104FD000D350A3BC68B0193EBE88B6BD6FD4AABE7C
:104FE000AED6E9BD93ACC3BD6F11183E388109BE82
:104FF000B51606BEE29283BEBC93D7BE3673C0BE62
:1050000025B1843DCE70733EC30C0DBC66BFC6BED9
:10501000EF375ABCCC2941BD32AD7DBE7F4F2CBE8F
:105020002385B23C6020E8BD3351343E7DB1373E2C
:1050300098301A3CA9FA35BE501C003E9CA8753E1B
:105040004032BD3DC0EC1EBEBEDC97BEB8050BBEF7
:10505000B53497BDB43986BE84BC9EBCC6DB1ABECF
:10506000910F3A3DD1E78B3E1B2A66BEA75CA13D5E
:105070000DDFE2BDC51FE53D179E973BD32E96BEC3
:1050800073D772BEAE4A92BEED2B87BE602339BE87
:10509000FE7B103EB29C24BEA1835EBED8D283BEEE
:1050A000018750BE4163263DB876623D53068EBCF3
:1050B000B2829F3DA512BE3DC0040E3EDFE2A1BDFF
:1050C000B4AA95BEB68010BE4BE5ED3BA11227BE3B
:1050D0008C6A11BE825575BEB893083B2387A8BD64
:1050E0009468C9BD1D3922BE6CCDD6BD11ACCABDF8
:1050F000BB29E53D4F2458BD5BEFF73D74B7DBBEE0
:10510000537B61BED2FD9CBDB4008DBEFE5F65BE0B
:10511000780AB93D37C197BD58CBFDBD242A54BE8E
:105120005987E33DDDB2533E46B40D3E8D60E3BC8E
:1051300029208D3D43E6CABC70D01E3E228DCA3D5B
:105140008BC3F9BD57E9EE3C9D84AABEBA6953BE34
:10515000D50627BE55BD7CBE0534213E9D4983BE84
:105160007C47CDBD9C52863EF183F33C9F1C05BD20
:10517000BC90EE3D683E073EC91C4B3D1C98DC3A96
:10518000ECA4BEBB73111F3ED429EFBD618C88BD5A
:105190006A4C68BEB22F593C2AE4CA3C43E64A3BFB
:1051A000C2FCB5BD280F1BBE658E85BDEA750B3DE3
:1051B000E5473C3D29EACC3D7174953CBDC8E4BD52
:1051C00003CD17BED09A9FBDF65EFC3C4FE78ABD6B
:1051D000A73CBA3CED7DAABB46B19CBDCFBB313AE2
:1051E00024F087BDBF809EBD06A0113DF110A63DF5
:1051F0008C659A3DAC70AB3D5A679C3DF227D2BEA0
:10520000588FFB3CE35506BE6397E8BDF2EF73BDD4
:10521000562CDEBE122E343EE42E82BDEB54F93CF9
:10522000B587FD3DC650CE3C0BD076BE18D1B63DFD
:105230005B95043EB2497EBDEE3E473CE1CFF0BCFB
:105240000682803C0F4797BD55A101BCA6D20FBE78
:10525000E06691BD2255143DE31BEABD43E21EBD4D
:1052600022FC4BBDA2D5493D1137A73B20D2AF3D13
:10527000E1B6B6BB43AA283E034489BEEF2036BE42
:10528000689208BE62829ABC1F0E92BDC0590A3D48
:105290000F9A0DBE44DC1CBCD062693D2E91CB3D03
:1052A0001B4837BE30487ABC7617C8BD41EF8D3DEC
:1052B000977414BCB9C4113C5AF10D3DB03AF2BC1C
:1052C000690225BED17822BD78D3AD3D5A2C85BD6B
:1052D0003E3D36BC552FBF3C4758143D863AACBBCB
:1052E000B83EACBCF791DBBD6EFAB33CF739BE3DBE
:1052F0008197D9BD1B629C3D0F27203EBF0CC63A4B
:10530000588F7B3D371C163C600603BE459C4EBD46
:105310002BFBAEBC5AD7E8BC35CF11BDF4FDD4BCD5
:105320008D286D3D02D60ABE163598BBDD0A21BD1B
:10533000207BDD3DEC4BD6BD1F2D1EBECEE02FBE2B
:105340009A3EBBBDD9EA323DF7CC12BC3FE508BE60
:10535000A4A91E3BB9FF08BDEF1CCABC64AD21BBAC
:1053600098DCA8BD2A38BCBBDA37973D986850BD99
:10537000C15348BD431FACBC745FCEBDD712B2BD94
:10538000B1536C3D79CDAB3C185CF3BC1381AABD25
:105390004E98B03C4A5D923D452E783DE2E82ABEEB
:1053A000213AA4BDAA629ABE0E1408BECD73143E63
:1053B000280A643EB477263EC90547BE5B40E8BC78
:1053C0000AB992BDD78AAEBEA5D706BEEF371ABDC1
:1053D00068B24FBE37543C3EEF74273E17670C3E11
:1053E00022C3AABD6C9821BC350D0A3EC6FA663EA2
:1053F000B002BCBDF86EBBBED252B9BDA0FA37BE7A
:10540000567E29BE69002FBD158F6BBEBEA4F13D2F
:105410003D28C83D7C4246BEEF02253D67D652BDC1
:1054200042B2E03D6B0F3BBD094F08BECB6696BE56
:105430006267AABD6F819CBE1ADECCBD7841143E66
:105440002AE39FBD9FB0143E30D9C0BE094E3DBD7A
:10545000D1E7233D3B54133EF5A10BBEC443D83DD9
:1054600066F8C73EA873153E7192963EC51A2E3D4A
:10547000F2236EBEB477063EFA411DBD967880BD1C
:10548000A20EBBBE8E1E97BE611AA6BE9545613D9B
:105490007A52E6BD4C17623D1E8C90BEE6EBD2BD43
:1054A0004C52193C14CFF93DDEE700BF0D502ABE27
:1054B0009DD4F7BD33E1B7BE7F881DBE344A07BE19
:1054C00088D96BBE478DB1BEF818AC3DA703293E05
:1054D00005C0F83C7F4D56BCD95BCABD4CE1813D4F
:1054E0004D48EBBC16F6443E5D8C21BE2506A1BEA0
:1054F00051BD75BE56B70ABECE38AD3D8D804ABD92
:105500004AD320BC4E7F763CE064DBBD3E2622BE03
:105510007216B63DBE3104BD7BA26BBC0CCA343ED4
:10552000187D853DCA4EDF3D01C1DC3DF0DCFBBD91
:10553000ACCA7E3E4CA715BEB398D83C58E6ADBB6E
:105540006210D8BD89997DBDBDE44FBE3B8B5EBC6A
:10555000AD186E3DBAA0FEBD9CDF703DE36DE5BDAC
:105560004C6B533D180A58BDB01FE2BD92773EBE4A
:105570002C2B8DBD960729BD5BB68EBED734EFBBF5
:105580008481E7BBC18B9EBD687A09BCB5153BBD64
:10559000D02988BD71E2ABBC6135F6BD35F0233C46
:1055A00060AC6F3DF014F2BC43AB93BD56478EBC6C
:1055B000D368223EFEEDB23C85CF563C061129BC95
:1055C0007633A33CBDDF283D6EF8DD3B52D1B83DBC
:1055D00081D03ABDA5BF27BE75E4C83DF5F3663D51
:1055E000670B883CD272203DB89473BDEF918DBD9E
:1055F000BB0FA03D0F5E3BBBEA5C013E9E609F3D42
:10560000A8A70FBCB3435CBE3812C83DBCB2EB3D8B
:10561000F6D37F3D548DDE3D999E90BD0FD479BE6B
:1056200006BCCC3BB939F5BDA88B54BED78A16BE93
:10563000EE7C7FBD9C35F83D5B7B1FBDF547983CFC
:10564000443650BDE413B2BC540202BE07423239A4
:10565000B96E8ABE36CCF0BD83DE9B3D6B99CC3DE6
:105660003F39AABDA851483D048FEF3C89B7AE3DF4
:10567000CB64983D67BA573C9A2501BD705BFBBD72
:10568000A96A823C76DDBBBDFAD25B3CDA39EDBD5E
:10569000049210BEEE09123DB9888F3D9E08623B10
:1056A000034401BDA472533DE99A493D0779BD3DCC
:1056B000ECDD9FBD1DE38A3C10255A3D0FBA443DE9
:1056C0008B322BBE1C5C7A3DCAE29E3D0667303DA4
:1056D0001FF5B7BD8F8D40BDECD9D3BD80643A3D79
:1056E0009FCB54BDA79271BE4FCA74BE8B320BBE06
:1056F000FCFF683EC005593CADBF253D581CCE3B64
:10570000E49F59BD187D95BE6D5768BD4E4790BE4C
:105710000D6D80BD683C91BCE8A2813D3D9CE0BD23
:1057200038A4113DF358F3BDE59CF83D8D09013EC9
:10573000336B293D53CF023B9A5D37BE7E1E233D1E
:10574000A4DF9EBDD367873C1E8A8ABE9A7C33BD88
:10575000FD135CBDBC931F3ED714483C7E52CDBDAB
:10576000C66D84BE7AFD493D69A97C3D3C6BF7BDA1
:1057700051A42BBE01C3F23C240F943E36E45FBE1D
:10578000CD595F3D1EFFE53DE7E1A43D29419FBDA9
:105790006D023CBEF0691EBE78B89D3D259052BD9D
:1057A000B93505BFD8BCCABD774E73BE2C9DCF3D61
:1057B000F3E71BBEE59A423E98C2833C5F7F92BDF1
:1057C000A46CF1BDBE88363DEC2E30BE1EFDAF3C54
:1057D000581E84BD90DC0A3E723427BE6DAC44BEB8
:1057E00064E858BE9F759D3E39800E3E842BA03BD9
:1057F0001D0287BE3BABB5BE6EBF7C3DE063B03BD8
:10580000ED82213E5E0F46BE61C49EBDC972123D4F
:10581000B5549E3D338B203ED7BE403E39F2A0BEEC
:1058200030F04C3ED74CBEBD909F4D3DBDE58ABD8E
:105830009AEE35BD9F390BBE66BF2E3D39EF9FBD39
:1058400090C10ABDEA788CBEE38D3CBED97C5C3D3C
:105850009294D43D800B32BE39D209BE84BA083D41
:105860001879B93D123175BE7C9E7FBEB262B8BC5C
:1058700008ADA7BD0F62773EAE82983DCE35CCBA5B
:10588000C7BC2EBE1DAA093E47AA2F3E0F0C003EE4
:105890008D09313E4887073A81B1BEBD0DA556BE80
:1058A000EC85E2BDC7BA38BCFB94C33D37DF48BDC9
:1058B000C2163B3D253F823D195546BE72A89FBD8D
:1058C000BC063D3DA59E053D5DA4103DF31DBC3DC0
:1058D000973C3E3E1ADEEC3D33168DBDBE331A3E7C
:1058E00028D689BD840E1A3EFBCE8FBD74D22BBE46
:1058F0008318683C2219B2BDBC240EBD7E3A1E3D01
:105900000CE805BEA1A10FBEFFE6E5BD83897F3D82
:1059100047565EBEAA7DBABC73DAF3BDB49276BEBA
:105920003882F4BDD3A4D4BDBC22783C747E0ABEB8
:105930004E0A333DD7C2AC3D7689AA3D00AA083E47
:105940008DB369BCB4C70B3DCE8BD33D3DD60CBBEC
:10595000C841A93D10B307BE23102FBE309B003DA8
:105960000B60CA3CBAF9063DC55650BBA5DA673D87
:10597000BEA55C3D800EF33CD82E2D3D2FA7A4BDC7
:105980003E756C3DEC4C213CEF03B03D035D7B3C30
:1059900055BD7C3C8A7720BE6B9D38BB9E79F9BD96
:1059A000CF688B3DCE4F713DFB57B6BD213F9B3C31
:1059B000E23A86BDC89710BD4E63DB3DE23C9CBD1C
:1059C0006403C9BD9D2C753D5915A1BD8E588BBD75
:1059D000166D4E3DAF961B3EB459B5BDD8D8253D8A
:1059E000936E4B3D9B57F53C93AA1DBE9F77E3BC3E
:1059F000D8288BBD931B05BD344AD73DA5F44CBDBB
:105A00003B34ECBD425DA43B234BE63BE960FD3CEF
:105A10002BBDF6BDC636C9BD2498EABC8CF6783DD0
:105A2000B876A23C88F5A6BD8368CDBDC5FEB2BCE4
:105A3000F8FC90BDCFDBD8BBB1A71D3D05DFB43C62
:105A4000CE3481BD28D29D3DCDAC653D05BFCDBDD9
:105A5000202536BE4D32F23C831311BD274C18BDB4
:105A6000D1031FBD302F40BD1138223E0F0A0ABDA1
:105A700056444D3DF7E54C3D130A11BD9C69A2BD4E
:105A8000C311A4BB408799BD4DA008BCCF688B3D16
:105A9000D93F0FBE76A7BB3D1C9AF23DA5A30C3E95
:105AA0004816903D624AA43C942FA8BDD13B95BCBA
:105AB0007F2E9ABCAE669D3D884938BC942EBDBDF4
:105AC000430206BD272E473C1DE60BBDDC9EE0BD14
:105AD0005EF756BD9339963C5C74B23DD7DCD1BDC0
:105AE000C1744ABE15E3BCBD0551F7BC88D68ABE59
:105AF000E620E83C2B6C063D00E414BEFFCFE13C01
:105B0000AB9664BEC364AA39B2D6E8BEC87E8EBE68
:105B10005262D73CB56BE2BD643EC0BDD907B9BD8A
:105B200058AEB7BDD1EA443E6F2FE93C588DE53DF4
:105B30008FAB11BCEE7813BEC4E8B9BCCD0443BC36
:105B400047E671BEB9FC073D6F80F9BD3A2405BE3A
:105B50002AFD843C5EA0A439BB0D6A3E96430B3CF3
:105B60005663293EFB758FBE2EA9DA3C14CEEE3C5F
:105B7000E1968FBDD3842DBD4C541F3E91D58DBD74
:105B8000C7800C3E927964BCD8460CBEE3A4F0BD3D
:105B900080D8623E06D9323CCD21C9BD59FDB9BE7F
:105BA000FBEA2A39E8BF07BD17F1953E4D309C3D11
:105BB000EFA9FCBD97C6AF3DB22C983A944EA4BD58
:105BC0008EEB5F3D8578843D959E29BE999C5ABC9D
:105BD000ED101FBEC87CA03D139CFABACD3FFA3B26
:105BE000836998BD8FAAE63D2F362DBB01305EBD7F
:105BF000029A08BE5B7D75BDB6BD5D3DF050143D9B
:105C0000E86AABBD2FA3183D9C30813DCD1FD3BCAE
:105C1000AE0EE0BD02F0AFBD93A681BDD597A53C09
:105C2000B3CF633DC9220DBDB402C33C361FD7BC00
:105C30007426ED3C39802E3E4DDA543D1F80543D94
:105C40008E78B2BC6728EE3CE4D624BE4986FCBD03
:105C5000DAAA24BD2A383CBD4622B43D228C9FBB23
:105C600050E1883C912789BDC905E7BDC9C76EBD14
:105C700022DEBABCB8EA3ABD61C3533DD9CFC23DBA
:105C800003CFDD3D1FF652BE419C873C70EDC4BD85
:105C90004A42E23D527FDDBDABD1EBBD65A6B43CCF
:105CA000FB3F873C9354263DA72596BD1BBAD9BC24
:105CB000485202BEA33E093DC5CBF33D49100EBE7E
:105CC0006E6B8B3C68976FBD4DD89EBDDE93073CD5
:105CD000B66716BEDD446D3D118AEDBDE25C833DC5
:105CE0003E05403D172ECB3D60915F3DD192473C34
:105CF000C39B75BDA9F7D43C2C2B0DBD40BF2F3DD8
:105D000045661EBEBD8FA3BCD84A883D5E6783BD75
:105D1000166E393DCD5BF53CBD51AB3D2DB0C73C5A
:105D2000718FA53C2768D3BD16F6B43C2D5FB7BD77
:105D3000ECA5A93CC383663D20F020BE3BC3D4BC88
:105D40009964E4BD4418BFBD54E6E6BCB378313C69
:105D5000E6C9B5BC137EA93D158E203DC6C3DB3D0B
:105D600079CEB63DADFABCBD1CB758BD27DD963C1B
:105D7000B58B893D3E41E23CD46125BEB1A71D3DB6
:105D80009912E93DDDD0543D52BAB43D2FA6B9BDBC
:105D90007D3CF4BC3FAA81BDB96C743D535BEA3ACB
:105DA00076163DBCBA4AF73CA8561F3D6E86DBBD51
:105DB000CFF5FDBC3C4CFB3C4F7889BCF8E035BCD2
:105DC0000EF6E6BD9198A03B178101BE5A677CBDD7
:105DD00063B519BE7385373D342F47BDEE2161BCD5
:105DE00098A713BE09A99B3D9C4DE7BD2BC182BD61
:105DF0003D2AFE3C6C79C5BDB8774DBD3484C3BD2A
:105E0000142135BD2D3E15BE7426EDBCBEBE563CDC
:105E100016C3553D44C40D3DF5BDE63D5114E83C67
:105E2000E4F9CCBD9770E8BD4F95EF3C8B19013E6E
:105E3000581BA3BD9337403DE82F943D25B24F3DFD
:105E4000CE37A23CD670913DA4552D3DBB9ADCBD0A
:105E5000A6D6FB3C2236D83C05A2A7BCACE50EBDBD
:105E60003AB107BD6841E83D27A1743CF62987BED9
:105E7000AE1141BC5A80D6BD52D499BCE25641BE47
:105E80001591613DED616FBDFE4435BEF2E9F1BD96
:105E90007B875BBD33DDEBBD4145F53D56D676BD19
:105EA00025227C3CAB7A79BC1554D43CEDB90C3D31
:105EB0006BD22DBDBCE956BD551770BCDCF291BB51
:105EC000786080BC4B3AAA3D6957A1BD2C2E8EBC90
:105ED000EB8B043D874DE43C01693F3D20EC04BE63
:105EE000F453FCBD4D9F1DBDDB87BC3C5661B3BD6B
:105EF0000CC8DE3D9339163CCADCFC3C87C3D2BAE1
:105F0000C9FF643CF4354B3D1B2D27BE821DBF3DB0
:105F10001EA4A7BC1EA447BEA7AD913DF67BC2BD83
:105F200079CD6B3D7F87A23D1A30C8BDE1244DBCC1
:105F3000E76E573D8F1A13BD85798FBC2A00A63DA9
:105F4000EB579ABD0AF72ABEEE77C83D6D3C983DE7
:105F5000935406BE0919E8BDA5A3FCBD48FB5FBE6E
:105F6000FD490CBED57578BE4E47C0BD5B09FD3DF1
:105F7000D4635B3D7DAD8B3D9B76B13D399D84BE49
:105F800073660BBE282AFBBD55168DBE47ADA8BE55
:105F90004485CABD39268BBD834F63BE679D71BDE5
:105FA000535A9F3DF58184BDB683B1BDB3256B3E89
:105FB0006DA983BCC72F3C3C2F30ABBCBEA2CBBE6F
:105FC0009701E73CE6CD61BC0EBD35BE7D083ABE0B
:105FD00090C18ABCD3A3293D1E702D3E033E1F3EB7
:105FE0006A31D83D033E873E43E64A3B4E648EBE4F
:105FF0003881393E126808BFA33FDCBEA13103BE21
:10600000CDCE02BE2024AB3D483697BD321E85BDA5
:106010003BFD20BDB4E697BE6CB40CBE05356C3EAE
:1060200075051B3D71007DBDA870343E6F0F02BE2B
:106030006118B03D079A973EDFC27ABDCBA145BD3E
:106040007429CEBE4E9A06BE57EB64BEEA91C6BD19
:1060500053910ABD6E6E0CBDC4B5BA3D889E243EF8
:106060007FDCFEBC6824A2BD2F6CED3D02B8393E3A
:10607000236937BDDD60683D624C4ABE1A3494BD69
:10608000E6AF90BC61C278BECA5005BE795993BDD7
:1060900088D5FF3D85EFFD3DF9BEB8BB4A7DD93DB2
:1060A000E201653E19CB74BCBB460BBE3882243E70
:1060B000CE38ADBD1EC0DABE3675DEBD76A4A2BE3A
:1060C00096B4823D7D3E8ABD378816BE20F0C03929
:1060D00001883B3CCDCAF6BD5916CC3D3E5DFD3D29
:1060E00046960C3ED460BA3DA86E8EBDA33D9E3D43
:1060F000BFD10E3E5D6CFABD381268BD0F6031BE77
:106100002D2365BE880FEC3B42CDF0BD35794ABDED
:1061100080D4A63CADC090BCB6692C3D336DFF3C2D
:106120007D95FC3DEC69873D1C29FB3D2CD7FBBDD3
:10613000842E213DE49F99BD9D7FBBBD014C19BDBF
:10614000F0A287BE86AC8EBD774A873CAD510F3E2C
:1061500018CDAA3D910B4EBC48DC23BD99F1D63D2C
:10616000263A4B3CE7FBA9BD58C6463DB056EDBBB1
:10617000DA54BDBDD49E12BC9F03CBBDC53A553D7C
:1061800012A121BE3AAF31BC343092BD0821503E3D
:10619000F486FBBBFCC26B3DAEF1993BC026EB3DE8
:1061A000C2124F3E2CD8A6BDD190713B11E1DF3D0C
:1061B0007B16C4BD64CBF23C33DED6BC08CA2DBE10
:1061C0007C444CBD543A08BE7E8C39BD726FFE3C97
:1061D000EFFEF83C44159E3D9B58203D8F52C93D33
:1061E000DD7B383BFB3B9B3D88F631BE4145553C52
:1061F000C36515BD5ABD83BDE277533C115227BE1E
:106200000B62203CA7022EBDE069D23DDEC8DC3D1A
:106210009C36C3BD2A5863BB8A03C83DA08B863C0D
:106220008637ABBD978CE3BDF1D84FBDC7F52FBD09
:10623000E541BA3DDD989E3A6A34B93A0DA6C1BD32
:1062400002D414BD03EF64BD8D7CBE3DEFE3E8BC1A
:10625000321DBA3CC711ABBDCF49EF3CAD6B943D8D
:10626000A7C90CBD6BD7A4BD95280B3EA0329E3D9F
:10627000EEB089BBFBCEAFBD9FE78FBD97037D3DE1
:106280002750A4BD868DB2BCADDEE13DEA58653D28
:10629000A6D1E43DADBF65BD9CDFB03C938C9C3D79
:1062A0003A411BBB022BC7BDFDBB7E3D444D74BCB8
:1062B000F0A22FBDBEA045BD4565A3BD1157EE3D63
:1062C0003CC0933B3143A33DAB5A223E5BB1BF3B45
:1062D0006EA7ED3D6B80023E4084B8BB207A12BDB4
:1062E0001A18F9BDFFEBDCBCE0DB743CB1C0973D94
:1062F0000D1C90BD57B499BD605A94BD3945C7BCBB
:10630000774E733D42B32B3DF8A689BD886729BE01
:10631000E15E59BE8C489CBEB3256B3E740A92BDAB
:10632000232E803D3412A13CA7CEA33C44FA6D3D00
:106330006BD8AFBDBE693ABDB9E262BB70CEA8BD35
:106340008F19283CDB85E6BD0071573D1BBC0F3E15
:10635000313FDFBE55DA92BE0A66AC3D2F18DCBD78
:106360001A1ACFBCD6C5ED3CABE9FABD64CD483CAA
:10637000EF74873D03B3423D373706BE70D2B4BDDC
:10638000C2FA1F3E3AB2723EB493413E9E068C3D25
:106390005F0B2A3EF5F441BE939038BE23A3A33D84
:1063A000ED49B0BECA1A35BE581A78BD71218FBDED
:1063B000B22D833D8C2D44BD3FC4463D0E32893DF8
:1063C000925BD3BEA22AA63BFD30023E35D3DD3D13
:1063D000B6F563BE42CE3B3EEE5EEE3CE89FE03C4F
:1063E0007558313E8AE556BDA62A2D3DB7634ABE93
:1063F0007520EBBC6554393ED1CD7E3A594F2DBD49
:106400001901953C14E813BD22C1D43DAE49B7BC77
:106410000D368DBE65A9353D24251D3EB5364DBDD5
:10642000BE4A3E3DEE7BD4BC2590923C8E3E86BD5E
:10643000BA4A97BD6D3A023DF1F1C9BD8735153EA7
:1064400049F2FC3D7616FDBD43ACDE3D4017AD3D47
:10645000360502BE38A065BD0DA922BC4BCD5EBE7F
:106460001C44CBBD33164D3D3FC8B23998FA393D77
:10647000D61FA13D60C7FFBC27A5203E8CDC53BCC6
:106480004320D73D1DE7563EA48B8D3D828B05BE34
:10649000978DCEBD333248BD8A3AD33D724E6CBD26
:1064A00015FD71BE48A558BCC90311BC759182BDCC
:1064B000CFA3023E87333F3D7633A3BD94A0BFBB3D
:1064C000EDF403BE5BB1BFBDE15F143EB57059BDD5
:1064D000C64DCDBDCD782B3E011463BDF3E41A3C0F
:1064E000FDD8843D2CF316BDEB387EBD6A69EEBD48
:1064F000C076B03C6EA72D3E7BD7A03C99B815BDA9
:1065000054571EBE4D9E32BDA6B529BD213F9BBC32
:106510000E4B03BD49F347BB7DB2C2BDD2E5CDBC36
:10652000E7FE6A3C5BCEA53B6C09793BFC89CA3D22
:10653000A9C21F3D8F52193EB493013ECC5E363D39
:106540007CD40F3EFE0DDABCACFF933D2A00863DA5
:1065500039ED19BEDA56B3BC95B6B83B9F57DCBDD2
:10656000925C7E3DE02D903B527F3DBDA7B19D3DAD
:10657000C82639BD4B7757BEFD4E33BEB938AABDCC
:10658000091AB3BCADDCCB3D78CF01BC5E8213BD34
:10659000ED0F943D2EE607BE1F123E3C0AF4093B68
:1065A0004EB42BBD8731A9BD6BB8C8BD9E9875BCD4
:1065B0000AA3993DD2C49B3D73110F3EB9E02CBE96
:1065C000D350233C91489B3D68B36A3D2767C8BDC3
:1065D000766F45BDA60BB1BB745C8D3B2A9114BE92
:1065E0008D25CC3D261E10BD4D69FDBCF1811D3EA3
:1065F0006327BCBC4FEB963D7D9451BDCDAC65BDD2
:10660000D4D25CBC382FCEBCFB90773DA3E756BEFE
:1066100060E69BBD3848E83D850682BD2EA99A3DBF
:106620007C2766BDE4F560BDDF8C5A3DD44976BD5C
:10663000EF5345BEA989BEBD6ABD1FBDE4141D3D13
:10664000A4A99EBB384CB4BC31CEDF3BE90F4DBD95
:106650008B19E1BD438E6D3DA5C0823CAC8F173ECA
:10666000A4190B3C82AD92BC8C648FBCFCE2F2BDE1
:106670004EEDAC3DF23FB93DBA9E283DEFA91C3C22
:1066800035B2AB3D3370C03C2BFBAEBC204688BD61
:10669000813E11BC8787303D344C8DBD611BF13C80
:1066A000E99B34BDA08B86BC96430BBC08733B3E74
:1066B000CAFACDBC7902813D2123F0BE51BB97BE01
:1066C0004AB454BE97E3F53D74268DBED8B6583E05
:1066D000AC8E3CBED89E59BE33A921BC1FDB723D97
:1066E000378C023D054EF63D1FDA37BE12C1F8BDAC
:1066F00015C606BE36785F3DDF6CB33DF23F01BF85
:106700006BF01EBEFAEE56BD349EA8BD7DCE1D3E7A
:1067100017B7413E03D1033EF85082BDA9A0823D88
:106720002905DD3CA96937BE90A068BEA20A2F3EAC
:106730004A24313E3752D63D46099ABD151CDEBC6F
:1067400039B4B0BE0FB4423DEC504DBEFE47C6BD9D
:1067500017D90E3DAD3514BE55141FBE16F604BE36
:10676000BB2B3B3D234D9CBD7826B43CFB57F6BD6F
:106770006614CB3CB85C7D3D46998DBE3D7C193B93
:10678000A22A863D2F4D113DE8BE1C3DA1B92E3EEB
:10679000E206DCBD7C0C26BE3E424DBAE7C84ABDCF
:1067A00096EB6D3DD87F9D3DB0C51EBE8BFE50BBA8
:1067B000FEF0D3BDD5EAAB3D4699CD3DFE9911BE65
:1067C0005793273CD89F243EACE5CE3B9AEAA93D9F
:1067D0001B10A13C15C8EC3B3B5493BD5C3DA73C52
:1067E000814348BE13F4173DB69EA13C9547773DC3
:1067F000FDD824BEB4228A3DFA7D9F3DF31F52BDD1
:10680000E6229EBDCB8289BC94BF1BBE33A40A3D49
:10681000D1915C3DDA9225BE7E526D3DEFCB393E83
:106820007BC1E7BDD289743EED2AA43DF12980BC2D
:1068300008582B3EFA80C0BD93A8F73DB5A88FBD80
:106840007C9EBF3CF06BA4BD0B27A9BD82C8223D36
:10685000475739BE3E21FBBDD00C82BD8467023D47
:106860007D03F33D65E080BCBCCD5B3D123210BCC6
:10687000367318BEFCFF083E9701373E09A5EFBDF1
:1068800091EF323E16F84ABDD044B8BD7D75153D36
:10689000C5E7CE3DA245F6BD8254EABD8C31303D00
:1068A000BCC9AF3D861F1CBC36CEA6BCA35A44BD96
:1068B00029D0A7BC328F9CBD59C084BDF65C663D13
:1068C0002E56543ACBDA263C693B26BD76C1603C55
:1068D00037A722BE8046693DC7D8893D92EB263D49
:1068E00003CD673CFB5CED3D1571FABD1E87E13DB4
:1068F000FC8E613D810A473D40F7653C7B142EBD0F
:10690000382E63BC0534913DEF6FD03B5BEAC03D50
:10691000DD4081BC2C0D7CBB876ACA3C2C2BADBDF5
:10692000B2F58C3D882DBDBDD45F2FBECB49A83CB0
:10693000A835ED3D0C950F3E0F5F66BD67D73D3C1A
:10694000378B17BDDDEE25BEBCCCB0BD4C702ABD6B
:10695000E19574BEEA780CBDC6C486BDFEF073BC7A
:106960007F17963D7AC5933D376E01BE9E0862BC87
:106970004FE69F3C5D8B56BDE3DD113EA663CEBC6A
:10698000E2AD333D693A3BBD9C15D1BD4D10953DFF
:10699000C58DBBBD7979FABDDE3D803D239EECBC43
:1069A000EE06D1BC1E6B063DB7D401BDD8B87E3C07
:1069B0008731E9BC6A18BE3C7D073FBD4DD8DEBDBE
:1069C000D9D04D3C18E9C5BD7FA4883DFE4891BC97
:1069D000FE282ABD87E1A3BC1095863D6EFAF33DE3
:1069E0001CB4D73C234D7CBD492D543D6D1B46BD89
:1069F00011C38E3CCA6DFBBCB1DEC8BD6AC296BD78
:106A00005FD0423D2750C43B83FBA13D30F4083D9D
:106A1000217385BDD67091BDD3DDF5BCC7F4E43DCF
:106A20001DABF43D7E1B223D2F85C7BD7192E63C18
:106A30000799C4BD4607C43D0B444FBDB01D0CBBF8
:106A400000AEE4BC8B4F013D46EEE93C0C9369BDC2
:106A50003815693D71E481BC26702BBD9DF614BDCF
:106A6000F0366F3D899AA8BE0A8382BEB5334CBD0D
:106A700047B071BEDEAA8BBEA983BC3B2A58ABBE11
:106A800091631BBEA439DABEEF38053ED4D2BCBD3B
:106A90009C35183EE63B08BEAF24B9BDE8DEC33CDA
:106AA000300F99BBD7134D3E6DE422BFFFB1F0BD4F
:106AB000D2C6213EF8A669BC255B953E32AB573E57
:106AC000AA63953DC8439F3D41110BBC4354113E01
:106AD00031D005BEA1F821BE61DF0E3DC05FCCBB49
:106AE0004626603DDCA0D63DE9B519BE9AEE15BE3E
:106AF000E21FB63CC0CF38BEA532C53CAD50A4BCE9
:106B000030621F3C8080F5BDBF292CBDE7701D3E63
:106B100039ED09BECA36203E0EF410BE946A9FBC01
:106B20000421093EC231CBBBA14902BE7E0022BE78
:106B3000836D44BE08C8D7BDE6404F3DA3073EBDA8
:106B400084D8B9BE7765573D5854843DB0AC343DC8
:106B50006CEA3C3DB1893CBEDB35813D85221DBDE3
:106B60005395763DB118753EFD86A9BD1D5BCF3AA4
:106B70004CA61A3E34A2B4BCF3595E3DEDEFEC3C9A
:106B8000B003673D204131BEE65DF53AC0EB83BE00
:106B900010AFAB3D2EAC9B3CC405A03D3080F0BC9B
:106BA000FB02BA3DEE0ABDBD40683DBDBD1D81BDC5
:106BB000522760BD1C4300BD8A0629BD897AC13DAC
:106BC000BAA07EBE266F803EE65B3F3E9E245DBE41
:106BD000C556403E8E95B83D161707BD7008053E58
:106BE0009F20D13D81AF58BE31CE5FBBA791963C6F
:106BF000171145BDAF059D3D9049063D57B5A43CD5
:106C000018B2BABDC808A83B92239DBD5C91583DFF
:106C10003D9E46BE1C45D6BCE9D540BD499EEBBD58
:106C20002315163E3ACBAC3C8F3513BEE5B6BD3DC1
:106C3000F014F2BC0470333B8BC1C3BDA31EA23C55
:106C40003755F7BBB87602BEE6EBD2BD6056E83DDD
:106C5000520B253D124D603D77DCD03DA647133DDC
:106C6000DB3135BDF24490BC5BEE4C3DCCD163BD15
:106C7000AA479A3CFF781FBEB6BC32BDD6E5F4BD2C
:106C8000C495333C0709913DB6BB47BD85B2903DE5
:106C9000DFC53B3D0F60113D47AD903D36751EBDD4
:106CA000499D003D9293093D419BBC3DFF2012BD93
:106CB000B58C543D109330BD2B17AA3DCFC048BCB6
:106CC000D05F683C27DE01BE42437F3CEBE13BBE28
:106CD000DC9DD5BDBD1DE13B2FA6593D3BACF03C35
:106CE000C478ED3DD94290BC3849333DC7F56FBCFF
:106CF00009FD4CBD0BF0FD3D5299E2BD73D8FDBCC2
:106D00000932E2BD87A4963DDFA72ABDC4CC6E3E02
:106D1000BB5E9ABBBE331A3DA35A04BD4582293DD2
:106D20009067F7BD240C133E865A533B4E28C43D52
:106D3000918089BE0FD514BC01184F3D57EE05BD9B
:106D400016A79A3DA81887BD9D4890BDE57D1CBE3D
:106D5000CCB4BD3D478D19BEF60920BE0DABB83D84
:106D6000BC578DBD0F0D0B3C3B35B73D859936BCEF
:106D700059198D3B5B5E393DC1521DBD4E61A53D2C
:106D8000018A91BCFA7CB43D268BBBBDE0BD83BDBE
:106D90002A5863BBF147113D020D16BE06F52D3D85
:106DA000404D6DBD4DBACDBD17BBBDBD417E963DBD
:106DB000D921BE3D2CF5ACBC0394A6BDB2F4E1BD17
:106DC000B70A22BD42AF3FBDE1B4603D8944613D99
:106DD0007F33F13D6A6D1ABDA4DE53BD360291BD0D
:106DE00001DFEDBC9ECE95BCC6E10CBD702345BE57
:106DF00067476A3DA94D9CBB56F2F13D55F8B33C3F
:106E000040F63A3D747923BE1B4AED3C9DD708BE3F
:106E1000EF010A3EC138B83B1C9A12BE95B6F0BECF
:106E2000551645BEA7CF8EBD08AB01BEFE9826BE47
:106E30005743A2BEAA617F3E9A2496BD4BACCCBDFF
:106E40006FBA85BEE4F68BBE2CD49A3DC8440ABE08
:106E5000BE12683EAA9A10BE1CD288BDD503063E5B
:106E6000E0F383BDCD784B3E282D9C3EA0A7C1BD4D
:106E7000C1FD103E3E40D7BDB119E03D61E28F3CFF
:106E80005B0AC8BD1EFD4FBE31CE3FBE8D9A8F3D01
:106E900067EE613E1840B83DF0DD86BE512FB8BDAB
:106EA0007DD053BE30629F3D59A7A2BED591A3BDF0
:106EB000D1406CBD19721C3EF850423EE46969BE77
:106EC0005CFF2E3DD67091BCBFB553BD6AA31A3E80
:106ED000B2D73BBC5DDE5CBD4A403CBE2A7032BCD2
:106EE0000AF5B4BD70CFF33C919810BE63D4353D24
:106EF00073D87D3E704437BDA86F19BD49BD87BDAD
:106F000075B159BE84119B3DFAF107BE30473F3E33
:106F1000B8E90F3DCE33D63D55DB0D3D4C38D43D61
:106F2000349FF3BC46961C3E8CDBA8BD5E83BE3D01
:106F30001CCF27BE3942E63DF9D607BC7F4E01BDC6
:106F4000526312BEAD889ABC14D11FBE8331123E6B
:106F5000DE57653D08030FBE2BC28DBD65E080BDC9
:106F6000C174DABD4A073BBE191C253DD74BF3BDA2
:106F7000B680103EFD69333E07F036BE90C01F3E1E
:106F80005307993D4C180DBDE107273EC83FB3BCE0
:106F90003A0624BDF7CC923AC614AC3C204412BE4B
:106FA000D863023E4260A5BDAC8B1B3DBE85153E3D
:106FB0004546C7BD758E21BE4086CEBDCBF4ABBD68
:106FC00074EE76BD9E6205BE1687733D79570D3E01
:106FD000C957A23DEFFFE3BCC4091C3E8A0348BE6B
:106FE0003CA36DBD04C67ABD91455ABDE96168BD3B
:106FF000601D473C423E283DB744AEBCE86930BE08
:10700000ED4ACB3CCFF4B2BD363A67BC7993DF3B57
:10701000BDE55ABECFF59DBD6CCBE0BD925E94BD83
:10702000959F64BE06499FBBE354EBBCC7D6F33DB6
:1070300077A2043E0EF967BD56D28A3C7EC3443D1A
:10704000A9867DBCE50D90BD1134E63CC781173D96
:1070500092EA3BBD36ACA9BB7E8A63BBECA2683C1E
:10706000CF30B5BC0805253CC2DCCE3DFEEFC8BD27
:10707000F3E36FBDF59FF5BDE78FC93DD6FCF8BDC5
:10708000FCFC973D7D077F3DEF01BABC60AE053D3E
:107090006780EB3D89D4B43C44C41DBE0663A4BDE7
:1070A0005A2F063C271743BEBAA214BCCEC3A93D33
:1070B000ED4AAB3DBEDC87BD1631ECBCFDBBFEBD71
:1070C0001AFB02BE33A7CBBCF1F6E0BD57CDB33DF2
:1070D000BEDD92BD645DDC3D4791953D0DC688BD2A
:1070E000AF5F90BD886789BCB9A9413E6B7D913D7A
:1070F0003F7396BD675F79BDAA9CF6BB2713373CEB
:10710000FD674D3C15C4003E15C8CC3D3C3296BDD4
:107110005AD4273DE10A283DB4581ABEB1894CBD66
:1071200041650CBE74EB753DFB91A23C5D6F1BBDD0
:10713000DCD86C3DB1E0FE3CE2783EBD0954DF3D59
:107140006805863C8810B7BDBC5DAF3C8C830B3DA9
:107150007BF7C7BC539621BD3DB9C6BD80996F3B37
:107160001C982CBEFEF239BEA400D13C6807DC3C62
:107170001A6A54BD8E5976BCD5967ABD8D0DDD3B0D
:10718000B28049BD2E8E8ABD9678003DD4B897BD99
:10719000FCA7BB3D785E8ABD3E5B47BDAEF0CEBD71
:1071A0008A91653D25E84F3E9CDBA43D4DC0AFBCB8
:1071B000EBC4ADBE9352D03C41F3B9BDF949D5BD46
:1071C000433B273C637C58BE0FF0243C51F82C3DD8
:1071D00019E2183E5455A83DF8FD1B3D6078353E38
:1071E00086C6D3BDE63FA4BC59A439BE164B11BD1B
:1071F000BB7D16BEAB77783DF5D896BD61FD1FBC53
:10720000211E29BE072948BE637C183C1FBDE13BF7
:107210006C938ABB645A1B3DA3AD4ABE4CDEC03D95
:10722000FD4B023E03EF64BC4D9FDDBDFAF2A2BDF3
:10723000EE4188BCA0517A3DDD239BBC92AE19BDC6
:10724000D2C2C53DF0E027BE946A5FBE1348493DF7
:107250000A1336BECD024DBEC11E93BCA7AFE73C9C
:10726000CB48BD3C3EB249BECB0EF13C33FE9DBD8A
:10727000029C9EBDC57637BD1E32A53D1100BCBD2A
:10728000F5F57CBD0F9C733D849ECD3D9E970A3DD8
:10729000C250173E471F33BDA661F83A0801F9BB3B
:1072A000B1351B3DE3E228BDD4458A3C7C9DD4BC6E
:1072B0005B0AC83DFF25A9BB9A96D8BC2079E7BBDD
:1072C000490F13BE4721A93DDBC2933D9339963D3B
:1072D000A7E9B3BCDDB504BD71730A3E0CB1DA3D5C
:1072E0002D9537BDC68B85BDDB1966BD4B042ABD08
:1072F000ECBE633D0B0B2EBD20EE6ABDA1868F3D1B
:10730000F7949CBD7A182ABE5FB31C3D861DC6BC8F
:10731000BAD8B4BCECDEAA3D21C98CBD6281AFBB3A
:10732000884CF9BA471EA8BD9CC094BD255A723D31
:107330005BE9353CD1CEC93D79CA4ABE19FEB3BD21
:10734000FCC4113E80D4163E3884CABD31B5253DFB
:10735000AF96BBBD3623C3BD92E7FABB265430BD02
:107360005FB4C7BCC191A0BD12A57DBD7E57C43D11
:107370002E3BC4BCD97BF13C2846163B72DD943CC5
:107380005B08223E8A752A3D4AB58F3DD3BDCE3C6F
:10739000CA35853CD060B33D9C31CCBCFEF1FEBD0E
:1073A000812642BE84B7A73DCA6DFBBCAEF08E3DC0
:1073B000E1D407BDB071FD3C83A3843EE7736EBD8D
:1073C000BA1562BE29B2563B27C2063C0D3760BDD6
:1073D0009012DB3D2193CCBD721721BDC3B790BD88
:1073E00008581BBEF299EC3D8B6B5C3E2574173B35
:1073F0007BF4063DA7CB12BED5EA6BBDEE26F83D69
:1074000064E71D3E493005BE0EBBEFBAF5DB57BC45
:107410008143A8BD4303B1BD2BDEE8BD058C8E3D85
:1074200081EA5FBD806610BD936E8B3D250556BD1C
:10743000713D4A3D809B45BD1895D43C14CBCD3D54
:10744000ECDC343C166E093E492BBEBC7A34553C0C
:1074500034BF9A3CEAD089BD85EAC6BD1CB60DBED4
:1074600083F840BC00E1833DDFFBBB3DB8CCE9BC09
:1074700085958A3D9C329F3E49145ABD857A0ABE45
:10748000AC1C1ABE4BE52D3D91819CBD81D1853D43
:10749000C619C3BD904BDCBDA06D75BD75CDA4BD37
:1074A00082E2C7BD2C823F3EB14F40BD5D8C813D25
:1074B000E9F0903D7749BC3D7B30893DC91DD63D03
:1074C000D8285BBE99805F3D3E78EDBBF54C8F3D83
:1074D000A870E4BDE8F6123C12C1B83CB5FD2BBD66
:1074E000713833BE9BE2113ED106603DCF48843BEC
:1074F000B308E5BD69E3C83DE564E23CCDE992BD72
:107500000724E13C26FDBD3B9DD582BD8483BD3C67
:107510004BEAC4BDA3E66BBD2E3B04BEB58CD43C88
:10752000AD872F3D8A3D343DD5598D3D0F971CBD0C
:10753000A12B013E89600CBE6761AFBD68044BBEE4
:10754000A1F22F3C3370003DF3C9CA3D6A4B1D3D8B
:107550007C9B2EBE16BD13BD6AC18BBD77BBDE3DC5
:1075600069550B3DC11B523B47CA96BD43FF24BE24
:107570005AD9D6BEA851E83D25CC343CC366003C60
:107580001896FFBD4051B93D821CB43DAA100F3B77
:107590008C4854BDC37E4FBDC59292BD2427533D38
:1075A000301004BDC30C8D3C68B36A3C3DF3D2BDC2
:1075B000AA61AFBE58ACE1BB861C5BBDAA60543D5E
:1075C0005341453D8A3948BD95B7A3BC0C40833D26
:1075D00000E1033D5D35CFBCE8C1DDBD1F2C23BDFF
:1075E000EBFEB13D3F390A3DDBF7A8BD9BE3FC3D17
:1075F0006D1FFABEE99AC9BD121354BD1FA156BE34
:10760000F581843D732CEF3CFC1DEA3D8FA6DABD6D
:10761000A20D403C5E10B13D6AC0803D202A5DBE97
:107620008B89CDBCC976BEBCDE3E1BBEAA44C1BEA2
:10763000C7D79E3DA2625C3D8601CBBD5DF8C13CD3
:1076400017B7513D07B4D43D9225F3BC3604473CEF
:10765000577902BDEA22053C2DEA133CD7F7613D7C
:1076600045638DBDC77F013DFDDC10BD5AB761BECE
:10767000BC40C93D83F7D53C9E9A4BBCB69E613D4C
:10768000244223BD76DFB1BC8CD952BD98A59D3B69
:10769000887FD8BC7D088ABDAC553B3D629E953C39
:1076A000AAB9DC3A0EDAAB3CFBE63E3DB0564DBE25
:1076B0003C1455BED712723CBFD625BDBFB5933C16
:1076C000CFF7533D0B61053E9FAEEE3A7976793D9B
:1076D000F86E733D124D603DCA17B4BCCFF668BD5D
:1076E000E36DA53C68E9CABDC7D9BCBE3C6921BDF4
:1076F0003736BB3CF242DABD63D1B4BD8ACC9CBD07
:107700000E8725BC61C268BDD526EE3D8B1660BDD7
:107710002504AB3C5839B43A249A003DE6070EBE26
:107720005C77F33C9065C13B925E8CBEB58C943D1A
:10773000946DE0BBD845013ECE6F983B8D2AC33C8B
:10774000F04CE83C99F582BE8F70DA3CF06C0FBDCE
:107750006DC96A3D8CDAFDBB9BAABB3D0CAD4E3DAD
:10776000DFFA303CC841093DCA6C50BD118DEEBDF9
:10777000CC4326BBC13662BC50E4393EC05A953D6D
:10778000300FD93D5CAAB2BD9D9EB73DCB0E31BD39
:1077900019AC983DA514043EFAB74B3C5051353D09
:1077A0003E20903D32020ABED4484B3DD5779EBD67
:1077B0002ECA84BE8D9819BD4435A5BD2BA1BB3CF6
:1077C0007D2184BD2E54DE3DE86C413D4815E53DEC
:1077D000444E1FBEED4524BE813DC6BD390DD13D91
:1077E000B7F03C3DC05D76BDA4C684BAF911BF3C7C
:1077F000F9DC893D09A7053E8D5FF83CD07E543EFB
:1078000094A16ABDF2EB073DAC3AABBD03422B3D00
:10781000A0327EBC2EAC5B3D21CBA2BD8D98593DE4
:107820004AF0863B96210EBE4DC0AFBDBC03FCBDE9
:10783000193DB73D3560D03DBE835FBD7F83F63BCC
:10784000D1CCD3BD4A0C82BCC1C6F5BC511187BD99
:1078500009FF123E4C5384BC7FC2593CA800183D1E
:10786000419AF1BD2D42B13C98C243BE4ED141BEBA
:10787000CFDA6DBD2289DEBC0492303DA69BC43BAD
:10788000257758BD5C91183AFB75C73D82E7CEBE9F
:107890002174B0BDC32EAABDA5BDA13D36E7203DD4
:1078A000139D853DCE00F7BDFCAADCBCC971273D08
:1078B000A015983C0667703C2B5176BCBA2C26BDAF
:1078C000D65416BDB6BCB2BE8273063DE82FB43D99
:1078D0008B890D3DFCFDE23C2E3798BC2173E53DC4
:1078E0003F5585BDBFD2F93CE8857BBDA1D79F3B05
:1078F000A340DF3D5518BBBD3B70CE3AD6E534BE44
:107900002B18153DB3252B3C0682403DBEF6EC3DC1
:107910000343D63C6B9F5EBE8F1D08BFA5A324BF4B
:10792000A04F643DDAC920BD101F983D003A4CBEFF
:10793000D61B35BDA4A99E3CBFD7D03D9016E73DD0
:107940000377A0BC4A2712BDF792C6BA07258CBDA3
:1079500083A7B03D4A0C42BD643C3ABECAFCB3BEEC
:1079600000C9343DA7242BBDF415043E07EC6A3D45
:107970005B98853C574362BDF3ADCF3D51C0363D6A
:10798000080535BE425A43BE618AD23DAF7A403DBA
:1079900079AC593E06BDF7BDCCB43D3D894009BF29
:1079A00047C755BBB83CD63B0F9BC83CF910D43CED
:1079B000A4C1ADBDE2CA193D88BA0FBD9698E73C97
:1079C0003F6F6A3D630AD63A7A1D91BEC90391BCE6
:1079D000D0D6C13C17A08DBE765099BED1CE193EEF
:1079E0007B690ABAC6DF763BB3298FBE2BC3B83D8D
:1079F0001F4C4A3DA167B33CBF0E0C3E307F053D96
:107A0000A038403D180AD83B0D8DA7BCD179CDBD1B
:107A10003D0CAD3DBDABDEBD17D39CBEACE2CD3D54
:107A2000D2C73CBDA7B3533D28F0CE3C40C0DABC22
:107A3000F2CF8C3D2D0ABBBC3F8DFB3DB7D015BBB3
:107A4000032630BDA12F3DBC9F73773D88691F3D44
:107A5000B0AF35BD4E2719BD630800BE93569CBD1F
:107A6000E430583DF3C9AABDF013273EC0CCF7BCA3
:107A7000C90311BCDDD3553DA1D75F3D5183E9BC9E
:107A80005801BE3DC05BC0BDB0E76BBDFBAD9DBB4B
:107A90009E062CBEAA7F60BE5D3725BC897D02BED6
:107AA0007BC187BD469812BEF5D5553D749734BE4F
:107AB0004D13963D91636B3D962625BD215B563D4A
:107AC0002E20B4BB6EBE913D0308DFBDBE86203DB7
:107AD00094FAB2BBDA032D3C0C75D8BC4E7C353D14
:107AE000C1CA013E4D309C3C408563BD215CE13DF7
:107AF000706032BD1EDC5D3D178307BCCBBB6A3DA9
:107B0000771592BD3AADDB3AAC8FA73D093719BD69
:107B10001A34F4BDF487C6BD17F19D3C5E65AD3DDA
:107B2000789ACCBCC5E2B73D7EAB953DA98502BE37
:107B3000DAAE50BCE5EDC83D742542BDA41820BDA9
:107B4000CC25953D4F57373DC2DF6F3D048DB9BD04
:107B5000DEAFC2BDEBC5F03DBBD107BD9B3B1ABE3E
:107B60008BC4C43D9BE7883CD6E2133DD8D5843D09
:107B7000E5B4E73D21785CBE7FF538BC2A9104BEB0
:107B8000B614F0BD459C2EBE8A74DF3DB401583C4E
:107B90000648343DB94FEEBD0954FF3B24B7A63C1F
:107BA000BCCB053DCD781B3D525F263E103C7EBDD3
:107BB000DCF5D2BC511468BDE8BBBB3D0858ABBB7B
:107BC000ECBDF83CE90EE23D4F236D3D29B000BD10
:107BD0002E3AF9BD0473743DC0EA08BD9F90FD3D87
:107BE000A0E0C23DE6400FBE88F45B3C282970BD92
:107BF0008A55833A41472BBD5C3B91BDEA215A3DF2
:107C0000431E813DF8FE863C58E1163D1EFA0EBE2D
:107C10006287213ECE1650BE9CDFF0BD8274913D3E
:107C2000C7DA9FBDA83A243D8BA8193E363EF3BD66
:107C3000AA7E85BEE141B33C37A7DABEF6466DBEEB
:107C4000D1B028BE9582EE3DAFB0E0BB4E9AC63DA6
:107C5000D0EE40BEB6A162BD3FC8323B77A1D93D50
:107C6000FAB7CB3C3B8B9E3DD2C3503D709ABEBD14
:107C7000AA2A74BE6211C33C40DEEB3D675F793DCA
:107C80006CED3DBDDFC59BBD84BD09BD9F02203DA0
:107C900030F3BD3D0F9BC83B90A28E3DCC5ED63DE0
:107CA0004F3D62BE54C4E93B90A3793D2B4FC03D8C
:107CB000DC4AAF3C76389ABD5892DCBDDF6D5EBBC6
:107CC0004C8A4FBDDB1966BD412BF0BD361EECBDA5
:107CD0009C1797BE74EED63D029DF9BE2E92363D9E
:107CE000080660BEF60D8C3D92B1DA3D124DA0BA89
:107CF0009F55E6BC1B687E3D5000E5BD5D86DF3DBF
:107D00003FFED2BBE88636BE9ED06BBC3F8D7B3D2E
:107D1000FC6FA5BC81423D3E2464A03D9A3FA6BCB9
:107D2000151CDEBC9EB21A3DEB71DF3DBA2E4CBE77
:107D3000AF0929BED4D1713D12DA323D25B20F3DD3
:107D40008A5583BD574207BEBDAC29BE6118F03DC0
:107D5000AE0D15BD9069ED3C867438BDE334E4BDCD
:107D6000BF0B9BBDF0C16BBDA2CF073D0D190FBC72
:107D7000137EA93CCC2856BE38D85B3DE78D93BC1A
:107D800075CC39BD5A7F9BBE65FC7BBDDD445DBEB5
:107D9000957C8C3D91F34EBE06F442BDFB1F30BE78
:107DA000F6078A3DB398B83D8CF422BD3A5C2B3C73
:107DB00029089E3C21E8E83CCB64983DE97C783D6D
:107DC00097CA1BBD2E008D3BAA82913D965D303D2A
:107DD000D2E0763D2C0E273D702450BABE4DFF3CBC
:107DE0002577583C8F6E043EEB54D9BD8A7700BD91
:107DF00050197FBCB14DAABCAE6106BC3F91A7BC77
:107E000076529FBD5A6350BD83F8C03D0D1A7A3C2F
:107E1000BDAAB3BBB5E0C5BCF9113F3CC18EDFBD07
:107E200052F3553D3EB3243D23F59EBC8DB57F3DB9
:107E3000F4A5F7BDF4C4F3BD331A793CC32933BDAF
:107E40003A3C8CBED19508BDF1B9F3BD643CCA3D46
:107E50006D8FDEBC3F1E3A3D481816BE2B4EB53B1B
:107E600022FC8B39D8D3CEBEE8A38C3D680601BE78
:107E700069C8D83DA4A91E3BB3B7F4BD069EFB3C20
:107E80003D10D93CD333BDBCE09DFC3C18EAB0BCEE
:107E9000514C5EB950E273BEF7C8E63C5935183E06
:107EA000350AC93C4E7C35BD1399393CC97167BD53
:107EB000912C60BDA511433EAAF3283B3D609EBDB9
:107EC000C66E9FBC0A2DEB3DB0566D3DB4AE113D64
:107ED000417EF6BD3A02783D7F1520BE59F9653DD9
:107EE000527E523DDCF0BB3C8C31903DA85489BCA5
:107EF0001E347BBDEC4E973DD2704A3C2C48B3BD3E
:107F0000529B383E8846973D67D6D23DCB9D9939E6
:107F10006B4646BDC381903B49F21C3D88812E3D96
:107F2000CD91C5BE9CA38E3C124FC6BE6134CBBD65
:107F300072A7B4BD3FC95D3DD3BDCE3C5C3E923C13
:107F4000957E02BDB9C57CBD0134CA3D7A50D03C96
:107F5000E3C3ECBCCE8A88BD3BA8C43C5839F4BD11
:107F60008DB795BBA243603B20F0C03C5323743DCA
:107F7000BDFC4E3DF20A443DBD51AB3CBF46D2BDB7
:107F80004B02443ED42BE53C8810973DCCD058BEE4
:107F9000B2A0B0BC62851B3DAF7B6BBDBA8699BCFD
:107FA000315EF3BB1FF48C3DA56ADBBDB1F7623CCB
:107FB000C0CB1CBE8DB4143DA8AA503C0265B33D95
:107FC0005B22973C71E4013C0803CFBCCBA0DA3ABA
:107FD000E3E2283C293EDE3D7E3547BDF358BBBE7B
:107FE000A5828A3B35B69FBEE5D539BEFC8C8B3D5C
:107FF000E63B783D0987DE3BAA28DE3CF1630CBEF8
:10800000E4F415BE6C5C9FBDE7FDBF3DA81ABD3B07
:108010006363BE3D03B598BCEACC2DBE5B0C9E3CB1
:10802000F43395BDF0DC3B3DBD723D3DF67B22BD9A
:10803000F9A0C7BDEE7853BDA1BAB93AF3C98A3DDC
:10804000FFEC873D9F750D3C5F5E20BE6DE6A0BED8
:10805000A9682CBC1F6ABB3DF0BF153E179CC13CF4
:108060003CBF90BE163061BE020E213C647781BDDC
:10807000A9DCE43D10911ABC0B091CBFB77B29BEDB
:108080006138573DE06390BED74C2E3E9E3FFDBE0B
:10809000098BCA3DE38D4C3D37E10EBE2107A53C5F
:1080A00067EDB63CFCFCD7BD7A004B3D895C503E89
:1080B000D74F9FBE5F79103D0377A03D7E02A8BDDC
:1080C0003222B13D43AB433E01DAD6BCA52E99BC6A
:1080D00007970E3DC2DD993D670A1DBD2BC23DBE0F
:1080E000C2C033BD863CA23DE946D83D6286C6BDCE
:1080F000996424BE3AE7A73AC4D1553D28F1B93D69
:10810000C5A9163E65A644BE238407BED2FF32BD74
:1081100006B9AB3D7B329F3D4DD83EBDE17A54BDA3
:108120008256E0BCC0CE4D3D76FD82BC1BF1043EC4
:1081300017D30CBEDC0E85BE30620FBEA46CF13DC1
:108140005248D2BD8EE6A83DB4C72BBE3239353D6C
:10815000BE840A3DFB0666BD3E219B3D0D39F63DC2
:10816000FEF2A9BDBEDDB23D0BD28C3D93E4393C9D
:10817000944B23BD8C82803D5D872ABD4CAAF6BD01
:10818000FF060D3E4B3C203C0AD9B9BD28BA2E3D16
:108190003529053E95D835BDD123E6BD07EFABBDEA
:1081A000DE21C53BDE02493D984EEB3B6DA838BE53
:1081B0007BDB0C3DA5155F3AB3B53E3C1346233E31
:1081C000844BE7BD0C595DBD978EF9BD180A583D2B
:1081D0008FA785BD780D7ABC49A1ACBC80D6FCBC0C
:1081E000772D21BE9293493DDA7143BCA29A02BE1B
:1081F000FACF1ABD22C2BF3AB728833E33DF41BD52
:10820000FC1D4A3D8E1FAABD6FD961BD1711C53D2A
:108210001EDD68BEA114AD3B6556EFBB10CAFB3C2A
:10822000DFA8553D705F873CBB0BB43DE3DE7C3C73
:108230001C5D653D7E02A83C46258DBE47CC2CBD0D
:108240004E0C09BE8143A8BC04FE503EF5F7D23C5B
:1082500064CDC8BA255A32BD2828C5BDC13662BE14
:108260007D595A3D8907943CCEA7AEBD3127683D64
:10827000EA92F13CC72FFC3D9C887E3DF20688BE09
:108280007DCB9CBC736891BC1AC2D13DC37E0FBD2F
:10829000F629473D730EBEBDC423F1BB519FE43B9D
:1082A000DC472EBD91D56DBD448780BDE1B4603CF7
:1082B0007B2D283DC95AC33C388640BDBC757E3CE9
:1082C0007976B9BDA7CE23BDBA132C3D514B53BE11
:1082D0008DD1BA3CBA9EC8BDE10812BEE9D1943D29
:1082E000F1F5B5BB3145B9BB630B013E42B2003D70
:1082F0005F0BDABD857864BDA70359BDD6C82EBC17
:10830000F1F45ABE9ED36C3D2EE5DC3D718F653D88
:10831000A5164ABD7689EA3C098974BD7F3246BDFF
:10832000B2D911BDEA750B3C25B0B9BCBB425F3E6A
:1083300088A01A3E0C3D823D65C62BBEC8B5A13C47
:10834000910E4F3D03B6A33DD7BF6BBC04905ABB03
:10835000207917BEE46608BE80BA81BD3B38583C20
:10836000F696F2BCB933533D73F6CEBAF6EE0F3D36
:108370005C58973DF7061FBE31B4DA3DBCCCF0BD6A
:10838000BA4DD8BDB9E2E23C827401BE0DA5063EED
:10839000B37A27BEE4F39ABEE2CAD93D0F63523DD9
:1083A000A6D63BBDA450B63D456428BE9B0344BD44
:1083B0008FFDCCBD512DC2BDB0AD9FBC828CB8BE6F
:1083C0009C3322BC3468E8BD6747AA3CAF7D01BE40
:1083D0003FFDE7BC730EBE3D562DE93B50C4C2BD08
:1083E00059C16F3D0E6B8ABDA8531E3D5E9E2E3E49
:1083F0006DCA953C1685FDBD8E0660BED7C1E13DB8
:10840000CE39B83DFE7F1C3B1D02C73CA01AC7BE3B
:10841000EA961DBD770F503C7C0EEC3DAB05F63B5C
:10842000817B9EBD2A90F9BD3ACC17BC624DE5BC5C
:10843000774E33BA143E1B3DC4D115BD3469D3BC4D
:10844000925C0EBEFE0F303DA43847BD583A9F3CAB
:1084500022C4153C789BD7BDAD4FB9BDAD89E53D74
:10846000508DD73D6CEE28BD1C61113EF32128BD17
:10847000024BAE3C90C09F3CB2F3963DA06EA0393B
:10848000197016BD7E71A93B74986F3DFB3BBBBD57
:1084900064904B3E67EF8C3CB35D11BE711E0E3D88
:1084A0002FDFFABB13D5DBBC2F34D73C9A79F23CD3
:1084B000895C703D0A65E1BCC5C6BC3CCA17343A4C
:1084C000E528C03C6DA903BC863B973CA96B6DBCFD
:1084D00030313233343536373839414243444546FA
:1084E0004748494A4B4C4D4E4F50515253545556A4
:1084F0005758595A616264656667686E7172740094
:108500000000000000000001020304060708090043
:108510000000000102030400000000000000000051
:10852000000000000000003F4000000000000000CC
:10853000003000400030004000000009000BC03D4A
:10854000000BC03D00090018C024407FE0224031EC
:10855000800000180024C01B000D80324001800301
:10856000801C4027401C8007400040100060000035
:10857000000000000000000000000000001F80203C
:108580004040200000402020401F800000000009E3
:108590000006001F80060009000000040004003FE0
:1085A00080040004000000001000600000000000D3
:1085B00000000004000400040004000400000000A7
:1085C0000000400000000000000000002001C00684
:1085D000003800400000001F802040204020401F45
:1085E000800000000010403FC00040000000001864
:1085F000C021402240244018400000108020402428
:108600004024401B80000002000D0011003FC0010B
:108610004000003C80244024402440238000001F70
:108620008024402440344003800000300020002794
:10863000C03800200000001B802440244024401B40
:108640008000001C0022C0224022401F8000000049
:1086500000000008400000000000000000000004CE
:1086600060000000000000000004000A001100206B
:1086700080404009000900090009000900000000CD
:10868000004040208011000A000400180020002350
:10869000402400180000001F802040274029401F70
:1086A000400000004007C039000F0001C00040201A
:1086B000403FC0244024401B8000001F80204020F9
:1086C0004020403080000020403FC0204020401F1C
:1086D00080000020403FC024402E4030C0000020D9
:1086E000403FC024402E00300000000F00108020CA
:1086F0004022403380020020403FC0040004003F7D
:10870000C02040204020403FC020402040000000CA
:1087100060202020203FC02000200020403FC024B7
:10872000400B0030C0204020403FC02040004000AF
:108730004000C03FC03C0003C03C003FC0000020E0
:10874000403FC00C4023003FC020001F802040203D
:108750004020401F80000020403FC02440240018DB
:108760000000001F802140214020E01FA0000020C9
:10877000403FC02440260019C0004018C0244024B7
:1087800040224031800000300020403FC020403077
:1087900000000020003F80004000403F802000207B
:1087A000003E0001C0070038002000380007C03C30
:1087B0000007C038000000204039C0060039C02042
:1087C0004000002000384007C03840200000003042
:1087D0004021C02640384020C00000000000007F3B
:1087E000E0402040200000000070000C00038000EA
:1087F0004000000000402040207FE000000000001A
:1088000000200040002000000000000010001000C8
:1088100010001000100010000000004000000000D8
:10882000000000000002800540054003C000402019
:10883000003FC004400440038000000000038004A7
:108840004004400640000000000380044024403FF4
:10885000C0004000000380054005400340000000C8
:108860000004401FC0244024402000000002E00516
:108870005005500650042020403FC004400400032F
:10888000C000400000044027C0004000000000007D
:10889000100010041027E00000000020403FC0013D
:1088A00040070004C00440204020403FC00040007A
:1088B00040000007C0040007C0040003C00000041B
:1088C0004007C00440040003C000400000038004CF
:1088D00040044003800000041007F00450044003EB
:1088E000800000000003800440045007F0001004E2
:1088F0004007C002400400040000000000064005DC
:1089000040054004C00000000004001F8004400037
:10891000400000040007800040044007C0004004FD
:1089200000070004C0018006000400060001C00723
:108930000001C006000000044006C0010006C0049B
:108940004000000410071004E0018006000400004D
:1089500000044005C0064004400000000000000480
:10896000007BE040200000000000000000FFF0005D
:10897000000000000040207BE004000000000040F8
:1089800000800040002000200040000000000000A7
:1089900000000000000000000000000000000000D7
:1089A000001FCC000C000000000000000008003098
:1089B0000060000800300060000000022003FC1E80
:1089C00020022003FC1E200220000000000E1811CF
:1089D000043FFF10840C78000000000F0010840F8B
:1089E0003800C0077818840078000000780F8410E1
:1089F000C411240E9800E400840008080068007088
:108A00000000000000000000000000000000000066
:108A10000007E01818200440020000000040022077
:108A200004181807E00000000000000240024001A6
:108A3000800FF001800240024000000080008000B2
:108A4000800FF800800080008000000001000D0011
:108A50000E00000000000000000000000000800088
:108A600080008000800080008000800000000C00FA
:108A70000C000000000000000000000000000600E4
:108A80001800600180060018002000000007F008B0
:108A90000810041004080807F0000000000804088B
:108AA000041FFC000400040000000000000E0C1075
:108AB000141024104411840E0C000000000C181037
:108AC000041104110412880C700000000000E0037F
:108AD00020042408241FFC0024000000001F98101C
:108AE0008411041104108810700000000007F008C1
:108AF000881104110418880070000000001C001088
:108B00000010FC13001C001000000000000E3811C3
:108B1000441084108411440E38000000000700083F
:108B20008C10441044088807F0000000000000008A
:108B300000030C030C000000000000000000000017
:108B4000010106000000000000000000000080019C
:108B50004002200410080810040000022002200235
:108B60002002200220022002200000000010040841
:108B7000080410022001400080000000000E0012D6
:108B800000100C106C10800F00000003E00C181394
:108B9000E4142417C4082807D000000004003C0394
:108BA000C41C40074000E4001C000410041FFC111A
:108BB00004110411040E880070000003E00C18106A
:108BC000041004100410081C10000010041FFC10F6
:108BD0000410041004080807F0000010041FFC1122
:108BE00004110417C410040818000010041FFC111D
:108BF00004110017C010000800000003E00C18105A
:108C000004100410441C780040000010041FFC10E5
:108C1000840080008010841FFC10040000100410E9
:108C2000041FFC10041004000000000003000110E9
:108C30000110011FFE10001000000010041FFC11A5
:108C40000403801464181C1004000010041FFC109E
:108C500004000400040004000C000010041FFC1FAA
:108C60000000FC1F001FFC1004000010041FFC0C7F
:108C700004030000E010181FFC100007F0080810A3
:108C80000410041004080807F0000010041FFC1072
:108C9000841080108010800F00000007F00818106A
:108CA000241024101C080A07F2000010041FFC11F5
:108CB00004110011C011300E0C000400000E1C1134
:108CC000041084108410441C380000180010001098
:108CD000041FFC100410001800000010001FF81002
:108CE000040004000410041FF8100010001E0011FE
:108CF000E0001C007013801C0010001FC0103C001E
:108D0000E01F0000E0103C1FC000001004180C160B
:108D10003401C001C01634180C100410001C0013DC
:108D20000400FC13041C00100000000804101C10B8
:108D300064108413041C04101800000000000000DC
:108D4000007FFE4002400240020000000030000CA4
:108D50000003800060001C0003000000004002408F
:108D60000240027FFE000000000000000000002022
:108D70000040004000400020000000000100010011
:108D8000010001000100010001000100004000405D
:108D9000002000000000000000000000000098011A
:108DA0002401440144014400FC000410001FFC00A5
:108DB00088010401040088007000000000007000B9
:108DC0008801040104010400880000000000700014
:108DD000880104010411081FFC0004000000F801D0
:108DE0004401440144014400C800000000010401A2
:108DF000040FFC1104110411001800000000D6013A
:108E0000290129012901C90106000010041FFC00E5
:108E10008401000100010400FC00040000010419A9
:108E20000419FC000400040000000000000003001E
:108E3000010101190119FE0000000010041FFC00CF
:108E400024004001B4010C010400000000100410D3
:108E5000041FFC0004000400000000010401FC01E8
:108E600004010001FC0104010000FC010401FC00FC
:108E70008401000100010400FC0004000000F8016E
:108E80000401040104010400F80000010101FF00D5
:108E900085010401040088007000000000007000DB
:108EA0008801040104010501FF000101040104011E
:108EB000FC00840104010001800000000000CC01DE
:108EC0002401240124012401980000000001000174
:108ED0000007F80104010400000000010001F8008F
:108EE0000400040004010801FC00040100018001E9
:108EF00070000C001001600180010001F0010C0005
:108F00003001C00030010C01F0010000000104013B
:108F10008C00740170018C010400000101018101C9
:108F200071000E0018016001800100000001840141
:108F30000C013401440184010C0000000000000019
:108F400000000001003EFC40024002000000000062
:108F5000000000FFFF000000000000000040024091
:108F6000023EFC01000000000000000000600080E4
:108F700000800040004000200020000000000000B1
:108F800000000000000000000000000000000000E1
:108F900000000000000000000000000000000000D1
:108FA00000000000000000000000000000000F8032
:108FB000380FFE380F80380000000000000000006D
:108FC0000000000000000000000100000600000C8E
:108FD00000003800003100000600000C00003800DE
:108FE000003000000000000000000061800067F811
:108FF00007F980006180006180006180006180006D
:1090000067F807F9800061800000000000000000A0
:109010000001C0E003E0F00630080418081FFFFE5E
:10902000040E080787F00381E00000000000000143
:10903000F000060C00040408060C7001F9C0000ED4
:1090400000003BE000EC18070808040C180003E0DF
:109050000000000001E00007F003F818041C0804F9
:10906000170807E1D003C0E00023B0003C0800204F
:1090700008000010000000000000010000310000A6
:109080003200001C00000000000000000000000092
:1090900000000000000000000000000000000000D0
:1090A00000000000000000000000007F0001FFC081
:1090B0000780F00C001810000420000200000000DF
:1090C00000002000021000040C00180780F001FFCF
:1090D000C0007F0000000000000000000000000051
:1090E0000000000000000042000066000066000072
:1090F0003C0000180003FFC0001800003C000066A0
:1091000000006600004200000000000800000800A7
:1091100000080000080000080001FFC0000800006F
:10912000080000080000080000080000000000001F
:109130000100003100003200001C000000000000AF
:10914000000000000000000000000000000000001F
:1091500000000008000008000008000008000008E7
:1091600000000800000800000800000800000800D7
:10917000000000000000000000000038000038007F
:1091800000380000000000000000000000000000A7
:109190000000000000000000000000000600001CAD
:1091A000000070000180000E0000380000C00007C1
:1091B00000001C0000300000000000000000007FE4
:1091C0008001FFE003807006001804000804000816
:1091D00006001803807001FFE0007F80000000009F
:1091E000000000000001000801000801000803FF62
:1091F000F807FFF800000800000800000800000061
:1092000000000000000001C03802C05804009804AB
:109210000118040218040418061C1803F81801E0C9
:10922000F800000000000000000001C0E003C0F0F2
:1092300004000804080804080806180803F41801C4
:10924000E7F00001E0000000000000000000000363
:1092500000000D00001100006100008108030108FA
:1092600007FFF80FFFF800010800010800000000E8
:1092700000000000E007FCD00608080610080610F1
:1092800008061008061838060FF00607C000000090
:10929000000000000000003F8001FFE00384300276
:1092A0000818041008041008041008071810030F09
:1092B000F00007C000000000000000000003C00034
:1092C0000700000600000600F80607F8061800066A
:1092D000E00007000006000000000000000001E1BF
:1092E000E003F7F0063410041808041808040C080A
:1092F000040C0806161803F3F001C1E0000000009A
:10930000000000F80003FC300306380402080402E1
:10931000080402080404100308F001FFC0007F00E5
:10932000000000000000000000000000000000003D
:109330000000007038007038007038000000000035
:10934000000000000000000000000000000000001D
:1093500000000000000000301A00301C0000000077
:1093600000000000000000000000000000000000FD
:10937000000008000014000022000041000080806E
:109380000100400200200400100800080000000056
:109390000000002100002100002100002100002128
:1093A0000000210000210000210000210000210018
:1093B0000000000000000000000800080400100287
:1093C00000200100400080800041000022000014C5
:1093D0000000080000000000000003C00004C000FE
:1093E000040000080038080F380808380810000C7E
:1093F000300007E00003C000000000000000003F54
:109400008000FFE0038070020F1006708804C0889F
:10941000048308047F8802C09003012000FE4000FE
:1094200000080000180001F8003E0801C200070211
:109430000007E20000FE00001FC80001F80000382D
:1094400000000804000807FFF807FFF804080804F4
:10945000080804080804080806180803F41801E7B7
:10946000F00001E0000000000000003F8001FFE08C
:1094700003807002001804000804000804000804B7
:1094800000100600200780C000000004000807FF4D
:10949000F807FFF804000804000804000804001896
:1094A00002001003807001FFE0007F8000000004D4
:1094B000000807FFF807FFF8040808040808040874
:1094C00008040808043E08040008060018010060AB
:1094D00000000004000807FFF807FFF8040808046C
:1094E0000800040800040800043E0006000006000E
:1094F00000018000000000000000003F8001FFE04C
:109500000380700600180400080402080402080220
:1095100003F00783F000020000020004000807FFC8
:10952000F807FFF804080800080000080000080019
:1095300000080004080807FFF807FFF80400080007
:10954000000000000004000804000804000807FFF1
:10955000F807FFF8040008040008040008000000F1
:1095600000000000000000000600000700000104E9
:10957000000104000104000307FFFE07FFFC0400D4
:109580000004000004000004000807FFF807FFF8CB
:10959000040C08001800003E0004C7800503C8063C
:1095A00000F804003804001800000804000807FF51
:1095B000F807FFF804000800000800000800000891
:1095C000000008000008000018000060000000040F
:1095D000000807FFF807800807FC00007FC00003B1
:1095E000F80007C000780007800807FFF807FFF8B9
:1095F00004000804000807FFF807000803C0000083
:10960000E000003800001E000007000001C0040058
:10961000F007FFF8040000000000007F8001FFE079
:1096200003807006001804000804000806001803F0
:10963000003001FFE0007F8000000004000807FF09
:10964000F807FFF8040408040400040400040400FC
:10965000040400060C0003F80001F0000000000004
:109660000000007F8001FFE0038070060088040096
:10967000880400C806003C03003E01FFE6007F842A
:1096800000000004000807FFF807FFF804080804BA
:109690000800040C00040F00040BC00610F003F0D7
:1096A0003801E00800000800000001E0F803F03095
:1096B000063010041808041808040C08040C0802EA
:1096C00006180207F00781E0000000018000060094
:1096D0000004000004000004000807FFF807FFF87A
:1096E00004000804000004000006000001800004DB
:1096F000000007FFE007FFF004001800000800006A
:109700000800000800000800000804001007FFE03F
:1097100004000004000006000007E00007FE00044B
:109720001FE00001F80000380001E0043E0007C01F
:109730000006000004000004000007E00007FFC06E
:10974000041FF80007C007F80007FF80043FF80077
:1097500007C004F800070000040000000000040037
:109760000806001807C07805F1C8003E00001F80F9
:109770000463E80780F806001804000800000004ED
:10978000000006000007800007E008047C08001FB6
:10979000F80007F800180804E008070000060000B9
:1097A0000400000000000100080600380400F8046E
:1097B00003E8040F08047C0805F00807C008070048
:1097C000180400600000000000000000000000001D
:1097D0000000000000003FFFFE20000220000220E9
:1097E0000002200002200002000000000000000033
:1097F0000008000007000000C0000038000006005C
:109800000001C000003000000E0000010000000058
:1098100000000000002000022000022000022000C2
:10982000022000023FFFFE000000000000000000D8
:109830000000000000000000000000000800001010
:109840000000300000200000300000100000080080
:109850000000000000000000000100000100000105
:1098600000000100000100000100000100000100F3
:1098700000010000010000010000010000000000E4
:109880000000000020000020000010000010000078
:1098900000000000000000000000000000000000C8
:1098A00000000000F00019F8001B18002208002634
:1098B00008002408002410003FF8001FF8000008EA
:1098C00000001800000004000007FFF80FFFF00080
:1098D0001818001008002008002008003018001F89
:1098E000F0000FC00000000000000007C0001FF0E3
:1098F000001830002008002008002008003C080064
:109900001C100000600000000000000000000007C4
:10991000C0001FF0003818002008002008002008B0
:1099200004101007FFF80FFFF00000100000000007
:1099300000000000000007C0001FF00012300022ED
:1099400018002208002208003208001E10000E2015
:109950000000000000000020000020080020080196
:10996000FFF803FFF8062008042008042008072059
:109970000003000000000000000000000E000E6E5A
:10998000001FF30031B10020B10020B1003191007F
:109990001F13002E1E00200E0030000000000400E7
:1099A0000807FFF80FFFF800100800200000200053
:1099B000002008003FF8001FF80000080000000029
:1099C0000000000000002008002008002008063FDA
:1099D000F8063FF80000080000080000080000003A
:1099E0000000000000000000000000030000030071
:1099F0002001002001002003063FFE063FFC00007E
:109A00000000000000000000000004000807FFF84C
:109A10000FFFF8000188000300002FC00038F80095
:109A200020380020080000080000000000000000AE
:109A30000004000804000804000807FFF80FFFF8FE
:109A400000000800000800000800000000000000FE
:109A50002008003FF8003FF8001008002000003FF9
:109A6000F8003FF8001008002000003FF8003FF821
:109A7000000008000000002008003FF8003FF80048
:109A80001008001000002000002008003FF8001F10
:109A9000F80000080000000000000007C0000FF000
:109AA00000183000300800200800200800300800AE
:109AB0001830000FF00007C0000000000000002078
:109AC00001003FFF003FFF001011002009002008A7
:109AD000002008003038001FF0000FC00000000018
:109AE00000000007C0001FF0003818002008002008
:109AF00008002009001011001FFF003FFF000001B7
:109B0000000000002008002008002008003FF800A6
:109B10003FF800080800100800200800200000306E
:109B200000003000000000000000000000000C7881
:109B3000001E1800330800230800210800218800B7
:109B400021980030F0003860000000000000002084
:109B50000000200000200000FFF003FFF8002008B4
:109B60000020080020080000300000000000000075
:109B70000000002000003FF0007FF8000018000007
:109B800008000008002010003FF8007FF0000010DF
:109B9000000000000000002000003000003C000039
:109BA0003F800023F0000078000070002380003C1C
:109BB00000003000002000002000003C00003FE0DA
:109BC0000023F80000E0002700003E00003FE00016
:109BD00021F80001E0003E0000200000000000200D
:109BE00008002008003838003E680027800003C8BD
:109BF000002CF80038380020180020080000000071
:109C00000000002000003003003C01003F830023DF
:109C1000EC000070002380003C00002000002000C9
:109C2000000000000000000000003808002038009C
:109C300020F80023E8002F88003E080038080020A4
:109C4000180000700000000000000000000000008C
:109C50000000000000000008000014001FF7FC30A6
:109C600000062000020000000000000000000000CC
:109C700000000000000000000000000000FFFFFFE7
:109C800000000000000000000000000000000000D4
:109C900000000000002000023000061FF7FC001446
:109CA00000000800000000000000000000000000AC
:109CB00000000000000018000060000040000040AC
:109CC0000000200000100000080000040000040054
:109CD000000C000010000000000000000000000068
:109CE0000000000000000000000000000000000074
:109CF0000000000000000000000000000000000064
:109D00000000000000000000000000000000000053
:109D10000000000000000000000000000000000043
:109D20000000000000000000000000000000000033
:109D30000000000000000000000000000000000023
:109D40000000000000000000000000000000000013
:109D50000000000000000000000000000000000003
:109D600000000000000000000000000000000007EC
:109D7000F000C007FFE1E007F001E0000000C000D4
:109D800000000000000000000000000000000000D3
:109D900000000000000000000000000000000000C3
:109DA00000000000000000000000000000000000B3
:109DB00000000000000000000000000000000000A3
:109DC0000000000000000000000000000000000093
:109DD0000000000000000000000000000000000083
:109DE00020000001C00000078000001F0000001ECE
:109DF0000000001C20000001C00000078000001FC0
:109E00000000001E0000001C000000000000000018
:109E10000000000000000000000000000000000042
:109E20000000000000000000000000000000000032
:109E30000000000000000000000000000000000022
:109E40000000000000000000000000000000000012
:109E5000000000000000000000000000180C0000DE
:109E6000180C0000180FE0001FFC0003F80C0000A5
:109E7000180C0000180C0000180C0000180C000052
:109E8000180FE0001FFC0003F80C0000180C000085
:109E9000180C00000000000000000000000000009E
:109EA00000000000000000000000000000000000B2
:109EB00000000000000000000000000000000000A2
:109EC0000000000000000000000000000000000092
:109ED0000000000000000000000000000000000082
:109EE000000780007807C000FC0640010E00200338
:109EF000070020020380200FFFFFFC0201C02002A8
:109F000000E0600130704001F03F8000F01F000071
:109F10000000000000000000000000000000000041
:109F20000000000000000000000000000000000031
:109F30000000000000000000000000000000000021
:109F40000000000000000000000000000000000011
:109F50000000000000000000FE000001FF00000300
:109F600001800002008060030181C001FF07000042
:109F7000FE18000000E0000003BF00000CFFC0005E
:109F800071806001C10020030180600000FFC000FB
:109F9000003F000000000000000000000000000082
:109FA00000000000000000000000000000000000B1
:109FB00000000000000000000000000000000000A1
:109FC0000000000000000000000000000000000091
:109FD0000000000000000000001F0000007FC00023
:109FE000FCC0C001FF80600303E020020278200271
:109FF000061E2003FC074001F00380000103C0009F
:10A00000011C600001E02000010020000100400070
:10A0100000018000000000000000000000000000BF
:10A020000000000000000000000000000000000030
:10A030000000000000000000000000000000000020
:10A040000000000000000000000000000000000010
:10A050000000000000000000000000002000001CC4
:10A060006000001C4000001F8000000F0000000086
:10A0700000000000000000000000000000000000E0
:10A0800000000000000000000000000000000000D0
:10A0900000000000000000000000000000000000C0
:10A0A00000000000000000000000000000000000B0
:10A0B00000000000000000000000000000000000A0
:10A0C0000000000000000000000000000000000090
:10A0D0000000000000000000000000000000000080
:10A0E0000000000000000000000000000000000070
:10A0F0000000000007F800003FFF00007807C001E3
:10A10000C000E00300003004000008080000041054
:10A11000000002000000000000000000000000003D
:10A12000000000000000000000000000000000002F
:10A13000000000000000000000000000000000001F
:10A14000000000000000000000000000000000000F
:10A1500000000000000000000000001000000208E5
:10A16000000004040000080300003001C000E0000B
:10A170007807C0003FFF000007F800000000000063
:10A1800000000000000000000000000000000000CF
:10A1900000000000000000000000000000000000BF
:10A1A00000000000000000000000000000000000AF
:10A1B000000000000000000000000000000000009F
:10A1C000000000000000000000000000000000008F
:10A1D000000000000000000000000000000000007F
:10A1E0000C1800000E3800000E3800000630000089
:10A1F0000360000061438000FFFF800061430000B6
:10A2000003600000063000000E3800000E38000029
:10A210000C1800000000000000000000000000001A
:10A22000000000000000000000000000000000002E
:10A23000000000000000000000000000000000001E
:10A24000000000000000000000000000000000000E
:10A2500000000000000000000000000000000000FE
:10A2600000800000008000000080000000800000EE
:10A2700000800000008000007FFF000000800000E0
:10A2800000800000008000000080000000800000CE
:10A29000008000000000000000000000000000003E
:10A2A00000000000000000000000000000000000AE
:10A2B000000000000000000000000000000000009E
:10A2C000000000000000000000000000000000008E
:10A2D000000000000000000000000000000001007D
:10A2E0000000E3000000E2000000FC000000780035
:10A2F000000000000000000000000000000000005E
:10A30000000000000000000000000000000000004D
:10A31000000000000000000000000000000000003D
:10A32000000000000000000000000000000000002D
:10A33000000000000000000000000000000000001D
:10A34000000000000000000000000000000000000D
:10A35000000000000000000000000000008000007D
:10A3600000800000008000000080000000800000ED
:10A3700000800000008000000080000000800000DD
:10A3800000800000008000000080000000800000CD
:10A39000008000000000000000000000000000003D
:10A3A00000000000000000000000000000000000AD
:10A3B000000000000000000000000000000000009D
:10A3C000000000000000000000000000000000008D
:10A3D000000000000000000000000000000000007D
:10A3E0000000C0000001E0000001E0000000C0002B
:10A3F000000000000000000000000000000000005D
:10A40000000000000000000000000000000000004C
:10A41000000000000000000000000000000000003C
:10A42000000000000000000000000000000000002C
:10A43000000000000000000000000000000000001C
:10A44000000000000000000000000000000000000C
:10A4500000000000000000000000000000000C00F0
:10A46000000038000000E00000038000000E000043
:10A470000038000000E00000038000000E00000033
:10A4800038000000E00000038000000E000000180B
:10A4900000000000000000000000000000000000BC
:10A4A00000000000000000000000000000000000AC
:10A4B000000000000000000000000000000000009C
:10A4C000000000000000000000000000000000008C
:10A4D000000000000000000000000000000000007C
:10A4E0000FF800007FFF0000F00780018000C0032C
:10A4F0000000600200002002000020020000200393
:10A50000000060018000C000E00380007FFF0000C9
:10A510000FF8000000000000000000000000000034
:10A52000000000000000000000000000000000002B
:10A53000000000000000000000000000000000001B
:10A54000000000000000000000000000000000000B
:10A5500000000000000000000000000000000000FB
:10A56000000000008000200080002000800020000B
:10A5700080006001FFFFE003FFFFE00000006000DB
:10A58000000020000000200000002000000000006B
:10A5900000000000000000000000000000000000BB
:10A5A00000000000000000000000000000000000AB
:10A5B000000000000000000000000000000000009B
:10A5C000000000000000000000000000000000008B
:10A5D000000000000000000000000000000000007B
:10A5E0007800E0009801600100026002000460024F
:10A5F000000860020010600200206002004060035A
:10A600000080600183006001FE00E0007C078000A4
:10A61000000000000000000000000000000000003A
:10A62000000000000000000000000000000000002A
:10A63000000000000000000000000000000000001A
:10A64000000000000000000000000000000000000A
:10A6500000000000000000000000000000000000FA
:10A66000F0078001F007C001000040020000200256
:10A6700001002002010020020100200303802001CC
:10A6800086804001FCC0C000787F8000001E000072
:10A6900000000000000000000000000000000000BA
:10A6A00000000000000000000000000000000000AA
:10A6B000000000000000000000000000000000009A
:10A6C000000000000000000000000000000000008A
:10A6D0000000000000000000000000000008000072
:10A6E0000038000000480000018800000608000053
:10A6F0000C0810003008100040081001FFFFF003A4
:10A70000FFFFF003FFFFF00000081000000810003A
:10A710000008100000000000000000000000000021
:10A720000000000000000000000000000000000029
:10A730000000000000000000000000000000000019
:10A740000000000000000000000000000000000009
:10A7500000000000000000000000000000000000F9
:10A76000000780001F864003E10020030200200351
:10A77000040020030400200304002003040020033D
:10A78000060040030301C00301FF8003007E0000B8
:10A7900000000000000000000000000000000000B9
:10A7A00000000000000000000000000000000000A9
:10A7B0000000000000000000000000000000000099
:10A7C0000000000000000000000000000000000089
:10A7D0000000000000000000000000000000000079
:10A7E00007FC00003FFF000070C380008180C001B3
:10A7F0000100600302002002020020020200200289
:10A800000200200203004001C180C000C0FF8000A0
:10A81000007E0000000000000000000000000000BA
:10A820000000000000000000000000000000000028
:10A830000000000000000000000000000000000018
:10A840000000000000000000000000000000000008
:10A8500000000000000000000000000000000000F8
:10A86000F0000003C00000038000000300000003AC
:10A870000007E003003FE00301C0000306000003FF
:10A8800018000003600000038000000300000000C7
:10A8900000000000000000000000000000000000B8
:10A8A00000000000000000000000000000000000A8
:10A8B0000000000000000000000000000000000098
:10A8C0000000000000000000000000000000000088
:10A8D000000000000000000000000000001F000059
:10A8E000783F8000FC60C0018EC0400307802002DA
:10A8F00003002002018020020180200201C0200309
:10A9000001E040018670C000FC3F8000781F00001D
:10A910000000000000000000000000000000000037
:10A920000000000000000000000000000000000027
:10A930000000000000000000000000000000000017
:10A940000000000000000000000000000000000007
:10A950000000000000000000000000003F000000B8
:10A96000FF81C001C0C1C0010060200200202002A0
:10A970000020200200202002002060020040C001D0
:10A9800000C18000C18F00007FFE00001FF00000AA
:10A9900000000000000000000000000000000000B7
:10A9A00000000000000000000000000000000000A7
:10A9B0000000000000000000000000000000000097
:10A9C0000000000000000000000000000000000087
:10A9D0000000000000000000000000000000000077
:10A9E0000000000000000000000000000000000067
:10A9F0000300C0000781E0000781E0000300C00001
:10AA00000000000000000000000000000000000046
:10AA10000000000000000000000000000000000036
:10AA20000000000000000000000000000000000026
:10AA30000000000000000000000000000000000016
:10AA40000000000000000000000000000000000006
:10AA500000000000000000000000000000000000F6
:10AA600000000000000000000000000000000000E6
:10AA700006006600060078000000000000000000EC
:10AA800000000000000000000000000000000000C6
:10AA900000000000000000000000000000000000B6
:10AAA00000000000000000000000000000000000A6
:10AAB0000000000000000000000000000000000096
:10AAC0000000000000000000000000000000000086
:10AAD0000000000000000000000000000000000076
:10AAE0000080000001C0000003600000063000008C
:10AAF0000C180000180C0000300600006003000075
:10AB0000C00180010000400200002004000010008D
:10AB10000000000000000000000000000000000035
:10AB20000000000000000000000000000000000025
:10AB30000000000000000000000000000000000015
:10AB40000000000000000000000000000000000005
:10AB500000000000000000000000000004100000E1
:10AB60000410000004100000041000000410000095
:10AB70000410000004100000041000000410000085
:10AB80000410000004100000041000000410000075
:10AB900004100000000000000000000000000000A1
:10ABA00000000000000000000000000000000000A5
:10ABB0000000000000000000000000000000000095
:10ABC0000000000000000000000000000000000085
:10ABD0000000000000000000000000000000000471
:10ABE000000010020000200100004000C0018000B1
:10ABF0006003000030060000180C00000C18000074
:10AC0000063000000360000001C00000008000006A
:10AC10000000000000000000000000000000000034
:10AC20000000000000000000000000000000000024
:10AC30000000000000000000000000000000000014
:10AC40000000000000000000000000000000000004
:10AC500000000000000000000000000000000000F4
:10AC600078000001F8000002380000020000000433
:10AC70000000C0040079E0040081E0040100C00489
:10AC8000030000020200000306000001FC000000B7
:10AC9000F8000000000000000000000000000000BC
:10ACA00000000000000000000000000000000000A4
:10ACB0000000000000000000000000000000000094
:10ACC0000000000000000000000000000000000084
:10ACD0000000000000000000000000000FF800006D
:10ACE0003FFE000070078000C000C00101F8400373
:10ACF00007FC20021E04200230082002203020021F
:10AD00003FFC20013F044001800CC000E031800086
:10AD10001FC2000000000000000000000000000052
:10AD20000000000000000000000000000000000023
:10AD30000000000000000000000000000000000013
:10AD40000000000000000000000000000000000003
:10AD50000000000000000000000020000000600073
:10AD60000003E000003E200003E020003E2000033E
:10AD7000E020000380200007FC2000003FE00000EE
:10AD800003FE2000003FE0000001E0000000200082
:10AD90000000200000000000000000000000000093
:10ADA00000000000000000000000000000000000A3
:10ADB0000000000000000000000000000000000093
:10ADC0000000000000000000000000000000000083
:10ADD000000000000000000000000002000020024F
:10ADE00000002003FFFFE003FFFFE002010020025C
:10ADF00001002002010020020100200201002003C6
:10AE00000300200186806001FCC0C000F87F800044
:10AE1000001F000000000000000000000000000013
:10AE20000000000000000000000000000000000022
:10AE30000000000000000000000000000000000012
:10AE40000000000000000000000000000000000002
:10AE500000000000000000000000000007F80000F3
:10AE60003FFF000070078000C000C00100004003E9
:10AE7000000020020000200200002002000020024A
:10AE800000002001000040018000C003C0018000DC
:10AE9000300600000000000000000000000000007C
:10AEA00000000000000000000000000000000000A2
:10AEB0000000000000000000000000000000000092
:10AEC0000000000000000000000000000000000082
:10AED000000000000000000000000002000020024E
:10AEE00000002003FFFFE003FFFFE002000020025C
:10AEF000000020020000200200002003000060018A
:10AF0000000040018000C000F00780007FFE0000CC
:10AF10000FF800000000000000000000000000002A
:10AF20000000000000000000000000000000000021
:10AF30000000000000000000000000000000000011
:10AF40000000000000000000000000000000000001
:10AF500000000000000000000000000200002002CD
:10AF600000002003FFFFE003FFFFE00201002002DA
:10AF70000100200201002002010020020100200245
:10AF8000038020020FE0200300006003C000E00007
:10AF9000600300000000000000000000000000004E
:10AFA00000000000000000000000000000000000A1
:10AFB0000000000000000000000000000000000091
:10AFC0000000000000000000000000000000000081
:10AFD000000000000000000000000002000020024D
:10AFE00000002003FFFFE003FFFFE002010020025A
:10AFF0000100200201000002010000020100000225
:10B0000001000002038000030FE0000300000003C2
:10B01000C000000060000000000000000000000010
:10B020000000000000000000000000000000000020
:10B030000000000000000000000000000000000010
:10B040000000000000000000000000000000000000
:10B0500000000000000000000000000007F80000F1
:10B060003FFE000070078001C001C00100004003E6
:10B070000000200200002002000020020000200149
:10B080000020200100204003C03F8000303F8000AE
:10B090000020000000200000000000000000000070
:10B0A00000000000000000000000000000000000A0
:10B0B0000000000000000000000000000000000090
:10B0C0000000000000000000000000000000000080
:10B0D0000000000000000002000020020000200329
:10B0E000FFFFE003FFFFE00200802002008020005D
:10B0F000008000000080000000800002008020022C
:10B1000000802003FFFFE003FFFFE00200002002B9
:10B11000000020000000000000000000000000000F
:10B12000000000000000000000000000000000001F
:10B13000000000000000000000000000000000000F
:10B1400000000000000000000000000000000000FF
:10B1500000000000000000000000000000000000EF
:10B160000000000200002002000020020000200277
:10B1700000002003FFFFE003FFFFE00200002002C9
:10B18000000020020000200200002000000000005B
:10B1900000000000000000000000000000000000AF
:10B1A000000000000000000000000000000000009F
:10B1B000000000000000000000000000000000008F
:10B1C000000000000000000000000000000000007F
:10B1D00000000000000000000000000000000E0061
:10B1E00000000F0000000F0000000102000001023B
:10B1F000000001020000030200000603FFFFFC0341
:10B20000FFFFF80200000002000000020000000240
:10B21000000000000000000000000000000000002E
:10B22000000000000000000000000000000000001E
:10B23000000000000000000000000000000000000E
:10B2400000000000000000000000000000000000FE
:10B2500000000000000000000000000200002002CA
:10B2600000002003FFFFE003FFFFE00200C0200218
:10B2700001002000078000000FE0000030F800020D
:10B28000603E2003800F20030003E0020000E00284
:10B29000000020000000200000000000000000006E
:10B2A000000000000000000000000000000000009E
:10B2B000000000000000000000000000000000008E
:10B2C000000000000000000000000000000000007E
:10B2D000000000000000000000000002000020024A
:10B2E00000002003FFFFE003FFFFE0020000200258
:10B2F00000002000000020000000200000002000CE
:10B300000000200000002000000060000000E000BD
:10B31000000300000000000000000000000000002A
:10B32000000000000000000000000000000000001D
:10B33000000000000000000000000000000000000D
:10B3400000000000000000000000000000000000FD
:10B3500000000000000000020000200200002003A6
:10B36000FFFFE003E0002003FF0020001FF00000CB
:10B3700001FF8000000FE000001E000003E000005D
:10B380003E002003E0002003FFFFE003FFFFE00298
:10B39000000020020000200000000000000000006B
:10B3A000000000000000000000000000000000009D
:10B3B000000000000000000000000000000000008D
:10B3C000000000000000000000000000000000007D
:10B3D0000000000000000002000020020000200326
:10B3E000FFFFE00380002003F0002000FC000000CD
:10B3F0001F00000007C0000001F00000007C0002F8
:10B40000001F80020007E003FFFFE00200000002CF
:10B41000000000000000000000000000000000002C
:10B42000000000000000000000000000000000001C
:10B43000000000000000000000000000000000000C
:10B4400000000000000000000000000000000000FC
:10B450000000000000000000000000000FF80000E5
:10B460003FFE0000F00780018000C00100004002A4
:10B470000000200200002002000020020000200145
:10B48000000040018000C000F00380003FFE00008B
:10B490000FF80000000000000000000000000000A5
:10B4A000000000000000000000000000000000009C
:10B4B000000000000000000000000000000000008C
:10B4C000000000000000000000000000000000007C
:10B4D0000000000000000000000000020000200248
:10B4E00000002003FFFFE003FFFFE00200802002D6
:10B4F0000080200200800002008000020080000224
:10B50000008000030180000183000000FE000000B5
:10B510007C000000000000000000000000000000AF
:10B52000000000000000000000000000000000001B
:10B53000000000000000000000000000000000000B
:10B5400000000000000000000000000000000000FB
:10B550000000000000000000000000000FF80000E4
:10B560007FFF0000F00380018001C001000640025F
:10B570000004200200042002000620020003E00173
:10B580000000F80180005C00E0038C003FFF0C002D
:10B590000FFC180000000000000000000000000088
:10B5A000000000000000000000000000000000009B
:10B5B000000000000000000000000000000000008B
:10B5C000000000000000000000000000000000007B
:10B5D0000000000000000000000000020000200247
:10B5E00000002003FFFFE003FFFFE0020100200254
:10B5F000010020020180000201E0000201FC0003C2
:10B60000033F80018607E001FC00E000F800200015
:10B61000000020000000000000000000000000000A
:10B62000000000000000000000000000000000001A
:10B63000000000000000000000000000000000000A
:10B6400000000000000000000000000000000000FA
:10B6500000000000000000000000000000000000EA
:10B6600078060000FE01E0018600C00303004002EE
:10B6700003002002018020020180200201C020027C
:10B6800000C0200100E060018070C003E03F800046
:10B69000001F00000000000000000000000000008B
:10B6A000000000000000000000000000000000009A
:10B6B000000000000000000000000000000000008A
:10B6C000000000000000000000000000000000007A
:10B6D0000000000000000000000000006000000307
:10B6E00080000003000000020000000200002002B1
:10B6F00000002003FFFFE003FFFFE0020000200244
:10B700000000200200000002000000038000000092
:10B71000E000000000000000000000000000000049
:10B720000000000000000000000000000000000019
:10B730000000000000000000000000000000000009
:10B7400000000000000000000000000000000000F9
:10B7500000000000000000020000000200000003E2
:10B76000FFFF0003FFFFC002000040020000600076
:10B770000000200000002000000020000000200247
:10B780000000400200008003FFFF000200000002F2
:10B7900000000000000000000000000000000000A9
:10B7A0000000000000000000000000000000000099
:10B7B0000000000000000000000000000000000089
:10B7C0000000000000000000000000000000000079
:10B7D0000000000000000000000000020000000265
:10B7E00000000003C0000003FC0000023FC0000096
:10B7F00003F80000007F80000007E00000078000E1
:10B800000078000203C000023C000003C0000002F8
:10B810000000000200000000000000000000000026
:10B820000000000000000000000000000000000018
:10B830000000000000000000000000000000000008
:10B8400000000000000000000000000000000000F8
:10B85000000000000000000200000003C000000320
:10B86000FF8000023FFE0002007FE000000F0002A8
:10B8700000F00003EF000003FF8000020FFE000055
:10B88000003FE000001F000207E00003F800000393
:10B8900000000002000000000000000000000000A6
:10B8A0000000000000000000000000000000000098
:10B8B0000000000000000000000000000000000088
:10B8C0000000000000000000000000000000000078
:10B8D0000000000000000000000000020000200244
:10B8E000000020038000E003F0032002FC0C200293
:10B8F0001F30000007C0000007F00002187C0002A3
:10B90000601F20038003E0020000E002000020002E
:10B910000000200000000000000000000000000007
:10B920000000000000000000000000000000000017
:10B930000000000000000000000000000000000007
:10B9400000000000000000000000000000000000F7
:10B9500000000000000000000000000200000003E2
:10B9600000000003C0000003F80000023E002002B7
:10B970000FC0200001FFE000007FE00003802002F4
:10B980001C00200270000003800000020000000282
:10B9900000000000000000000000000000000000A7
:10B9A0000000000000000000000000000000000097
:10B9B0000000000000000000000000000000000087
:10B9C0000000000000000000000000000000000077
:10B9D0000000000000000000000000000000200047
:10B9E0006000E0038003E003000FA002003E20029D
:10B9F00000F8200203E020020F8020023E00200217
:10BA000078002003E00060038000E00200030000F3
:10BA10000000000000000000000000000000000026
:10BA20000000000000000000000000000000000016
:10BA30000000000000000000000000000000000006
:10BA400000000000000000000000000000000000F6
:10BA500000000000000000000000000000000000E6
:10BA60000000000000000000000000000000001FB7
:10BA7000FFFFFC1000000410000004100000041080
:10BA80000000041000000410000004100000040076
:10BA900000000000000000000000000000000000A6
:10BAA0000000000000000000000000000000000096
:10BAB0000000000000000000000000000000000086
:10BAC0000000000000000000000000000000000076
:10BAD0000000000000000000000000000000000066
:10BAE0000000000700000003C00000007800000014
:10BAF0001E00000003C0000000F00000001E000057
:10BB0000000780000000F00000003C00000006007C
:10BB10000000000000000000000000000000000025
:10BB20000000000000000000000000000000000015
:10BB30000000000000000000000000000000000005
:10BB400000000000000000000000000000000000F5
:10BB500000000000000000000000000000000010D5
:10BB60000000041000000410000004100000041085
:10BB700000000410000004100000041FFFFFFC0080
:10BB800000000000000000000000000000000000B5
:10BB900000000000000000000000000000000000A5
:10BBA0000000000000000000000000000000000095
:10BBB0000000000000000000000000000000000085
:10BBC0000000000000000000000000000000000075
:10BBD0000000000000000000000000000000000065
:10BBE0000000000000000002000000040000000847
:10BBF00000000018000000100000001800000018ED
:10BC0000000000040000000200000000000000002E
:10BC10000000000000000000000000000000000024
:10BC20000000000000000000000000000000000014
:10BC30000000000000000000000000000000000004
:10BC400000000000000000000000000000000000F4
:10BC500000000000000000000000010000000100E2
:10BC600000000100000001000000010000000100D0
:10BC700000000100000001000000010000000100C0
:10BC800000000100000001000000010000000100B0
:10BC900000000100000001000000000000000000A2
:10BCA0000000000000000000000000000000000094
:10BCB0000000000000000000000000000000000084
:10BCC0000000000000000000000000000000000074
:10BCD0000000000000000000000000000000000064
:10BCE000000000100000001000000010000000180C
:10BCF0000000000800000004000000000000000038
:10BD00000000000000000000000000000000000033
:10BD10000000000000000000000000000000000023
:10BD20000000000000000000000000000000000013
:10BD30000000000000000000000000000000000003
:10BD400000000000000000000000000000000000F3
:10BD50000000000000000000000000000003800060
:10BD6000018FC000038C6000061820000410200022
:10BD70000410200004202000042040000620400081
:10BD800003FFC00001FFE0000000200000002000D1
:10BD90000000C000000000000000000000000000E3
:10BDA0000000000000000000000000000000000093
:10BDB0000000000000000000000000000000000083
:10BDC0000000000000000000000000000000000073
:10BDD000000000000000000000000002000000025F
:10BDE00000000003FFFFE007FFFFC0000180C0006C
:10BDF0000200600002002000040020000400200077
:10BE000004002000060040000300C00001FF800085
:10BE100000FE000000000000000000000000000024
:10BE20000000000000000000000000000000000012
:10BE30000000000000000000000000000000000002
:10BE400000000000000000000000000000000000F2
:10BE500000000000000000000000000000000000E2
:10BE6000007E000001FF80000381C000020040004E
:10BE70000600200004002000040020000400200030
:10BE80000600200003C0400001C080000003000045
:10BE900000000000000000000000000000000000A2
:10BEA0000000000000000000000000000000000092
:10BEB0000000000000000000000000000000000082
:10BEC0000000000000000000000000000000000072
:10BED0000000000000000000000000000000000062
:10BEE000007E000001FF80000380C00006006000AB
:10BEF000040020000400200004002002040040028E
:10BF000002008003FFFFE007FFFFC00000004000C9
:10BF100000004000000000000000000000000000E1
:10BF20000000000000000000000000000000000011
:10BF30000000000000000000000000000000000001
:10BF400000000000000000000000000000000000F1
:10BF500000000000000000000000000000000000E1
:10BF6000007E000001FF80000311C00002104000AD
:10BF700004106000041020000410200004102000B1
:10BF8000061020000310400001F0C0000071000006
:10BF900000000000000000000000000000000000A1
:10BFA0000000000000000000000000000000000091
:10BFB0000000000000000000000000000000000081
:10BFC0000000000000000000000000000000000071
:10BFD0000000000000000000000000000000000061
:10BFE00004000000040020000400200004002000E1
:10BFF0007FFFE001FFFFE0010400200304002002B6
:10C0000004002002040020020400000200000001DD
:10C01000C0000001C000000000000000000000009F
:10C020000000000000000000000000000000000010
:10C030000000000000000000000000000000000000
:10C0400000000000000000000000000000000000F0
:10C0500000000000000000000000000000000000E0
:10C0600000001C0000E33E0003FFC200020CC300FE
:10C070000404C1000404C1000404C1000404C1009C
:10C08000060CC10003F8C30005F0620006007E0044
:10C0900006003C000000000000000000000000005E
:10C0A0000000000000000000000000000000000090
:10C0B0000000000000000000000000000000000080
:10C0C0000000000000000000000000000000000070
:10C0D000000000000000000000000002000020023C
:10C0E00000002003FFFFE007FFFFE0000100200049
:10C0F0000200200006000000040000000400000010
:10C10000040020000600200003FFE00001FFE00023
:10C1100000002000000020000000000000000000DF
:10C12000000000000000000000000000000000000F
:10C1300000000000000000000000000000000000FF
:10C1400000000000000000000000000000000000EF
:10C1500000000000000000000000000000000000DF
:10C160000000000004002000040020000400200063
:10C170000400200387FFE0038FFFE003800020001E
:10C18000000020000000200000002000000000004F
:10C19000000000000000000000000000000000009F
:10C1A000000000000000000000000000000000008F
:10C1B000000000000000000000000000000000007F
:10C1C000000000000000000000000000000000006F
:10C1D000000000000000000000000000000000005F
:10C1E0000000000000000600000007000000010041
:10C1F000000001000400010004000100040003002D
:10C200000400060387FFFC038FFFF8038000000093
:10C21000000000000000000000000000000000001E
:10C22000000000000000000000000000000000000E
:10C2300000000000000000000000000000000000FE
:10C2400000000000000000000000000000000000EE
:10C2500000000000000000000000000200002002BA
:10C2600000002003FFFFE007FFFFE00000082000C0
:10C27000001020000030000000FC0000058E0000CF
:10C280000707A0000601E0000400E0000400200011
:10C29000000020000000000000000000000000007E
:10C2A000000000000000000000000000000000008E
:10C2B000000000000000000000000000000000007E
:10C2C000000000000000000000000000000000006E
:10C2D000000000000000000000000000000000005E
:10C2E00000000002000020020000200200002002E6
:10C2F00000002003FFFFE007FFFFE0000000200038
:10C3000000002000000020000000200000000000CD
:10C31000000000000000000000000000000000001D
:10C32000000000000000000000000000000000000D
:10C3300000000000000000000000000000000000FD
:10C3400000000000000000000000000000000000ED
:10C3500000000000000000000000000004002000B9
:10C3600007FFE0000FFFE0000200200004000000D3
:10C370000400200007FFE00003FFE00002002000AF
:10C38000040000000400200007FFE00003FFE000BD
:10C39000000020000000000000000000000000007D
:10C3A000000000000000000000000000000000008D
:10C3B000000000000000000000000000000000007D
:10C3C000000000000000000000000000000000006D
:10C3D0000000000000000000000000000400200039
:10C3E0000400200007FFE0000FFFE0000100200034
:10C3F0000200200002000000040000000400000011
:10C40000040020000600200003FFE00001FFE00020
:10C4100000002000000020000000000000000000DC
:10C42000000000000000000000000000000000000C
:10C4300000000000000000000000000000000000FC
:10C4400000000000000000000000000000000000EC
:10C4500000000000000000000000000000000000DC
:10C46000007E000000FF80000381C0000200400049
:10C47000060020000400200004002000040020002A
:10C4800006002000020040000381C00001FF800080
:10C49000007E00000000000000000000000000001E
:10C4A000000000000000000000000000000000008C
:10C4B000000000000000000000000000000000007C
:10C4C000000000000000000000000000000000006C
:10C4D0000000000000000000000000000400010057
:10C4E0000400010007FFFF000FFFFF000100C10073
:10C4F000020041000400200004002000040020008D
:10C5000004002000060040000301C00001FF80007D
:10C51000007E00000000000000000000000000009D
:10C52000000000000000000000000000000000000B
:10C5300000000000000000000000000000000000FB
:10C5400000000000000000000000000000000000EB
:10C5500000000000000000000000000000000000DB
:10C56000007E000001FF80000380C0000200600028
:10C57000040020000400200004002000040020002B
:10C58000020041000300C10003FFFF0007FFFF009E
:10C590000000010000000100000000000000000099
:10C5A000000000000000000000000000000000008B
:10C5B000000000000000000000000000000000007B
:10C5C000000000000000000000000000000000006B
:10C5D0000000000000000000000000000400200037
:10C5E0000400200004002000040020000FFFE000F1
:10C5F0000FFFE00000C0200001002000020020002A
:10C6000006002000040000000400000007000000F5
:10C610000300000000000000000000000000000017
:10C62000000000000000000000000000000000000A
:10C6300000000000000000000000000000000000FA
:10C6400000000000000000000000000000000000EA
:10C6500000000000000000000000000000000000DA
:10C660000003E00001C0E00003E0400006302000CD
:10C6700004302000041820000418200004182000B2
:10C68000040C2000020C60000307C0000783800038
:10C69000000000000000000000000000000000009A
:10C6A000000000000000000000000000000000008A
:10C6B000000000000000000000000000000000007A
:10C6C000000000000000000000000000000000006A
:10C6D000000000000000000000000000000000005A
:10C6E0000400000004000000040000000C00000032
:10C6F0001FFF8000FFFFC000040060000400200056
:10C70000040020000400200004004000000180001C
:10C710000000000000000000000000000000000019
:10C720000000000000000000000000000000000009
:10C7300000000000000000000000000000000000F9
:10C7400000000000000000000000000000000000E9
:10C7500000000000000000000000000004000000D5
:10C760000400000007FF80000FFFC0000000600011
:10C770000000200000002000000020000000200039
:10C78000040040000400800007FFE0000FFFC0002D
:10C790000000400000004000000000000000000019
:10C7A0000000000000000000000000000000000089
:10C7B0000000000000000000000000000000000079
:10C7C0000000000000000000000000000000000069
:10C7D0000000000000000000000000000400000055
:10C7E000040000000780000007F0000004FE0000C5
:10C7F000041FC0000003E00000038000001C0000D4
:10C800000460000007800000060000000400000033
:10C810000000000000000000000000000000000018
:10C820000000000000000000000000000000000008
:10C8300000000000000000000000000000000000F8
:10C8400000000000000000000000000000000000E8
:10C8500000000000000000000400000006000000CE
:10C8600007C0000007FC0000043F80000003E00058
:10C87000040F800006F0000007F0000007FF8000B2
:10C88000040FE00000038000043C000007C000002B
:10C89000060000000400000000000000000000008E
:10C8A0000000000000000000000000000000000088
:10C8B0000000000000000000000000000000000078
:10C8C0000000000000000000000000000000000068
:10C8D0000000000000000000000000000000200038
:10C8E00004002000040060000700E000078320002F
:10C8F00007E6000004F80000003C0000045E200091
:10C900000587A0000601E00004006000040020008C
:10C9100000002000000000000000000000000000F7
:10C920000000000000000000000000000000000007
:10C9300000000000000000000000000000000000F7
:10C9400000000000000000000000000000000000E7
:10C9500000000000000000000000000004000000D3
:10C96000040003000700030007E0010004F80100D1
:10C97000041F02000007FC000000E00000070000A8
:10C980000438000007C0000006000000040000009A
:10C990000400000000000000000000000000000093
:10C9A0000000000000000000000000000000000087
:10C9B0000000000000000000000000000000000077
:10C9C0000000000000000000000000000000000067
:10C9D0000000000000000000000000000000000057
:10C9E000078060000600E0000403E0000407A000E8
:10C9F000040E2000043C20000470200005E020000C
:10CA000007802000070060000400E00000038000B1
:10CA10000000000000000000000000000000000016
:10CA20000000000000000000000000000000000006
:10CA300000000000000000000000000000000000F6
:10CA400000000000000000000000000000000000E6
:10CA500000000000000000000000000000000000D6
:10CA600000000000000000000000000000000000C6
:10CA7000000000000080000000800000014000076E
:10CA8000FE3FF80800000410000002100000020041
:10CA90000000000000000000000000000000000096
:10CAA0000000000000000000000000000000000086
:10CAB0000000000000000000000000000000000076
:10CAC0000000000000000000000000000000000066
:10CAD0000000000000000000000000000000000056
:10CAE0000000000000000000000000000000000046
:10CAF00000000000000000FFFFFFFF00000000003A
:10CB00000000000000000000000000000000000025
:10CB10000000000000000000000000000000000015
:10CB20000000000000000000000000000000000005
:10CB300000000000000000000000000000000000F5
:10CB400000000000000000000000000000000000E5
:10CB500000000000000000000000000000000010C5
:10CB6000000002100000020800000407FE3FF80069
:10CB70000140000000800000008000000000000074
:10CB800000000000000000000000000000000000A5
:10CB90000000000000000000000000000000000095
:10CBA0000000000000000000000000000000000085
:10CBB0000000000000000000000000000000000075
:10CBC0000000000000000000000000000000000065
:10CBD000000000000000000000000018000000300D
:10CBE0000000004000000040000000400000002065
:10CBF00000000030000000080000000400000002F7
:10CC000000000002000000020000000C00000018FC
:10CC10000000000000000000000000000000000014
:10CC20000000000000000000000000000000000004
:10CC300000000000000000000000000000000000F4
:10CC400000000000000000000000000000000000E4
:10CC500000000000000000C6D50000000000E03821
:10CC60000000783C00003C7800003C70C0001CE1F3
:10CC7000E01FFFFFF0001CE3000E1CE7C0079CE76D
:10CC80008003DCEF0003DCEE0001DCFC60009CF9BB
:10CC9000F07FFFFFF80000000001C00E0001FFFF61
:10CCA0000001C00E0001C00E0001C00E0001FFFE19
:10CCB0000001C00E0001C00E0001C00E0001FFFE09
:10CCC0000001C00E0001C00E0000000000D6D00020
:10CCD00000000000070000000780000007000000BF
:10CCE00007000000070000000701801FFFFFE01F92
:10CCF000FFFFE01E0701C01E0701C01E0701C01E86
:10CD00000701C01E0701C01E0701C01FFFFFC01F93
:10CD1000FFFFC01E0701C01C0701800007000000C4
:10CD200007000000070000000700000007000000E7
:10CD300007000000070000000700000007000000D7
:10CD4000000000BFC60000000000000780003C0794
:10CD5000C001FC07803FE0078039C1C78001C0E700
:10CD60008001C0F78001C0778001DE77807FFE07F9
:10CD70008001C0078003C3C78003E1E78003F8F7A1
:10CD80008007FCE7F00FDE67F80FDC07F81FC0FF35
:10CD9000801DDFE78039CC078071C0078061C00744
:10CDA0008001C0078001C0078001E0078001E00723
:10CDB0008001C0070000000000BCBC0000000003B0
:10CDC00080300003C03C0003C03C0003C0380003B7
:10CDD000C0380003C0386003F838F07FFFFFF0036D
:10CDE000C0380003C0380003C0380003DC39C0037A
:10CDF000FFFFE007E383C03FC183C07FC1C3803B27
:10CE0000C1C78003C0EF0003C0EF0003C07E000372
:10CE1000C07C0003C07C0003C0FE003BC3EF803F2A
:10CE20008787F80FBF03F8077800E00000000000D4
:10CE300034CE0108506C656173652075736520748C
:10CE40006865207374796C757320636C69636B20FB
:10CE50007468652063726F7373206F6E20746865E9
:10CE60002073637265656E2E5468652063726F73FC
:10CE7000732077696C6C20616C77617973206D6FBA
:10CE8000766520756E74696C2074686520736372B2
:10CE900065656E2061646A7573746D656E74206972
:10CEA0007320636F6D706C657465642E0000000004
:10CEB000D0CE01080000002078000000D23B00081E
:10CEC00048CF010878000020E8DC0000E23B0008C1
:10CED0000024F40000000000100000000100000029
:10CEE000FFFF00000000000000000100913000087A
:10CEF000F93300086D260008000000000000000063
:10CF00000000000000000000000000000000000021
:10CF10000000000000000000000000000000000011
:10CF20000000000000000000000000000000000001
:10CF300000000000D0900000000000000000000091
:08CF40000000000000000000E9
:040000050800018965
:00000001FF
