:020000040800F2
:10000000D01100109D010008F5200008A717000876
:10001000F1200008E7060008FD3A00080000000093
:100020000000000000000000000000004521000862
:10003000EB06000800000000F72000084721000838
:10004000B7010008B7010008B7010008B7010008B0
:10005000B7010008B7010008B7010008B7010008A0
:10006000B7010008B7010008B7010008B701000890
:10007000B7010008B7010008B7010008B701000880
:10008000B7010008B7010008B7010008B701000870
:10009000B7010008B7010008B7010008B701000860
:1000A000B7010008B7010008B7010008B701000850
:1000B000B7010008B7010008B7010008B701000840
:1000C000B7010008B7010008B7010008B701000830
:1000D000B7010008853A0008B7010008B701000819
:1000E000B7010008B7010008B7010008B701000810
:1000F000B7010008B7010008B7010008B701000800
:10010000B7010008B7010008B7010008B7010008EF
:10011000B7010008B7010008B7010008B7010008DF
:10012000B7010008B7010008B7010008B7010008CF
:10013000B7010008B7010008B7010008B7010008BF
:10014000B7010008B7010008B7010008B7010008AF
:10015000B7010008B7010008B7010008B70100089F
:10016000B7010008B7010008B7010008B70100088F
:10017000B7010008B7010008B7010008000000003F
:10018000B7010008B7010008DFF80CD000F016FA3C
:100190000048004715420008D0110010064880476B
:1001A00006480047FEE7FEE7FEE7FEE7FEE7FEE75C
:1001B000FEE7FEE7FEE7FEE73122000889010008BE
:1001C0002DE9F05F0546002092469B46884606468C
:1001D000814640241BE0284641464746224600F01F
:1001E0002EF953465A46C01A914110D3114618466B
:1001F000224600F015F92D1A67EB01084F462246FA
:100200000120002100F00CF917EB00094E41201EDF
:10021000A4F10104DFDC484631462A464346BDE8E6
:10022000F09F40EA01039B0703D009E008C9121FB1
:1002300008C0042AFAD203E011F8013B00F8013BA0
:10024000521EF9D27047D2B201E000F8012B491ECC
:10025000FBD270470022F6E710B513460A46044663
:100260001946FFF7F0FF204610BD2DE9FE4F81EA49
:10027000030404F0004421F0004100944FF0000B0F
:1002800023F0004350EA01045ED052EA03045BD03D
:10029000C3F30A54C1F30A552C44A4F2F334019475
:1002A000A0FB0254C1F3130141F48011C3F3130303
:1002B00043F4801301FB024400FB034E840A970AB7
:1002C00044EA815447EA8357A4FB076802958D0AE4
:1002D00005FB07854FEA932C04FB0C542705029D70
:1002E0004FEA065847EA1637B5EB08056EEB070CE0
:1002F000870E920E47EA811742EA8312A7FB02019A
:10030000B6EB0B0164EB00042B0D43EA0C335E18D3
:1003100044EB1C50DA465146E7FB0201C5F31304D7
:100320004FEA0B3343EA14534FEA0432019C43EA89
:100330000603A4F10C040294009CCDE900B400F083
:100340009DF803B0BDE8F08F00200146F9E70EB537
:1003500040F2334102910021CDE900110A460B46DB
:1003600000F08CF803B000BDC1F30A5210B5C1F320
:10037000130140F2FF3341F480119A4201DA002068
:1003800010BD40F233439A42A2F2334203DC5242A0
:1003900000F055F810BD904010BD00F0004230F064
:1003A00000400AD0C10D01F56071C0F3160042EAA9
:1003B0000151C208400711437047002001467047B1
:1003C00030B5041E71F1000404DB4FF000444042DC
:1003D00064EB0101141E73F1000405DB1C464FF0B1
:1003E0000043524263EB04038B4208BF824230BD9C
:1003F00030B5041E71F1000404DB4FF000444042AC
:1004000064EB0101141E73F1000405DB1C464FF080
:100410000043524263EB0403994208BF904230BD4F
:10042000202A04DB203A00FA02F1002070479140B4
:10043000C2F1200320FA03F3194390407047202AA9
:1004400004DB203A21FA02F00021704721FA02F37E
:10045000D040C2F12002914008431946704710B5C0
:10046000141E73F1000408DA401C41F100019218D7
:100470005B411A4301D120F0010010BD2DE9F04D80
:1004800092469B4611B1B1FA81F202E0B0FA80F2D5
:1004900020329046FFF7C4FF04460F4640EA0A00A8
:1004A00041EA0B0153465A46084313D0114653EA1A
:1004B000010019D0C8F140025046FFF7C0FF0546C1
:1004C0000E46504659464246FFF7AAFF084305D05C
:1004D000012004E020463946BDE8F08D00200543A8
:1004E00046EAE0762C4337430A986305E40AA0EB1A
:1004F00008000022FD0A44EA47540A3002D50020D1
:100500000146E9E7010510196941DDE908450019CF
:100510006941BDE8F04DA2E72DE9F04D00231A46F0
:100520001B1A8A4103DB00200146BDE8F08DC1F3B0
:100530000A52C1F3130141F480154FF0000BD107AB
:1005400002D100186D41521E0027044640F2FF11EF
:10055000384601EB620A3E468046024600204FF4D0
:100560008011FFF76CFFC2197141BB1846EB010007
:10057000B4EB030C75EB000C04D3E41A65EB000537
:1005800017460E46241908F101006D4180463428B3
:10059000E3DDF91946EB0600091BA84103D24FF031
:1005A000FF32134601E0002213461BEB070046EB27
:1005B0000A51BDE8F04DFFF752BF0000064C074D51
:1005C00006E0E06840F0010394E807009847103423
:1005D000AC42F6D3FFF7DCFD682C0308982C030827
:1005E00010B501F0FFF810BD2DE9F04107460C46AB
:1005F0000026002509E036023919491B491E88B238
:1006000000F008F80644681CC5B2A542F3DB30468A
:10061000BDE8F08170B50446002601F0A1F9254639
:10062000E11704EB11610912A02202EB4101C8B2EB
:1006300001F064F901F0CCF9E11704EB1161091242
:10064000A4EB0121C8B201F059F901F0C1F901F0A0
:1006500087F9A12001F052F901F0BAF9002001F068
:1006600021F9064601F098F9304670BD2DE9F041B8
:1006700005460E461746002409E0E20026FA02F27B
:10068000D1B22A1990B200F006F8601CC4B2BC4284
:10069000F3DBBDE8F08170B504460E4601F060F969
:1006A0002546E11704EB11610912A02202EB41017A
:1006B000C8B201F023F901F08BF9E11704EB1161E5
:1006C0000912A4EB0121C8B201F018F901F080F978
:1006D000304601F013F901F07BF901F05DF90A20D1
:1006E00003F0A6FC70BD00BFFEE7704770B504467E
:1006F0001D460023B5F5804F13D154F822300C4825
:100700000340D1E9000640EA06108E6840EA062060
:100710008E8940EA06408E693043034344F8223014
:1007200003E06FF0704044F82200002070BD00002C
:100730000000F0CF10B503460022086853F82020CF
:1007400012480240D1E901042043CC6820430C69DF
:1007500020434C6920438C692043CC6920430C6AB8
:1007600020434C6A20438C6A2043CC6A2043CC6BE4
:1007700020430C6B204302438868082801D142F0D3
:100780004002086843F82020002010BD8000F0FFE0
:1007900030B503460024501C53F8204004F0404478
:1007A000D1E9000540EA05108D6840EA05208D89F1
:1007B00040EA0545088A401E45EA0055087D801E2E
:1007C00045EA00608D6928430443501C43F82040EB
:1007D000002030BD014691F83500022803D080206A
:1007E000486501207047052081F8350008680068D9
:1007F00020F001000A6810600020F3E7F8B5024617
:100800000B460025002400200021DCE0012606FA2A
:1008100001F51E6806EA0504AC4273D15E68012E3C
:1008200008D05E68022E05D05E68112E02D05E6888
:10083000122E13D190684F000326BE40B0434F00E4
:10084000DE68BE4030439060506801268E40B04361
:100850001E79C6F300168E4030435060D0684F00BA
:100860000326BE40B0434F009E68BE403043D06078
:100870005E68022E02D05E68122E13D1CF0802F1FC
:10088000200656F827004E07F70E0F26BE40B0434D
:100890004F07FF0E1E69BE403043CF0802F120060D
:1008A00046F8270010684F000326BE40B0431E796B
:1008B00006F003064F00BE40304310605E6806F04D
:1008C0008056B6F1805F7DD100BF00260096404E75
:1008D000366846F480463E4F3E603E46366806F433
:1008E0008046009600BF00BF3A4E8F0856F827009A
:1008F0008E07370F0F26BE40B043374EB24202D1AB
:10090000002624E05EE0354EB24201D101261EE011
:10091000334EB24201D1022619E0324EB24201D129
:10092000032614E0304EB24201D104260FE02F4ED0
:10093000B24201D105260AE02D4EB24201D106266F
:1009400005E02C4EB24201D1072600E008268F07B1
:100950003F0FBE4030431F4E8F0846F82700264EFB
:100960003068A0435E6806F48036B6F5803F00D15B
:100970002043214E3060361D3068A0435E6806F487
:100980000036B6F5003F00D120431B4E361D3060C7
:10099000361D3068A0435E6806F48016B6F5801FE9
:1009A00000D12043144E08363060361D3068A04315
:1009B0005E6806F40016B6F5001F00D120430E4E07
:1009C0000C363060491C1029FFF420AFF8BD000040
:1009D0004438024008380140000002400004024050
:1009E00000080240000C02400010024000140240C7
:1009F00000180240001C0240003C01400AB1816125
:100A000001E00B048361704701480068000C7047E7
:100A1000002004E001480068704700000400001056
:100A20000348006803490978084401490860704791
:100A3000040000100C00001010B50A48006840F4D3
:100A40000070084908600846006840F4806008604B
:100A5000032000F07FF80F2000F006F800F02AF8DD
:100A6000002010BD003C024070B504460E480078DE
:100A70004FF47A71B1FBF0F00C490968B1FBF0F565
:100A8000284600F0C1FC08B1012070BD102C07D22F
:100A900000222146501E00F01EF80548046001E0C7
:100AA0000120F2E70020F0E70C0000100000001029
:100AB00008000010704701460846002809DB00F0D6
:100AC0001F0301229A4043099B0003F1E023C3F86E
:100AD000002100BF70472DE9F05F80460D461646A5
:100AE000002703F031F8074639462A46334601F01D
:100AF0000700C0F1070ABAF1040F02D94FF0040A47
:100B000001E0C0F1070AD14600F1040ABAF1070F6B
:100B100002D24FF0000A01E0A0F1030AD4464FF0E0
:100B2000010A0AFA09FAAAF1010A0AEA020A0AFA09
:100B30000CFA4FF0010B0BFA0CFBABF1010B0BEABB
:100B4000030B4AEA0B042146404603F005F8BDE8D2
:100B5000F09F000000BF00F00702064B19684FF637
:100B6000FF031940044B0B4343EA0221014B196078
:100B700000BF70470CED00E00000FA0570B50446B8
:100B80000D460CB9012070BD5848006800F00F00F8
:100B9000A84209D255490D700846006800F00F00C0
:100BA000A84201D00120EEE7207800F002000228E0
:100BB0001DD1207800F00400042805D14C480068BD
:100BC00040F4E0504A490860207800F00800082806
:100BD00005D14748006840F46040454908604448F2
:100BE000006820F0F000A1680843414908602078BF
:100BF00000F00100A8B36068012807D13C4808381C
:100C00000068C0F34040B8B90120BCE76068022822
:100C100002D06068032807D1354808380068C0F35F
:100C2000406048B90120AEE7314808380068C0F399
:100C3000400008B90120A6E72D48006820F0030015
:100C4000616808432A490860FFF7E4FE064609E0A8
:100C5000FFF7E0FE801B41F28831884202D9032071
:100C600091E707E02248006800F00C006168B0EBF3
:100C7000810FEDD11D48006800F00F00A84209D98E
:100C80001A490D700846006800F00F00A84201D014
:100C9000012078E7207800F00400042807D11448E8
:100CA000006820F4E050E1680843114908602078AA
:100CB00000F00800082808D10D48006820F46040C2
:100CC000216940EAC1000A49086000F03FF808497C
:100CD0000968C1F30311074A515CC840064908601E
:100CE00006480068FFF7C0FE00204CE7003C0240C9
:100CF00008380240B7E202080000001008000010A7
:100D000001480068704700000000001000B5FFF7C0
:100D1000F7FF04490968C1F38221034A515CC840C6
:100D200000BD000008380240C7E2020800B5FFF726
:100D3000E7FF04490968C1F34231034A515CC840E6
:100D400000BD000008380240C7E202082DE9F04764
:100D5000002400250026A1462548006800F00C006C
:100D600020B1042805D008283AD105E0DFF88490A6
:100D700039E0DFF8849036E01D48001F006800F07D
:100D80003F041B48001F006800F4800078B11A4837
:100D90001749091F0968C1F38811A0FB01700146BA
:100DA000224600233846FFF70BFA05460EE01148AD
:100DB0000F49091F0968C1F38811A0FB01700146A2
:100DC000224600233846FFF7FBF905460848001F76
:100DD0000068C0F30140401C4600B5FBF6F902E094
:100DE000DFF8109000BF00BF4846BDE8F087000064
:100DF000083802400024F40000127A00F8B50446D6
:100E00000CB90120F8BD207800F00100002874D052
:100E1000F948006800F00C0004280DD0F64800687E
:100E200000F00C00082813D1F348001F006800F4FC
:100E30008000B0F5800F0BD1EF4808380068C0F390
:100E40004040002859D06068002856D10120D9E7D9
:100E500000BF6068B0F5803F08D1E74808380068F7
:100E600040F48030E449083908601EE06068B0F55D
:100E7000A02F0DD1E0480838006840F48020DE49FA
:100E8000083908600846006840F4803008600CE0CB
:100E9000D9480838006820F48030D74908390860FC
:100EA0000846006820F48020086000BF606890B1A8
:100EB000FFF7B0FD054606E0FFF7ACFD401B6428D8
:100EC00001D903209EE7CC4808380068C0F34040B1
:100ED0000028F1D011E0FFF79DFD054606E0FFF781
:100EE00099FD401B642801D903208BE7C2480838CC
:100EF0000068C0F340400028F1D1207800F00200E3
:100F000002285FD1BC48006800F00C0058B1BA4814
:100F1000006800F00C0008281CD1B748001F0068CA
:100F200000F48000B0B9B44808380068C0F340004D
:100F300020B1E068012801D0012063E7AE480838FD
:100F4000006820F0F800216940EAC100AA49083988
:100F5000086037E0E06800B30120A8490860FFF7A7
:100F600059FD054606E0FFF755FD401B022801D953
:100F7000032047E7A04808380068C0F34000002875
:100F8000F1D09D480838006820F0F800216940EA57
:100F9000C10099490839086014E0002097490860A9
:100FA000FFF738FD054606E0FFF734FD401B022839
:100FB00001D9032026E7904808380068C0F34000B4
:100FC0000028F1D1207800F0080008282CD16069B1
:100FD000A8B101208A490860FFF71CFD054606E01C
:100FE000FFF718FD401B022801D903200AE78248B9
:100FF0006C300068C0F340000028F1D014E00020FD
:101000007F490860FFF706FD054606E0FFF702FD91
:10101000401B022801D90320F4E677486C300068B1
:10102000C0F340000028F1D1207800F0040004282B
:1010300070D1002770483830006800F0805090B9B7
:1010400000BF002000906C483830006840F08050AD
:101050006949383108600846006800F08050009007
:1010600000BF00BF01276748006800F48070B0B976
:101070006448006840F4807062490860FFF7CAFC69
:10108000054606E0FFF7C6FC401B022801D90320F5
:10109000B8E65C48006800F480700028F2D000BF19
:1010A000A068012808D154486830006840F0010069
:1010B0005149683108601DE0A06805280DD14E48EF
:1010C0006830006840F004004B4968310860084609
:1010D000006840F0010008600CE047486830006894
:1010E00020F001004449683108600846006820F09B
:1010F0000400086000BFA068A8B1FFF78BFC05469C
:1011000009E0FFF787FC401B41F28831884202D991
:10111000032077E626E0384868300068C0F34000D6
:101120000028EED013E0FFF775FC054608E0FFF756
:1011300071FC401B41F28831884201D9032061E6ED
:101140002D4868300068C0F340000028EFD1012F1F
:1011500007D129483830006820F0805026493831BE
:10116000086000BFA069002845D02348006800F04F
:101170000C0008285DD0A069022845D100201F4935
:101180000866FFF747FC054606E0FFF743FC401BF7
:10119000022801D9032035E6174808380068C0F353
:1011A00040600028F1D1D4E907010843616A40EAB0
:1011B00081110122A06AC2EB500041EA00412C20BB
:1011C000005D41EA00600C49091F086001200B49DD
:1011D0000866FFF71FFC054606E0FFF71BFC401BF7
:1011E000022801D903200DE6034808380068C0F33F
:1011F00040600028F1D03FE008380240000047423C
:10120000800E47420070004000201C490866FFF72E
:1012100001FC054606E0FFF7FDFB401B022801D953
:101220000320EFE516480068C0F340600028F2D1C3
:1012300022E0A069012800D1E4E51148001D0668FC
:1012400006F48001E069814214D106F03F01206A72
:1012500081420FD147F6C0703040616A884209D19F
:1012600006F44031A06A814204D106F07061E06A60
:10127000814201D00120C5E50020C3E500004742BE
:101280000038024070B504460E4615460CB90120E0
:1012900070BD94F8490028B9002084F84800204621
:1012A00000F01CF804F108012068FFF743FA31460A
:1012B000A2682068FFF76CFA2946236BD4E9010283
:1012C000FFF714FAA168206850F8210040F00100EF
:1012D000A268216841F822000020D9E710B586B045
:1012E000044600BF002000903848006840F001002C
:1012F000364908600846006800F00100009000BF11
:1013000000BF00BF0020009030480838006840F05F
:1013100008002E49083908600846006800F00800F7
:10132000009000BF00BF00BF00200090084600688A
:1013300040F0100008600846006800F010000090BF
:1013400000BF00BF00BF002000900846006840F0CA
:10135000200008600846006800F02000009000BFF0
:1013600000BF00BF002000900846006840F0400029
:1013700008600846006800F04000009000BF00BF11
:101380004CF2337001900220029001200390032060
:1013900004900C20059001A90D48FFF72FFA4FF695
:1013A0008070019001A90B48FFF728FA4FF4805094
:1013B000019001A90848FFF721FA4FF480500190ED
:1013C00001A90648FFF71AFA06B010BD38380240E6
:1013D000000C0240001002400014024000180240BD
:1013E000042808D14FF0E021096941F004014FF0D1
:1013F000E022116107E04FF0E021096921F00401CA
:101400004FF0E0221161704770B504462546681E12
:10141000B0F1807F01D301200FE0681E4FF0E02182
:1014200048610F214FF0FF3002F096FB00204FF093
:10143000E021886107200861002070BD70470146E7
:101440000022002391F8392091F83A3042EA030053
:10145000704700002DE9F0470446206805682068C1
:10146000C668206847694FF00008C14605F00F08BC
:10147000B8F1000F0AD105F0200038B106F02000C5
:1014800020B1204602F082F8BDE8F087B8F1000FE5
:1014900072D007F0010018B906F4907000286BD0E4
:1014A00005F0010030B106F4807018B1E06B40F037
:1014B0000100E06305F0040030B107F0010018B14D
:1014C000E06B40F00200E06305F0020030B107F08D
:1014D000010018B1E06B40F00400E06305F0080083
:1014E00048B106F0200010B907F0010018B1E06B18
:1014F00040F00800E063E06B70B305F0200028B115
:1015000006F0200010B1204602F040F82068406943
:10151000C0F38019E06B00F0080010B9B9F1000FBA
:1015200023D0204602F012F82068406900F0400005
:10153000402816D12068406920F0400021684861A9
:10154000606B50B11748616B0865606BFFF742F93B
:1015500010B1606B016D88470CE02046FFF76EFF0D
:1015600008E02046FFF76AFF04E02046FFF766FF29
:101570000020E06388E7FFE705F0800030B106F067
:10158000800018B1204602F049FA7DE705F04000DE
:1015900030B106F0400018B1204601F0E7FF73E7D4
:1015A00000BF71E73935000810B504460CB90120B9
:1015B00010BDA06900B100E000BF94F8390028B95F
:1015C000002084F83800204600F028F8242084F811
:1015D00039002068C06820F400502168C8602046A7
:1015E00002F028F82068006920F490402168086122
:1015F0002068406920F02A00216848612068C0689E
:1016000040F400502168C8600020E063202084F886
:10161000390084F83A000020CAE7000010B586B00F
:1016200004461F492068884238D100BF002000903E
:101630001C48006840F001001A490860084600682C
:1016400000F00100009000BF00BF00BF002000902C
:1016500014481430006840F010001249143108603A
:101660000846006800F01000009000BF00BF4FF473
:10167000C06001900220029001200390022004909B
:101680000720059001A90848FFF7B8F82520FFF7C3
:1016900012FA032211462520FFF71DFA06B010BDED
:1016A00000100140303802400000024010B50346EF
:1016B00093F83A0020282FD101B10AB9012010BDBA
:1016C00000BF93F83800012801D10220F7E701207C
:1016D00083F8380000BF99629A85DA850020D863C4
:1016E000222083F83A0000BF002083F8380000BFB2
:1016F0001868C06840F480701C68E0601868406931
:1017000040F001001C6860611868C06840F020006B
:101710001C68E0600020D2E70220D0E71D4A016883
:10172000914236D11C49098801F4004189BB1A490C
:10173000098801F4804171B1184909780A2903D058
:101740000021154A118024E01349098841F4004121
:10175000114A11801DE0114909780D2906D10E4961
:10176000098841F480410C4A118012E00B49097844
:10177000094A1288C2F30D02094B99540649098897
:10178000491C054A118011460988C72901DD00213D
:1017900011807047001001406C0000106E000010B6
:1017A00008010010704700BFFEE7000010B50020E0
:1017B0000A49086000F0B4FC00200949C1F8A402FD
:1017C000022002F041FC012004490860052002F0DB
:1017D0003BFC00200249C1F8A00210BDA08240429B
:1017E0000080404200B587B000BF002001901B4838
:1017F000006840F00200194908600846006800F0DF
:101800000200019000BF00BF00BF00200190084609
:10181000006840F0020008600846006800F002001E
:10182000019000BF00BF8815029001200390049032
:101830000220059002A90A48FEF7E0FF4FF400706D
:10184000029002A90648FEF7D9FF01200549086069
:101850000549C1F8A00207B000BD000030380240C1
:1018600000040240A48240420080404210B50020A3
:101870000A49086000F054FC01200949C1F8A4029B
:10188000022002F0E1FB012004490860052002F07B
:10189000DBFB00200249C1F8A00210BDA08240423B
:1018A0000080404270B50546002400F025FC00266B
:1018B00016E000200F490860022002F0C5FB01205D
:1018C0000D49C1F8A0026006040E0A487C38006881
:1018D00008B1601CC4B2012002F0B6FB701CC6B295
:1018E000082EE6DB15B9FFF7C1FF01E0FFF75EFF49
:1018F000204670BDA08240420080404270B5044640
:1019000000F00EFC002014490860002520E004F0DF
:101910008000002804DD01200F49091D086003E054
:1019200000200D49091D08606006040E022002F027
:101930008BFB012008490860022002F085FB002093
:101940000649C1F8A002022002F07EFB681CC5B265
:10195000082DDCDB70BD0000A082404200804042C8
:1019600010B500F0DDFB0120094908600949C1F804
:10197000A002052002F068FB00200549086006204F
:1019800002F062FB00200349C1F8A00210BD000074
:10199000A48240420080404210B500F0C1FB00200C
:1019A000094908600949C1F8A402012006490860F4
:1019B000062002F049FB01200449C1F8A4020620D8
:1019C00002F042FB10BD0000A08240420080404275
:1019D00010B5002400F090FB01200E49086002F0D1
:1019E00033FB01200C49C1F8A00202F02DFB07E0F7
:1019F000601CC4B2FA2C03DDFFF7CEFF012010BD3E
:101A00000448803800680028F2D10249091F0860A4
:101A100000BFF4E7A48240420080404200B587B096
:101A200000BF002001901848006840F001001649EE
:101A300008600846006800F00100019000BF00BF88
:101A400000BF002001900846006840F010000860C8
:101A50000846006800F01000019000BF00BF1C2085
:101A60000290002003900120049002A90748FEF78D
:101A7000C5FE012002900220049002A90448FEF74E
:101A8000BDFE07B000BD000030380240001002402B
:101A90000000024010B50446012C01D12249087013
:101AA0002148007801282AD12048006801280AD05E
:101AB0001F48006838B11E48001F006818B11C4854
:101AC00008380068D8B90A2002F0B2FA0020164996
:101AD000087016480068012800D110BD144800683D
:101AE00008B90220F9E71248001F006808B903206E
:101AF000F3E70F4808380068A0B90420EDE70B4869
:101B0000006878B90A48006801280BD10848001F0E
:101B10000068012806D1064808380068012801D16C
:101B2000014908700020D8E71A0000100002404266
:101B30001002424270B506460F484088401E83B2EC
:101B40000D480088401E82B20021084600F03CF992
:101B500000240CE0002504E0304600F079FA681C0F
:101B600085B205484088A842F6DC601C84B2024871
:101B70000088A042EEDC70BD1200001000B50246E5
:101B80000F4882716AB9362000F056FA4C2000F0F6
:101B900059FA4FF4F0700A4948804FF4A070088059
:101BA0000CE0362000F048FA2C2000F04BFA4FF4FD
:101BB000A070034948804FF4F070088000BD000019
:101BC0001200001070B504460D4616462B462246FC
:101BD0002946204600F0F8F8304600F039FA70BD8A
:101BE0002DE9FF4F84B081468A4600200390029081
:101BF0000698A0EB09050798A0EB0A06CDF804901B
:101C0000CDF800A0002D01DD012705E00DB900276A
:101C100002E04FF0FF376D42002E02DD4FF0010869
:101C200006E016B94FF0000802E04FF0FF387642A8
:101C3000B54201DD2C4600E034464FF0000B21E0B8
:101C4000009A91B2019A90B200F022F803982844C9
:101C500003900298304402900398A04205DD039857
:101C6000001B03900198384401900298A04205DDC2
:101C70000298001B02900098404400900BF1010074
:101C80001FFA80FB601C8345DADD08B0BDE8F08FE9
:101C900030B504460D462B4622462946204600F024
:101CA00093F80248008800F0D3F930BD0E00001010
:101CB0002DE9F04306460F46904600244546032092
:101CC000A0EB48093CE07A1B91B2321990B2FFF7C1
:101CD000DFFF3A1B91B2721990B2FFF7D9FF3A19A0
:101CE00091B2721990B2FFF7D3FF7A1991B23219FB
:101CF00090B2FFF7CDFF7A1991B2321B90B2FFF785
:101D0000C7FF3A1991B2721B90B2FFF7C1FF7A1B5D
:101D100091B2321B90B2FFF7BBFF3A1B91B2721B1C
:101D200090B2FFF7B5FF641CB9F1000F03DAA00011
:101D3000801D814404E0601B80000A3081446D1ED8
:101D4000AC42C0DDBDE8F0832DE9F04304460D460A
:101D500016461F46DDF81C80B44201DCBD4201DDA1
:101D6000BDE8F0833B4632462946204600F02CF879
:101D7000301B401C84B2781B401C85B20BE0A94686
:101D800002E0404600F064F9B9F10000A9F1010158
:101D90001FFA81F9F5D1201EA4F101018CB2EED118
:101DA00000BFDDE710B50246012000E050430B1EE6
:101DB000A1F10104E1B2F9D110BD00000148008891
:101DC000704700008000006C30B504460D462A20A4
:101DD00000F032F9201200F035F9E0B200F032F9EB
:101DE000101200F02FF9D0B200F02CF92B2000F0E7
:101DF00023F9281200F026F9E8B200F023F91812AE
:101E000000F020F9D8B200F01DF92C2000F014F9F0
:101E100030BD00002DE9F84F80460E4617461C469F
:101E2000B3462046E31704EB5373DB1021464FEA19
:101E3000E47C04EB5C7C4FEAEC0CA4EBCC0CBCF136
:101E4000000F02D04FF0010C01E04FF0000C634492
:101E5000224604EBD27C4FEA6C0C03FB0CF3DBB2A2
:101E60000093A7F12000C7B2002556E00C2C07D143
:101E700007EB47002B4901EB800010F8059013E0B9
:101E8000102C05D1284800EB071010F805900BE046
:101E9000182C07D107EBC700244901EB800010F88C
:101EA000059001E0BDE8F88F4FF0000A2FE009F03F
:101EB000800030B11E48028831464046FFF782FE5E
:101EC00007E00A9828B91B48028831464046FFF7C8
:101ED00079FE4FEA49604FEA1069701C86B21648D5
:101EE0004088B04200DCDDE7A6EB0B00A0420AD13F
:101EF0005E4608F101001FFA80F80F48008840454F
:101F000000DCCFE706E00AF1010000F0FF0ABAF1B9
:101F1000080FCCDB00BF681CC5B200988542A5DB6A
:101F200000BFBFE7CFE2020843E7020833ED020833
:101F30000E00001010000010120000102DE9FF4FDD
:101F400081B0074691461E460E9D4FF0000A0024C0
:101F500039E0301B401EC1B20A20FFF723FFB9FB56
:101F6000F0F00A21B0FBF1F201FB1208BAF1000F08
:101F700016D1701EA04213DDB8F1000F0ED1002063
:101F8000AB4605EBDB71491001FB0471009088B290
:101F90002B4620220299FFF73DFF12E04FF0010A85
:101FA0000020AB4605EBDB71491001FB047100908A
:101FB00088B208F13001CAB22B460299FFF72AFF16
:101FC00000BF601CC4B2B442C3DB05B0BDE8F08FF3
:101FD0002DE9F84704460D4690469946DDE9096724
:101FE00004F0FF0A08EB04001FFA80F809EB050073
:101FF0001FFA80F916E0444502DB5446A81985B261
:102000004D4500DB14E0002000903A783346294625
:102010002046FFF7FFFE304606EBD07104EB61016E
:102020008CB27F1C38787E2802DC38782028E2DAEF
:1020300000BFBDE8F8870000014908807047000034
:102040007E00006C01490880704700008000006C31
:102050000112044A1180C1B24FF0D842A2F8801098
:10206000704700008000006C00B587B000BF002002
:1020700001901D48006840F020001B490860084698
:10208000006800F02000019000BF00BF00BF0020EA
:1020900001900846006840F020000860084600688B
:1020A00000F02000019000BF00BF48150290012001
:1020B000039004900320059002A90C48FEF79EFBB4
:1020C0004FF48060029002A90848FEF797FB0122B6
:1020D00051020648FEF792FC012291020348FEF7E6
:1020E0008DFC07B000BD00003038024000140240F3
:1020F00000BFFEE77047704700B585B04FF4007031
:102100000090002001900120029002200390694677
:102110000248FEF773FB05B000BD0000000402405A
:1021200000B585B04FF4007000900120019002903E
:102130000220039069460248FEF760FB05B000BD2F
:1021400000040240704710B5FEF76AFC10BD0000A5
:1021500010B504460420FFF743F90148046010BDA0
:10216000680000102DE9F04192B080460C461546FB
:102170001E46002700BF002000902A48006840F05B
:102180008050284908600846006800F080500090A0
:1021900000BF00BF00BF002000902348006840F44B
:1021A0008040214908600846006800F480400090A3
:1021B00000BF00BF012006900004079002200C9091
:1021C00041050D91CDF838800F941095119606A811
:1021D000FEF714FE07460FB100BFFEE70F20019087
:1021E00002200290002003904FF4A05004904FF47E
:1021F00080500590052101A8FEF7C0FC07460FB1ED
:1022000000BFFEE7FEF700FC41F20101884205D164
:102210000648006840F480700449086012B0BDE8C8
:10222000F08100004038024000700040003C024055
:102230000548006840F47000034908604FF00060F2
:10224000014980390860704788ED00E000B595B01D
:1022500000BF002001902848006840F00200264995
:1022600008600846006800F00200019000BF00BF4F
:102270004FF4004010900120119012900320139011
:1022800010A91E48FEF7BAFA4FF020401C4908601A
:102290001C4848600620886000211948C16001611F
:1022A0001021416100218161C16141624FF480517F
:1022B00081620021C1624FF48041016300214163CA
:1022C00081634FF48011C1630F20099000200A90B0
:1022D0003C200B9000200F900590092002900020D8
:1022E0000390082004900020089002AA09A904483D
:1022F000FEF7C8FF15B000BD3038024000040240B0
:1023000078000010040100A010B5FFF79FFF3220F5
:1023100001F08EFED020FFF78FFEFFF74FFD6449DE
:102320008880FFF74BFD624988800846818861A05C
:1023300001F0E6FBE920FFF77FFE2020FFF782FE99
:102340001120FFF779FE4FF4FA7401E0601E84B2A9
:10235000002CFBDC3A20FFF76FFE5520FFF772FEE2
:10236000D120FFF769FE0020FFF76CFE6520FFF724
:1023700069FE1F20FFF766FED020FFF75DFE0720F5
:10238000FFF760FE0720FFF75DFE8020FFF75AFE93
:102390003620FFF751FE4C20FFF754FEC120FFF717
:1023A0004BFE1020FFF74EFE1020FFF74BFE0220E1
:1023B000FFF748FE0220FFF745FEC020FFF73CFE76
:1023C0000020FFF73FFE3520FFF73CFE0020FFF71F
:1023D00039FE0020FFF736FE0120FFF733FE022012
:1023E000FFF730FEC420FFF727FE0320FFF72AFE89
:1023F000C520FFF721FE0120FFF724FED220FFF7C2
:102400001BFE0120FFF71EFE2220FFF71BFEE72028
:10241000FFF712FE3820FFF715FEF320FFF70CFE42
:102420000820FFF70FFE1220FFF70CFE1220FFF727
:1024300009FE0820FFF706FEC820FFF7FDFD01207A
:10244000FFF700FE5220FFF7FDFD3720FFF7FAFDF2
:102450001020FFF7F7FD0D20FFF7F4FD0120FFF737
:10246000F1FD0420FFF7EEFD5120FFF7EBFD772093
:10247000FFF7E8FD0120FFF7E5FD0120FFF7E2FD92
:102480000D20FFF7DFFD0820FFF7DCFD8020FFF7C0
:10249000D9FD0020FFF7D6FD2920FFF7CDFD002054
:1024A000FFF76CFB4FF6FF70FFF744FB10BD000019
:1024B00012000010204C43442049443A25780D0A6C
:1024C000000000002DE9FC5F04460D4617461E463D
:1024D000DDE90EABDDE90C894FF4784057490880FF
:1024E00057A01021CDE90010564843880288A0214A
:1024F0002820FFF76DFD54A01021CDE900105148B0
:1025000043880288A0217820FFF762FD4FA01021A8
:10251000CDE900104B4843880288B4212820FFF7FA
:1025200057FD4BA01021CDE9001046484388028892
:10253000B4217820FFF74CFD46A01021CDE9001012
:10254000404843880288C8212820FFF741FD42A067
:102550001021CDE900103B4843880288C82178202B
:10256000FFF736FD3DA01021CDE900103548438826
:102570000288DC212820FFF72BFD39A01021CDE9AE
:102580000010304843880288DC217820FFF720FDC6
:1025900034A01021CDE900102A4843880288F02198
:1025A0002820FFF715FD102004232246A0210090CB
:1025B0004020FFF7C3FC102004232A46A0210090EE
:1025C0009020FFF7BBFC102004233A46B421009072
:1025D0004020FFF7B3FC102004233246B4210090C2
:1025E0009020FFF7ABFC102004234246C821009046
:1025F0004020FFF7A3FC102004234A46C821009086
:102600009020FFF79BFC102004235246DC21009011
:102610004020FFF793FC102004235A46DC21009051
:102620009020FFF78BFC102003230090F021602006
:10263000109AFFF783FCBDE8FC9F00000E0000101D
:1026400078313A001200001079313A0078323A00BD
:1026500079323A0078333A0079333A0078343A00E4
:1026600079343A006661632069733A0000B597B027
:10267000002012900B9012901F21FE4801804FF60F
:10268000FF71FD4801800846FFF754FA4FF4784186
:10269000F84801804FF6FF70FFF74CFA0020F5492B
:1026A0000880F648006810216423A022CDE90010BC
:1026B00028210846FFF78CFC4FF478421421084685
:1026C00000F054FC0020EE4988869FEDEE0A084693
:1026D00080ED0E0A46E2EA4840680A9001200A9915
:1026E0008847E74890F8340000F0C00040287AD1CD
:1026F00000200B90E248808E20F04000E049888660
:102700000846818913AA129822F82010DC48018C0F
:10271000129802EB800041801298401CC0B21290C7
:102720001298012806D0022815D0032829D00428A1
:1027300010D141E04FF6FF721421084600F016FC5C
:10274000D1480088143880B24FF4784214210A909E
:1027500000F00CFCE5E3CC480088143880B24FF65A
:10276000FF7214210A9000F001FCC7484088143819
:1027700080B24FF4784201460A90142000F0F6FB34
:10278000CFE3C1484088143880B24FF6FF7201464B
:102790000A90142000F0EAFBBB484088143880B24D
:1027A0000A90B9480088143880B24FF478420990F2
:1027B0000A9900F0DBFBB4E3BDF84C10BDF8500003
:1027C000081A0A90002801DB0A9801E00A984042A2
:1027D0000F90BDF84E1013A8C088081A0A90002860
:1027E00002DB0A9802E09DE30A9840420E900F989F
:1027F00040430F900E9840430E90DDE90E100844C0
:102800000590FDF7A4FDCDE906019DED060B01F055
:10281000B7F98DED080B9DED080B51EC100BFDF792
:10282000A3FD80B21190BDF85400BDF85810401AB5
:102830000A90002801DB0A9801E00A9840420F90B4
:1028400013A84189C089081A0A90002801DB0A9858
:1028500001E00A9840420E900F9840430F900E9866
:1028600040430E90DDE90E1008440590FDF76FFD22
:10287000CDE906019DED060B01F082F98DED080B07
:102880009DED080B51EC100BFDF76EFD80B2109022
:102890009DED110AF8EE400A9DED100AB8EE401ABF
:1028A00080EE810A8DED0A0A0A98FDF776FDCDE9E2
:1028B0000C019FED760B53EC102B9DED0C0B51ECA6
:1028C000100BFDF77DFD0ED39FED720B53EC102B1B
:1028D0009DED0C0B51EC100BFDF78AFD03D3119805
:1028E00008B11098F0BB0020129067484088143857
:1028F00080B20A9064480088143880B24FF6FF72A4
:1029000009900A9900F032FB4FF4784214210846EE
:1029100000F02CFB9FED610B53EC102B9DED0C0B8D
:1029200051EC100BFDF7A1FCCDE908019DED080B62
:1029300051EC100BFDF718FD80B213A90A90C9895C
:10294000BDF8582013AB5B89CDE90132CDE9031006
:10295000BDF85400009013A8C0880990BDF850003D
:10296000089000E00AE0BDF84E000790BDF84C006A
:10297000069007A90EC9FFF7A5FDE2E2BDF84C10CD
:10298000BDF85400081A0A90002801DB0A9801E0FB
:102990000A9840420F90BDF84E1013A84089081ABB
:1029A0000A90002801DB0A9801E00A9840420E9044
:1029B0000F9840430F900E9840430E90DDE90E10A3
:1029C00008440590FDF7C3FCCDE906019DED060B1B
:1029D00001F0D6F88DED080B9DED080B51EC100BB6
:1029E000FDF7C2FC80B21190BDF85010BDF8580040
:1029F000081A0A90002801DB0A9801E00A98404270
:102A00000F9013A8C188C089081A0A90002801DB1A
:102A10000A9801E00A9840420E900F9840430F90A8
:102A20000E9840430E90DDE90E1008440590FDF726
:102A30008EFCCDE906019DED060B01F0A1F88DEDB0
:102A4000080B9DED080B51EC100BFDF78DFC80B2CF
:102A500010909DED110AF8EE400A9DED100AB8EEB7
:102A6000401A80EE810A8DED0A0A0A98FDF795FC5E
:102A700018E000000E00001010000010E82B030802
:102A80001C00001000000000120000106666666660
:102A90006666EE3FCDCCCCCCCCCCF03F0000000045
:102AA00000005940CDE90C011FED080B53EC102B31
:102AB0009DED0C0B51EC100BFDF782FC0AD31FEDC2
:102AC0000B0B53EC102B9DED0C0B51EC100BFDF789
:102AD0008FFC48D200201290F7484088143880B20A
:102AE0000A90F5480088143880B24FF6FF720990BA
:102AF0000A9900F03BFA4FF478421421084600F09E
:102B000035FA1FED1A0B53EC102B9DED0C0B51EC0D
:102B1000100BFDF7AAFBCDE908019DED080B51EC68
:102B2000100BFDF721FC80B213A90A90C989BDF8EA
:102B3000582013AB5B89CDE90132CDE90310BDF814
:102B40005400009013A8C0880990BDF85000089068
:102B5000BDF84E000790BDF84C00069007A90EC9BD
:102B6000FFF7B0FCEDE1BDF85000BDF85410401A7D
:102B70000A90002801DB0A9801E00A9840420F9071
:102B800013A8C1884089081A0A90002801DB0A9816
:102B900001E00A9840420E900F9840430F900E9823
:102BA00040430E90DDE90E1008440590FDF7CFFB81
:102BB000CDE906019DED060B00F0E2FF8DED080B5F
:102BC0009DED080B51EC100BFDF7CEFB80B2119080
:102BD000BDF84C00BDF85810401A0A90002801DBDF
:102BE0000A9801E00A9840420F90BDF84E1013A8D1
:102BF000C089081A0A90002801DB0A9801E00A98A7
:102C000040420E900F9840430F900E9840430E9014
:102C1000DDE90E1008440590FDF799FBCDE90601AA
:102C20009DED060B00F0ACFF8DED080B9DED080B44
:102C300051EC100BFDF798FB80B210909DED110A3E
:102C4000F8EE400A9DED100AB8EE401A80EE810AB7
:102C50008DED0A0A0A98FDF7A0FBCDE90C011FEDE6
:102C6000750B53EC102B9DED0C0B51EC100BFDF77D
:102C7000A7FB0AD31FED790B53EC102B9DED0C0B2A
:102C800051EC100BFDF7B4FB49D2002012908A489A
:102C90004088143880B20A9087480088143880B27F
:102CA0004FF6FF7209900A9900F060F94FF47842EC
:102CB0001421084600F05AF91FED880B53EC102B35
:102CC0009DED0C0B51EC100BFDF7CFFACDE908018F
:102CD0009DED080B51EC100BFDF746FB80B2014651
:102CE0000A9013A8C289BDF8580013AB5B89CDE9DF
:102CF0000130CDE90321BDF85400009013A8C0882D
:102D00000990BDF850000890BDF84E000790BDF83E
:102D10004C00069007A90EC9FFF7D4FB11E1BDF8DE
:102D20005000BDF84C10401A00EE100AF8EEC00A30
:102D300061480088283800EE100AB8EEC00A80EE1C
:102D4000201A5E4880ED0E1ABDF85000BDF84C10F8
:102D5000084400EE100AF8EEC00A5748008800EE5A
:102D6000100AB8EE400A554890ED0E1A01EE600ABE
:102D7000F0EE000A80EE201ABDEEC10A10EE100A35
:102D800001B24E48A0F8401013A84089BDF84E107B
:102D9000401A00EE100AF8EEC00A4748408828386A
:102DA00000EE100AB8EEC00A80EE201A434880ED0B
:102DB0000F1A13A84089BDF84E10084400EE100AFF
:102DC000F8EEC00A3C48408800EE100AB8EE400A0F
:102DD0003A4890ED0F1A01EE600AF0EE000A80EE1C
:102DE000201ABDEEC10A10EE100A00B23349A1F854
:102DF0004200084690ED0E0ABDEEC00A8DED090AAC
:102E00000998002801DB099801E00998404202284E
:102E10000FDC2A4890ED0F0ABDEEC00A8DED0A0ABC
:102E20000A98002801DB0A9801E00A98404202282B
:102E300054DD0020129020484088143880B20A9057
:102E40001D480088143880B24FF6FF7209900A9925
:102E500000F08CF84FF478421421084600F086F810
:102E600017A01021CDE90010134840880A9012489D
:102E70000088099002461A2128200A9BFFF7A8F82B
:102E80000E4890F8440008B9012000E000200B49EA
:102E900081F84400084690F8440030B190200D4974
:102EA0000870D0210C48017005E0D021094801705C
:102EB00090200949087044E0120000101C00001026
:102EC0005450204E65656420726561646A75737440
:102ED0002100000064000010650000101F211B4845
:102EE00001804FF6FF70FEF725FE19A01021CDE9F5
:102EF00000101D4840880A901B480088099002462F
:102F00006E2123200A9BFFF763F84FF47A7001F0DB
:102F10008FF800F031FA4FF6FF70FEF70BFE17B096
:102F200000BD00BF0A2001F083F80B98401C80B25E
:102F30000B900B98B0F57A7F02DD00F04FF802E0BD
:102F400000BFFFF7C8BB00BF00BFE8E70E000010DE
:102F5000546F7563682053637265656E2041646ABF
:102F6000757374204F4B21001200001070B5044699
:102F70000D4616461848068004F10D018AB219392B
:102F800088B22B462946FEF72BFE05F10D0083B2D1
:102F9000193881B222462046FEF722FE6A1C91B201
:102FA000621C90B2FEF774FE6A1C91B2621E90B26F
:102FB000FEF76EFE6A1E91B2621C90B2FEF768FECA
:102FC0006A1E91B2621E90B2FEF762FE0622294688
:102FD0002046FEF76DFE70BD0E00001010B5D52026
:102FE000FDF718FB04460A2C48D10421C820FDF740
:102FF000FBFA044600EE104AB8EEC00ADFED200AE4
:1030000080EE201A1F4880ED0E1A0421CC20FDF717
:10301000EBFA044600EE104AB8EEC00ADFED180ADB
:1030200080EE201A174880ED0F1A0221D020FDF7FC
:10303000DBFA00B21349A1F840000221D220FDF7CB
:10304000D3FA00B20F49A1F84200D420FDF7E2FA0A
:103050000C4981F84400084690F8440030B19020B3
:1030600009490870D0200949087005E0D0200649B8
:103070000870902005490870012010BD0020FCE771
:1030800020BCBE4C1C000010640000106500001045
:1030900000B587B000BF002001903248006840F0C2
:1030A0000200304908600846006800F00200019004
:1030B00000BF00BF00BF002001900846006840F03C
:1030C000040008600846006800F00400019000BF9A
:1030D00000BF00BF002001900846006840F02000BB
:1030E00008600846006800F02000019000BF00BFA3
:1030F00006200290002003900120049003200590F8
:1031000002A91948FDF77AFB01200290039002A959
:103110001548FDF773FB4FF40050029002A91348C5
:10312000FDF76CFB4FF40060029002A91048FDF718
:1031300065FB1049A1F1140000F0A6F8FDF750FA64
:10314000FFF74CFF10B1002007B000BD4FF6FF7035
:10315000FEF7F0FCFFF78AFA00F00EF9FFF73EFFEA
:103160000120F1E73038024000040240000802402C
:10317000001402403C00001070B5064600250024F3
:1031800000201E4908601E49C1F8AC021D490860B4
:10319000304600F0ABF9062000F056FF00201A4937
:1031A000C1F88002012000F04FFF012013490860A0
:1031B00000F04AFF00201449C1F8800200BF15E06A
:1031C0004FF6FF7000EA440400200C49086001201B
:1031D00000F03AFF01200C49C1F880020748783816
:1031E000006808B1601C84B2681CC5B2102DE7DB12
:1031F0002411012003490860204670BD80824042AE
:1032000000804242B4024142008040422DE9F04138
:1032100094B080460027002406E04046FFF7ACFF4C
:103220002DF81400601C84B2282CF6DB002416E074
:10323000601C85B20FE03DF814003DF8151088427F
:1032400007DD3DF814603DF815002DF814002DF849
:103250001560681C85B2282DEDDB601C84B2272C1C
:10326000E6DB0027012404E03DF814000744601C5D
:1032700084B2272CF8DB2620B7FBF0F086B230466C
:1032800014B0BDE8F08100002DE9F04104460D4680
:1032900007480078FFF7BAFF064606480078FFF7B0
:1032A000B5FF074626802F800120BDE8F081000091
:1032B00064000010650000107FB504460D4602A9A9
:1032C00003A8FFF7E1FF064616B9002004B070BD61
:1032D000694601A8FFF7D8FF06460EB90020F5E7BA
:1032E000BDF80400BDF80C10884206DCBDF80C10D7
:1032F000BDF80400323081420CDBBDF80C00BDF893
:103300000410884236DCBDF80410BDF80C003230E1
:1033100081422FDABDF80000BDF80810884206DCB3
:10332000BDF80810BDF80000323081420CDBBDF85A
:103330000800BDF8001088421CDCBDF80010BDF884
:1033400008003230814215DABDF80C10BDF80420B7
:10335000881800EBD071C1F34F012180BDF808102F
:10336000BDF80020881800EBD071C1F34F0129800F
:103370000120ABE70020A9E710B51D4890ED0E0A2B
:10338000DFED1C0A20EE200ABDEEC00A10EE104A46
:1033900004222146C820FDF769F9154890ED0F0A6F
:1033A000DFED140A20EE200ABDEEC00A10EE104A2E
:1033B00004222146CC20FDF759F90D48B0F9401000
:1033C0000222D020FDF752F90948B0F9421002223A
:1033D000D220FDF74BF9064890F84410D420FDF7B1
:1033E0005AF90A242146D520FDF755F910BD0000F1
:1033F0001C00001020BCBE4C10B5044639480068C3
:1034000000284DD12CB13849A1F11400FFF754FF29
:1034100035E03549A1F11400FFF74EFF78B332488B
:103420002038B0F9400000EE100AB8EEC00A2E486D
:10343000203890ED0E1A808900EE900AF8EE600AAE
:1034400001EE200ABCEEC00A10EE100A264920390F
:1034500088810846B0F9420000EE100AB8EEC00AB2
:10346000084690ED0F1A008C00EE900AF8EE600A04
:1034700001EE200ABCEEC00A10EE100A08841A48B9
:10348000203890F8340000F0800020BBC02016499E
:1034900020398886084681898182018C01851AE05D
:1034A0001148203890F8340000F0800040B10E48F8
:1034B0002038808E20F080000B49203988860AE071
:1034C000002109482038818201854FF6FF700649A6
:1034D0002039888108840448203890F8340000F0AE
:1034E000800010BD048240423C00001070B50446CC
:1034F000002500BF17E004F0800018B101200B493F
:10350000086002E00020094908606006040E0020FF
:1035100007490860012000F097FD01200549C1F826
:103520008002681CC5B2082DE5DB70BDAC8242424A
:10353000808240420080404270B50546AC6B00205E
:10354000E085E0842046FDF779FF70BD0168C96819
:1035500021F490710268D1600168496921F001018C
:1035600002685161202180F83A10704710B5044676
:103570002068C06820F040002168C860202084F8DE
:1035800039002046FEF70EF9002010BD70B5044644
:1035900094F83A0022284AD1A068B0F5805F13D190
:1035A000A56A206940B920684068C0F308002880F7
:1035B000A06A801CA06219E020684068C0B2288020
:1035C000A06A401CA06211E0206938B920684068F8
:1035D000C1B2A26A501CA062117007E02068406866
:1035E00000F07F01A26A501CA0621170E08D401EA5
:1035F00080B2E085C8B92068C06820F0200021684A
:10360000C8602068C06820F480702168C8602068A5
:10361000406920F0010021684861202084F83A00C8
:103620002046FEF77BF8002070BD0020FCE702205A
:10363000FAE700002DE9F84F04462068006920F4FD
:103640004050E1680843216808612169A068084387
:1036500061690843E169084300902068C06849F245
:103660000C618843009908432168C860206840695C
:1036700020F44070A169084321684861E069B0F511
:10368000004F75D1E3492068884203D0E2492068A1
:1036900088426FD1FDF74AFB814602206168A0FB9A
:1036A00001510B461920A9FB00712A463846FCF748
:1036B00087FD6421B0FBF1F04FEA001A0220616837
:1036C000A0FB01510B461920A9FB00712A46384680
:1036D000FCF776FD074602206168A0FB01510B460E
:1036E0001920A9FB00B12A465846FCF769FD642160
:1036F000B0FBF1F000EBC00101EB0010A7EB800084
:10370000322101EBC0006421B0FBF1F000F0F800C1
:103710000AEB400A02206168A0FB01510B46192008
:10372000A9FB00712A463846FCF74AFD07460220ED
:103730006168A0FB01510B461920A9FB00B12A4684
:103740005846FCF73DFD6421B0FBF1F000EBC001F1
:1037500001EB0010A7EB8000322101EBC0006421D7
:10376000B0FBF1F000F007005044216888604FE1A1
:103770006EE0FFE7FDF7CAFA814602206168A0FB10
:1037800001510B461920A9FB00712A463846FCF767
:1037900017FD6421B0FBF1F04FEA001A02206168C6
:1037A000A0FB01510B461920A9FB00712A4638469F
:1037B000FCF706FD074602206168A0FB01510B469D
:1037C0001920A9FB00B12A465846FCF7F9FC6421F0
:1037D000B0FBF1F000EBC00101EB0010A7EB8000A3
:1037E000322101EBC0006421B0FBF1F000F0F800E1
:1037F0000AEB400A02206168A0FB01510B46192028
:10380000A9FB00712A463846FCF7DAFC074602207D
:103810006168A0FB015003461920A9FB00B12A46AC
:103820005846FCF7CDFC6421B0FBF1F000EBC00181
:1038300001EB0010A7EB8000322101EBC0006421F6
:10384000B0FBF1F000F00700504421688860DFE031
:1038500070492068884203D06F49206888426BD144
:10386000FDF764FA814604206168A0FB01510B4614
:103870001920A9FB00712A463846FCF7A1FC8246B4
:1038800004206168A0FB01510B461920A9FB0071BF
:103890002A463846FCF794FC6421B0FBF1F000EBBB
:1038A000C00101EB0010AAEB8000322101EB0010F7
:1038B0006421B0FBF1F000F0F00A04206168A0FB85
:1038C000015003461920A9FB00712A463846FCF72F
:1038D00077FC6421B0FBF1F00AEB001A0420616868
:1038E000A0FB01510B461920A9FB00712A4638465E
:1038F000FCF766FC074604206168A0FB0150034604
:103900001920A9FB00B12A465846FCF759FC64214E
:10391000B0FBF1F000EBC00101EB0010A7EB800061
:10392000322101EB00106421B0FBF1F000F00F0038
:103930005044216888606BE0FDF7E8F98146042077
:103940006168A0FB015003461920A9FB00712A46BB
:103950003846FCF735FC824604206168A0FB015024
:1039600003461920A9FB00712A463846FCF728FCBB
:103970006421B0FBF1F000EBC00101EB0010AAEBF9
:103980008000322101EB00106421B0FBF1F000F067
:10399000F00A04206168A0FB015003461920A9FB2E
:1039A00000712A463846FCF70BFC6421B0FBF1F0AD
:1039B0000AEB001A04206168A0FB0170034619207D
:1039C000A9FB005001463A462846FCF7F9FB07469A
:1039D00004206168A0FB015003461920A9FB00B137
:1039E0002A465846FCF7ECFB6421B0FBF1F000EBF3
:1039F000C00101EB0010A7EB8000322101EB0010A9
:103A00006421B0FBF1F000F00F00504421688860A1
:103A1000BDE8F88F0010014000140140014691F804
:103A2000390021282CD18868B0F5805F0FD10A6A4F
:103A30001088C0F308000B685860086918B9086A54
:103A4000801C086209E0086A401C086205E00B6AF5
:103A5000581C086218780B685860C88C401E80B2E9
:103A6000C88458B90868C06820F080000B68D86026
:103A70000868C06840F040000B68D86000207047BC
:103A80000220FCE710B500240C48FDF7E3FC00BF62
:103A900001E0641C00BF0948FDF7D1FC2028F8D1E3
:103AA00000BF002401E0641C00BF01220449034858
:103AB000FDF7FCFD0028F6D100BF10BDC8000010C6
:103AC0006E00001010B5044609480A49086008460F
:103AD000446000218160C160016181610C2141610C
:103AE000FDF762FD012204490248FDF7DFFD10BD2C
:103AF00000100140C80000106E00001000BFFEE77B
:103B00000FB4054B10B503A9044A029800F08AF8D7
:103B100010BC5DF814FB0000BD41000870000010EF
:103B20000FB4084B10B504A902AA039800F07AF864
:103B3000044602A9002000F0D5F9204610BC5DF82B
:103B400014FB0000E53E000802480068C0F30220B4
:103B5000704700000CED00E010B5002804DB0A07F8
:103B6000130E054A135406E00A07140E034A00F028
:103B70000F031B1FD45410BD00E400E018ED00E05B
:103B800000B52DED048BB0EE409AF0EE609A83B054
:103B900051EC190BFCF7C0FC41EC180B18EE100AA5
:103BA00018EE901A8DED008B002818BF01200843F5
:103BB00020F00040C0F17F6000F1E040C00F14D061
:103BC00019EE101A19EE900A8DED009B002918BF0E
:103BD0000121084320F00040C0F17F6000F1E04087
:103BE000C00F04BF012000F017F8B0EE480A03B080
:103BF000F0EE680ABDEC048B00BD02E008C8121F9D
:103C000008C1002AFAD170477047002001E001C1C5
:103C1000121F002AFBD1704701490860704700005D
:103C2000740000102DE9FF4F8DB09B460F460446EF
:103C3000002606E025280BD05A460F999047641CB1
:103C4000761C20780028F5D111B03046BDE8F08F01
:103C50000025A8460122984900E0054314F8013FD9
:103C6000203B02FA03F00842F7D120782E2817D122
:103C700014F8010F45F004052A280ED06FF02F022A
:103C80002078A0F1300109290AD808EB880102EB5D
:103C9000410100EB0108641CF2E757F8048B641C37
:103CA00020786C280DD004DC4C2812D06A2811D161
:103CB00004E074280DD07A280CD10AE045F40015F0
:103CC00007E0617845F48015814202D1641C05F556
:103CD0008015641C2278692A45D008DC002AB3D0FC
:103CE000582A69D0632A10D0642A08D13BE0702A90
:103CF00067D0732A13D0752A5CD0782A5CD010461E
:103D00005A460F999047761CD3E017F8040B8DF8AC
:103D1000000000208DF80100E946012003E057F87B
:103D2000049B4FF0FF3069074FF0000501D40AE013
:103D30006D1C45450DDA8542FADB19F8051000299E
:103D4000F6D106E06D1C8542FCDB19F80510002950
:103D5000F8D12E4404E019F8010B5A460F99904708
:103D60006D1EF8D2A5E00A200021CDE90801C5F3B7
:103D7000025002280DD001CFC117031E71F10003BC
:103D80000DDA4FF0000CD0EB0C006CEB01012D2391
:103D900008E0FF1D27F00707F7E80201EDE72B0514
:103DA00004D52B238DF8283001233BE0EB0739D0D5
:103DB0002023F7E70A2000E010200021CDE90801C8
:103DC00007E01020002145F00405CDE908014FF07F
:103DD0000808C5F3025002280FD001CF00214FF090
:103DE000000A2B071FD5702A0DD0DDE908C38CF01F
:103DF000100C5CEA030C0CD015E0FF1D27F0070740
:103E0000F7E80201EBE740228DF828204FF0010A85
:103E10000BE050EA010306D030238DF828308DF8EE
:103E2000292002239A46582A04D024A20DF1200901
:103E30000B9209E026A2F9E7DDE90823FCF7C0F9B7
:103E40000B9B9B5C09F8013D50EA0102F4D1ADEBFC
:103E5000090020300890680701D44FF00108089944
:103E6000884502DDA8EB010000E000208046002527
:103E700006E00AA85A46405D0F9990476D1C761CD3
:103E80005545F6DB04E030205A460F999047761CE2
:103E9000B8F10001A8F10108F5DC05E019F8010B03
:103EA0005A460F999047761C0899481E0890002999
:103EB000F4DC641CC5E6000009280100303132330F
:103EC0003435363738396162636465660000000056
:103ED0003031323334353637383941424344454640
:103EE000000000000A68531C0B601070704700004F
:103EF0002DE9F0472DED048B04469FED4B0AF0EEC3
:103F0000408A9FED490AB0EE409A9FED470AB0EE15
:103F1000408A00202CE0002127E0C0EBC00201EB2A
:103F2000820204EB8202D2ED000AB0EE600AB5EE26
:103F3000C00AF1EE10FA17DD00EE901AB8EEE01AA2
:103F4000F0EE680A41EE000AF0EE608A00EE900A98
:103F5000B8EEE01AF0EE490A41EE000AB0EE609ABF
:103F600078EE000AB0EE608A491C1C29D5DB401CA3
:103F70001C28D0DBB5EEC08AF1EE10FA03D1BDECFF
:103F8000048BBDE8F08788EE880AF6EE000A30EE72
:103F9000200ABDEEC00A10EE105A89EE080AF6EEAD
:103FA000000A30EE200ABDEEC00A10EE106AC5F11C
:103FB0000E07C6F10E081FB9B8F1000F00D1DEE7F9
:103FC0004FF444611948FCF745F9002022E0002134
:103FD0001DE0CA1900EB0803002A17DB1C2A15DABA
:103FE000002B13DB1C2B11DAC0EBC00C01EB8C0C8B
:103FF00004EB8C0C9CED000AC3EBC30C02EB8C0CA5
:10400000DFF8289009EB8C0C8CED000A491C1C2968
:10401000DFDB401C1C28DADB4FF4446203492046F6
:10402000FCF7FFF800BFAAE70000000060090020CD
:1040300030B50446002504E04FF47A7000F004F82F
:104040006D1CA542F8D330BD70B5034600224FF079
:10405000E02675690D4E366803FB06F44FF0E02646
:10406000B16910E04FF0E026B06988420BD0884279
:1040700002D20E1A324402E02E1A0E443244014695
:10408000A24200D300E0EDE700BF70BD6800001061
:104090001CB54FF478403149088031A01021CDE99A
:1040A000001031484388028800210A20FDF790FF64
:1040B0002EA01021CDE900102B494B880A880988D1
:1040C000373988B21921FDF783FF1F200090264859
:1040D00043884088103881B28B227820FDF734FE67
:1040E0004FF478400090204843884088103881B2CF
:1040F0009F228C20FDF728FE4FF61F0000901A48E3
:1041000043884088103881B2B322A020FDF71CFEFE
:104110004FF4FC600090144843884088103881B206
:10412000C722B420FDF710FE47F6FF7000900E483E
:1041300043884088103881B2DB22C820FDF704FE96
:104140004FF6E0700090084843884088103881B2EC
:10415000EF22DC20FDF7F8FD1CBD00000E00001072
:10416000436861723A20000012000010434C454140
:1041700052000000F0B504460D4616464FF0FF30E1
:1041800019E04FF0FF3113E062182B18002A0EDB04
:10419000542A0CDA002B0ADB542B08DA0127C3EB74
:1041A000C30C0CEB4C0C02EB8C0C06F80C70491C8D
:1041B0000129E9DD401C0128E3DDF0BD00BF054A0F
:1041C000126802F04002002AF9D0C2B2014B5A60D4
:1041D00070470000001001401CB50020064908800F
:1041E00006A01021CDE900100948438802880A2161
:1041F0000846FDF7EDFE1CBD0E000010546F756300
:1042000068205465737420454D4E49535400000096
:104210001200001088B04FF01F090024A046FCF7E0
:104220000BFC072302224FF4A8710820FDF79AFF28
:10423000A820FDF78DFF4FF4E130FFF743FCFDF7B9
:1042400013FFFEF761F8FDF7E9FBFEF721FFFFF72B
:10425000C3FF4FF4FA60FFF7EBFE4FF6FF70FDF778
:1042600069FCFFF715FF1FE10020FDF713FC07466F
:10427000012F09D1FEF7FAF94FF6FF70FDF75AFC4E
:10428000FFF706FF0024A0460020FFF7B5F800283E
:104290007ED086488589068C052D40DB052EFCDB0B
:1042A00083480088401FA84239DD81484088401F6C
:1042B000B042F9DDB8F1030F16DD002C14DD40F239
:1042C0005720844210DA601E7A4931F820004FF6F8
:1042D000FF71884208D00846764921F8240001EB96
:1042E00084014880601C84B24FF000087048008848
:1042F0003C38A84214DA3C2E12DA4FF6FF700090D8
:104300006B484088401E83B269480088401E82B2D4
:1043100000210846FDF718FDFFF7BAFE00245CE017
:10432000634840881238B04221DA61484088B04280
:104330001DDDDC2D02DD4FF6E0794EE0C82D02DDFB
:1043400047F6FF7949E0B42D02DD4FF4FC6944E003
:10435000A02D02DD4FF61F093FE08C2D02DD4FF44A
:1043600078493AE0782D38DD4FF01F0935E006F145
:10437000020C1FFA8CF305F1020C1FFA8CF2A6F165
:10438000010C1FFA8CF1A5F1010C1FFA8CF000E072
:1043900027E0CDF80090FDF7D7FCB4F5167F1CDAC6
:1043A0009CB1601E434931F820004FF6FF718842EE
:1043B0000BD0601E3F4931F82000A84205D1601E95
:1043C00001EB80004088B04207D03A4820F82450E2
:1043D00000EB84004680601C84B20220FFF728FEB8
:1043E00062E008F101001FFA80F80A20FFF720FEC2
:1043F000B8F1500F58D1012C56DD2F4A21462D48D7
:1044000000F07CF8FCF706FB06462B4800F0EAF9C2
:104410000546FCF7FFFA8246002D43DB2F2D41DADB
:104420002648405D8DF81C0000208DF81D00AAEB89
:1044300006039DF81C20294621A0FFF761FB4FF6DB
:10444000FF7010236E22002100904A20FDF77CFCB3
:104450004FF478402649088007A81021CDE90010C4
:1044600013484388028800214A20FDF7B1FDAAEBDA
:10447000060220A102A8FFF753FB4FF6FF7024238A
:104480007822142100900A20FDF75EFC02A810217A
:10449000CDE9001006484388028814210A20FDF760
:1044A00097FD00BF002400BFDEE600001C000010E6
:1044B0001200001000000020704D012088E2020868
:1044C00050726564696374656420696E6465783AE6
:1044D0002025642C20436861723A2025632C2054E7
:1044E000696D653A20256C756D730D0A000000003A
:1044F0000E000010256C756D730000002DE9F74F5C
:104500002DED068B8CB0044689464FF44461149817
:10451000FBF7A0FEB9F1000F04D10CB0BDEC068B87
:10452000BDE8FE8F4FF6FF700B9000200A904FF60B
:10453000FF70099000200890079000BF31E034F828
:1045400020104FF6FF72914200D128E034F820206D
:104550000B998A4202DA34F820100B9134F82020AB
:104560000A998A4202DD34F820100A9104EB800196
:104570004A8809998A4203DA04EB80014988099143
:1045800004EB80014A8808998A4203DD04EB80012C
:10459000498808910799491C89B2079100BF411CBD
:1045A00088B24845CBDB079800B9B6E7DDE90A01D8
:1045B000401A00EE100AF8EEC08ADDE90801401A40
:1045C00000EE100AB8EEC09AF4EEC98AF1EE10FAC5
:1045D00002DDB0EE680A01E0B0EE490AF0EE409A62
:1045E000F5EEC09AF1EE10FA03D1B7EE000AF0EE44
:1045F000409A9FED790A80EE298A68EE880AB0EE2B
:10460000001A80EE810ADFED750A30EEC0AA69EE6D
:10461000080AB0EE001A80EE810ADFED700A70EE33
:10462000C0AA41F690316E48FBF714FE4FF0FF37F9
:10463000384606904FF000088EE034F828004FF618
:10464000FF71884202D14FF0FF3781E034F8281023
:104650000B98081A00EE100AF8EEC00AB0EE4A0AEB
:1046600000EE880ABDEEC00A10EE105A04EB880076
:1046700041880998081A00EE100AF8EEC00AB0EE58
:104680006A0A00EE880ABDEEC00A10EE106A002D1C
:1046900000DA0025532D00DD5325002E00DA002618
:1046A000532E00DD5326781C002849D0E81B002833
:1046B00001DB014600E041420591AF4201DA0120F1
:1046C00001E04FF0FF3004900699701A002801DBDA
:1046D000014600E04142494203910698B04201DAA6
:1046E000012001E04FF0FF3002900399059800EBA4
:1046F000010A0097DDF818B01FE0394A59460098C2
:10470000FFF738FD0098A84202D1B34500D115E06B
:104710004FEA4A00019003990198884205DB03980B
:1047200082440499009808440090059901988842B1
:1047300003DC0598824402988344DEE700BF04E06E
:10474000274A31462846FFF715FD2F46069600BF3B
:1047500008F101001FFA80F8C845FFF66EAF00208F
:1047600033E000212EE00022002317E0002512E0B4
:1047700001EB41062E4400EB400C9C44CCEBCC0CEE
:104780000CEB4C0C06EB8C06DFF854C01CF80660F2
:1047900006B1521C6D1C032DEADB5B1C032BE5DB11
:1047A00000EE102AB8EEC00AF2EE020A80EE201ADD
:1047B000C0EBC00301EB8305149B03EB850383ED82
:1047C000001A491C1C29CEDB401C1C28C9DB14988C
:1047D000FFF78EFB00BFA0E60000704200002842F9
:1047E000A01500202DE9F0430646002052E00021EC
:1047F0004DE0002248E0C94B03EB800393ED001A23
:10480000B0EE410A002322E000241DE0151901EB5F
:10481000030CCCEBCC0C05EB8C0506EB8505D5ED3C
:10482000001A00EBC00503EB430C65442544DFF898
:10483000F0C20CEB850595ED002AB0EE401A01EEB2
:10484000821AB0EE410A641C032CDFDB5B1C032BD5
:10485000DADBB5EEC00AF1EE10FA02DDB0EE401A76
:1048600001E09FEDB01A1A2343431A24634301EB7E
:10487000810404EBC10403EB44031344AA4C04EB8E
:10488000830383ED001A521C1A2AB4DB491C1A292F
:10489000AFDB401C1028AADB00224BE0002046E0E2
:1048A000002141E09FEDA11AB0EE410A002325E06E
:1048B000002420E01A2555434FF01A0C05FB0CF597
:1048C00003EB400C0CEB8C0808EBCC0C05EB4C0517
:1048D00004EB410C6544DFF850C20CEB8505D5EDC7
:1048E000001AB0EE611AB4EEC01AF1EE10FA01DD52
:1048F000B0EE410A641C022CDCDB5B1C022BD7DB14
:1049000002EB820303EBC20303EB830404EBC30358
:1049100000EB800404EBC00423440B44844C04EB00
:10492000830383ED000A491C0D29BBDB401C0D28C5
:10493000B6DB521C102AB1DB00206CE0002167E0DE
:10494000002262E07B4B03EB800393ED001AB0EE94
:10495000410A002339E0002434E000252FE003EB76
:10496000830C0CEBC30C0CEB8C0808EBCC0C01EBB0
:10497000040808EB880909EBC808C44402EB0508E1
:10498000C444DFF8AC8108EB8C0CDCED001A4FEA74
:10499000001C0CEBCC0C03EBC308C44404EB440830
:1049A000C444AC44DFF8908108EB8C0C9CED002AE9
:1049B000B0EE401A01EE821AB0EE410A6D1C032DD2
:1049C000CDDB641C032CC8DB5B1C102BC3DBB5EEFA
:1049D000C00AF1EE10FA02DDB0EE401A01E09FEDE0
:1049E000511A00EB400303EBC00303EB430404EB59
:1049F000C30301EB410404EBC104234413444F4CB3
:104A000004EB830383ED001A521C0B2A9ADB491C2A
:104A10000B2995DB401C202890DB002246E000207B
:104A200041E000213CE09FED411AB0EE410A002335
:104A300026E0002421E002EB420505EBC20505EB70
:104A4000450C0CEBC50503EB400C0CEB4C0808EBDC
:104A5000CC0C654404EB410C6544DFF8E0C00CEB82
:104A60008505D5ED001AB0EE611AB4EEC01AF1EE6C
:104A700010FA01DDB0EE410A641C022CDBDB5B1C8A
:104A8000022BD6DB02EB820303EB830300EB8004F3
:104A900023440B442A4C04EB830383ED000A491C96
:104AA0000529C0DB401C0528BBDB521C202AB6DBD5
:104AB0000027DFED1E0A00202AE0224901EB8001D9
:104AC00091ED001AB0EE410A002115E01C4A02EBFC
:104AD0008102D2ED001AC1EB011202EB4112024435
:104AE000194B03EB820292ED002AB0EE401A01EE60
:104AF000821AB0EE410A491CB1F5487FE6DBB4EEFC
:104B0000E00AF1EE10FA02DDF0EE400A0746401C22
:104B10002F28D2DB3846BDE8F08300008C4D00081A
:104B20004C4B00080000000030310020EC78ADE074
:104B3000B0160120CC950008CC4D000830DA0020DA
:104B4000F0400120CCE102084C9600089CC4A0BDB6
:104B5000CF66C53E944CCE3E40DFB63D47E40BBF2A
:104B60000EA2F5BEC939313E2D948C3E732D7A3E8E
:104B7000B7B4DA3D2098233E67D6FA3E90A2EE3DC8
:104B80008AE3883EFD4BB2BDE833D03ECD92A03DD6
:104B90006937A23E53AFB33E6FD545BE09C6893EC5
:104BA000D7BF1B3EA16802BF7CD41FBEEB6E9E3EEA
:104BB0003C83163E00ABA33DF38EA33EF88ACE3D68
:104BC000AA7CCF3B2DEA0B3F2BDE483C1ABF503E60
:104BD00097FDCA3EB0594E3E88F46B3E344B923E30
:104BE000613837BE61A97EBEA35CBA3E3F1B893ED9
:104BF000BEC117BD71AF6CBE84BCBEBE6EC2193FD4
:104C0000E0BA4A3F59DB643FACA821BFE4F5103F4E
:104C1000191CA53D69A8B7BF8AC7BDBE98859CBFB2
:104C2000A7051FBFC1E43A3FEDEF4C3F5913573F73
:104C30006877C83C041DCDBDAED98ABD01DE66BF14
:104C40005C3B09BFF12A5BBFFE43FABC787F943E10
:104C5000AF0A883FFF756EBEC45B87BEF0DCB33E13
:104C6000CDC9BBBE704295BF65DE3A3E12D937BE94
:104C70009FE941BF6B8278BF7A35E03DEDBAD73D01
:104C800000C891BED47E1F3FC03E023F23BA633F9F
:104C90001AC0FB3DBC22983D5DF91C3F7F6C0ABFEA
:104CA00029B351BEF5681A3FC79D22BFCFF58DBE0F
:104CB000BE9F063F8C846ABF2FC0D6BE4CE1813EAA
:104CC000446C60BF2654B8BE2122693F1AC31CBD84
:104CD000F64592BE1651633F309FC43EB8CE6F3E3C
:104CE0002A00E6BDECDEB2BEE71D673E5AF579BE8E
:104CF00065FB103DF566543B3A950C3F9431AABFD5
:104D00005376FABE85D2233F392766BEFF08E33DBE
:104D10000552563F912A8A3EA245263FDCD9D7BD8F
:104D2000554BFABD55A357BE27DA15BE4B78323E18
:104D3000412C3B3E4297703E1B13123ED6C638BEF6
:104D4000234BCEBE52D4013F3FA788BE01A224BF51
:104D50002BBE5D3F58E407BE50FC50BF67452C3F5B
:104D60002639703E3542C7BEBDC305BF0CE534BE13
:104D700039D1CE3DBE17EFBE1AA2D2BE6EDC92BEB6
:104D800054E3A5BC438F80BE029D09BF718D4FBB0C
:104D9000E36FFB3C94FA32BBDA032DB91E1B01BB57
:104DA000CFBB613E747CB43A87F9F2BB4A96933A22
:104DB000F818ACBAF83592BB5DA3E5BA6F9F05BE93
:104DC0008D0C623ECDAC253972FA623F0D89FB3CF9
:104DD000595143BE98F64DBCF033AE3C904C17BED3
:104DE00068E6C9BD1F852B3E917E7B3D0665DA3D99
:104DF0008D9A2FBC46B47DBEB5FAEA3CEDF22DBDCE
:104E0000E9D756BE2732B3BD9143443CAAF3A8BBB1
:104E10000E2D723D7634CE3DD4481BBE5F95AB3D22
:104E2000B58A7E3BDE710ABCDA72AEBCB1FB8E3C49
:104E3000F698E83D7EA7E93DDAC78ABC113501BE88
:104E40007F4CEB3C745D783D37DF08BC50FE0EBEF6
:104E5000E2E8EABD3E26D2BCA8A905BE6326F13D24
:104E6000338BB0BD1FA2013EDFDD0A3D6B4A723DB0
:104E70004B9287BD61E1A43DAEEFC3BC73DBBEBC0A
:104E8000263940BE4B3AFABED907B1BEE1CE053C49
:104E9000EAB363BE59A5B4BDDB34B63C81CE443E13
:104EA0001A173E3ED3DA44BE26A61BBEB2670FBE1B
:104EB000DFDF80BEC5AC8FBEF0BECABDFB5CC5BE29
:104EC0009F7121BD67EF3CBE3695C53DF52EDE3D99
:104ED00086CA973E1AA4703EB85CBD3DAE7EEC3DDE
:104EE00067ED763D2637EA3D5DFA17BDEE7AE9BCFF
:104EF00077BA73BD9963293E718F15BE87FD9EBD3C
:104F0000D00C223D43588DBCA38F793D39F0EA3D4A
:104F100005A3923B6E4EA53C89B5783E79EB7C3D6E
:104F2000B935C93D6BBA5E3E467B3C3CBE2FCE3D9B
:104F3000C83FB33C4F58A23D0BCFFBBEF5496E3E78
:104F4000B5338C3E643EB8BE1CD0223ED2A6A23EF3
:104F5000A7B3B33DFCC23B3E67D5073EC901FBBDCD
:104F60000C237D3D52B9C93D15553F3C7DB222BD54
:104F70007159A53D08C8173E38BAAA3DF54AD9BDB2
:104F80001459DBBE86C9B4BDBFB62E3E687685BE59
:104F90009221073D1AA2923EA40011BDDF6B983EFC
:104FA0006D597EBDD6FFF9BD60C955BE192021BE21
:104FB000D0B60ABEC1730FBE1007893D81CFAFBD09
:104FC0000B7F36BE6D00463E882C523EAA285EBD41
:104FD000B4E8BD3D734BEB3EDF6A1D3BCB83AC3E7B
:104FE000C0AF093F20F0C0BD5D8B36BE65894E3C29
:104FF00037A752BEBBD197BE05F979BEE753A7BD0F
:10500000910EEFBD28B983BE943219BE5320B33C34
:105010007923D33D6EBE813E6E3400BC600643BE34
:105020001D71483C68EB503E1CD218BE8B8C8EBC68
:10503000611BB1BD38DBFCBDCD599FBB734B8BBD34
:1050400072872DBE28D2FDBCA5BC16BD8D4167BEA2
:1050500084B717BE6C930ABCE4D6A43DB248F33DB6
:10506000EE40FD3D4B046ABDEB8FD03D1D8E963E5C
:105070002B132EBE6075E4BD933700BD323C76BC69
:10508000AC01CA3D60B09BBC72F90FBE0090133DED
:10509000685D333EB77AB6BEB403CEBD7748713D86
:1050A000CD780B3E874D543E96ED433D7F87A2BAA7
:1050B0005C213C3E2217843EE23C0CBE3354C53C8E
:1050C0007027B1BDF18092BE6A33C6BEDE3EAB3BF7
:1050D00067B66BBE842C0FBFEE21613C15E39CBD0F
:1050E000EBAA20BE774B223EF2B6923E6B0F833E78
:1050F00028EEB8BD1CB241BD7809CEBDEA7781BDAE
:1051000085D031BEF818AC3A41F2CEBC662D353EA2
:105110000CAED13E24473A3D1536333E0B9B913EB3
:10512000E355563E1A35DF3C6AF6303E302A29BD3B
:1051300042ED8F3E5A68873EC93C723C1EFD9FBEC1
:105140004DA1BB3E79B1A83E213F9BBC685E0EBE1F
:1051500034DA2ABC05500C3B56F2513ECBBCB5BDEF
:105160002DD06E3C1975CD3DEAB4AE3D331803BE6B
:105170002E1C383EC2A6AEBDB2D565BD35B51C3EAF
:1051800065FE11BD22C530BEA8718F3D575CFC3D48
:1051900076374FBE539621BDB0E7CBBDB3F0F53C9B
:1051A00039B7493EBEA0A5BD45D65ABD0CCE403E3E
:1051B00025CF053ED99300BED1E723BDC90266BD08
:1051C000D97A86BA643AB43DC5C7873D8D9613BE79
:1051D000A3ADAABD9A051A3E1B0D00BE2940543D41
:1051E0008B6C27BDE8D9ACBC831888BD98184BBB25
:1051F00004E8F7BC931A5A3D4B1F3A3B2B353BBD95
:105200004BAC8C3DF4C3E8BD4EEC613D2882F03ED2
:10521000D3A1273F56D6B63DD3861F3F2979713F8C
:105220004773CC3E41110B3FFFE9BEBED2C8EFBE73
:105230000308EFBE371AF0BE3E5999BEB647FFBE0F
:10524000C7F20EBF0BD161BE21B14DBE0ABF943D66
:105250008EB0283DEB01933EB96F953D6F4B14BE68
:10526000BDC222BE2CB80F3EDEC6863D158B8FBE5A
:1052700034D7893D4CE2AC3D0B7CC53D64B2183E51
:10528000DDED7ABDD6E4E9BD9F58A7BBF96445BA08
:105290009BAFC2BED1768C3D7FDE143D776A3E3E29
:1052A000E63DAE3D011764BD5A8337BD7860103EC0
:1052B00022356D3DE546B1BDBB45203D185B88BC40
:1052C000CA6F51BCA3920A3E1B627CBDD02607BDAB
:1052D00039D3243E266DAA3C679CCEBE043A933C4B
:1052E0001F2CA3BD4C6E143D5CC93E3E3F71403D3A
:1052F0006AA4453E07404C3ED8BA54BD2A3A72BE15
:1053000053CD843EEE96E4B8FCFFF8BDF5BB883E75
:10531000EF8FD7BDAE2A8BBE98C1083E4034733B99
:105320006A2E37BE0611293CCCB5683EB076143FD4
:10533000732CEFBD424294BD0A1085BD88F310BEA8
:10534000487003BEEE5E6E3E210123BDFEB4F13D0A
:10535000751EE53EBD3AC73818B420BED34CF73DA4
:10536000772C363DFB3BFBBD27C1B33E7041A6BE4B
:10537000ED99E5BD1404973E4277E1BEC32D53BFBE
:10538000B16A503D8AAB22BF5182DEBE03ED2ABF17
:1053900077F4BFBB3389DA3D802D9F3E32C9E83DAB
:1053A000C078063DDCBA2B3ED237A93DE9814FBD1E
:1053B0005308E4BBA3B136BD709ABE3DE73A7D3ECB
:1053C000B03A323E88631DBE0C3AE13D1B9FD93E88
:1053D000F9305BBEECDADEBD4B06C03DC90391BCC3
:1053E0003DD7173E08E7133E85EE923C57EA59BD7C
:1053F000118E993DDECC28BD779DD5BE78F269BD72
:105400003CF974BB5D6BEF3D58A9A03C8B6CE7BCCD
:105410000E9F74BE89EB483E48C058BE5AB82CBD9A
:10542000922202BE215BA6BE35D0BCBDB64CA6BD45
:10543000122E04BE484F31BE12D80CBE2F338CBD85
:10544000790196BD184424BD7D4090BEFD2D31BE2E
:10545000CDABC23E0AD8CE3DB9C2BBBCD0B6CA3E67
:105460003EB2993E0743CD3EABEAEDBE1D03C2BE40
:10547000691DC5BE2E2024BF8EAEBABEC1C58ABE70
:105480001712C0BEF162A9BE363A87BD5796E83DF5
:105490009BE64D3E5AD467BD3DD1053E9B702FBD66
:1054A00037FE04BE7CB9B7BEF3AD6FBED09ABFBDA8
:1054B0004E7C953DD00ACC3D6C7AD0BC06F5CD3DF6
:1054C0007061DD3AE564E2BB4302AEBEE76EF7BD54
:1054D000A185843DE5EF5E3C03249A3D42B2E0BDE8
:1054E0007024D0BB925C0E3E35D2A2BE2349E8BEEA
:1054F0000C956FBEEE430EBECCB6933D69510F3E88
:105500005A29E4BD0D36F53DD845013EB66405BEC9
:1055100062F709BFA1868FBE867478BD65E0803CC6
:10552000DA55083DCDCA36BEBC23633DC7F52FBD55
:10553000A1BE85BE5281BBBE3D822BBE81CEACBE1C
:10554000C2F7DE3D67D3113D67ED9E3E3C6CE2BD88
:10555000D5E8D53AE5D5993EBF2AF7BD04E2BD3E70
:1055600064059F3E7DB01CBE05FB2FBC5C729CBDDC
:105570004DD9693CC1A8243C5E2BA13CB458CA3E1D
:10558000EDEFCC3E0BF05D3DB1329ABCBC78DF3D17
:10559000174983BE0CCE803D9DF5A93C005326BE25
:1055A000AE2A4B3ECD58B4BD76A6F0BE3AADDB393F
:1055B000295D3ABE47E788BFD61AA2BEC138B0BE41
:1055C000551364BFDE558F3E4D2EFE3E9C6E393E18
:1055D0009C89E93D4F5A383DD04428BE8A3D243E3F
:1055E000ACC52739C4EAB7BEFF5E8ABD506D90BE18
:1055F000CD5A6ABE137E693EC85EC73E7E02A83D94
:10560000BE69FA3CF29811BEA032BEBD6284D0BE23
:10561000D9247FBEDD60283E012FD33D5ABDC33D56
:105620004F1F013DAD4F393E2D5F57BD7E3923BE23
:1056300078D0A4BE38DC67BE35286ABED28C853EE1
:10564000878B6C3EB9E262BD3D9894BC7498AF3CC8
:10565000226E6EBEEDD408BFD3696DBEEA58CD3E52
:105660006493FCBA06BE62BDC7D73EBE8DB8C0BD4E
:1056700097A9C9BC589101BE7711E6BDE9B8FABD3A
:105680000937B9BD72C1393E24D3A13DA9BC0D3F34
:105690002B51B6BDDECCE8BDAD4D633E074181BFA9
:1056A0000DA601BF7CD3D4BE23F51E3DD53F083DDA
:1056B0003AB187BCD80FF1BD4E5F4FBC89D404BE50
:1056C0001C954B3EC89A91BDB3252BBD2233573E46
:1056D000B08D083E4BAE823DF9F5A3BD92921EBD42
:1056E00089B48DBC1494A2BDA20E6BBD47ADD03D54
:1056F00022A559BBB5873DBBE78D93BC06A021BE53
:10570000CB64B8BDA41860BD12D9C7BD662F9BBDC0
:10571000CC44113DB4CB273E836BEEBB1EFA6E3DED
:105720001E701D3D902FA1BD79E7D0BC7C44CC3CC0
:10573000AC1CFABD4182123E69AD183E2D27A1BBBB
:10574000CFA2B7BD417D4B3BF48B52BDE17D153DF2
:1057500047AC25BEAE8228BE622E293D11C8453E0B
:10576000CB66AE3D4641B03D541E7D3E7AE0833D62
:10577000378B473ED6AD1EBD45D9BBBD47ADB03D0D
:10578000F244D03D28BBF1BE16311CBF193B013E8F
:1057900094C210BF005895BE4299763ED95B6A3ECE
:1057A000D926053ED524283FA018F13ECE4F31BE64
:1057B0004D9F093FD6C919BD5D32EEBE1FBF373CB4
:1057C00040C30BBEC5E4A5BE111BCCBDDFC0243E4B
:1057D0000E312E3E5EF7D63C643D753DA8E0303D6F
:1057E000C6A69DBED50499BED7868A3D66BB1E3F20
:1057F0001651A33E28D54EBEF9A23D3DA9A40EBE2A
:105800008A92C8BE4BC9723DE6EA0FBFA4A6EDBEA0
:10581000EB1B28BEC11B92BD4831203E537BB1BD5E
:10582000986CBC3D7D76C03D4608AFBD6F2FE9BC8E
:1058300049D5263EF260CBBDCE1CD2BDD999B2BEB1
:105840007159B5BEB28495BE7B86B03D1CD16D3E0C
:1058500081B3643EBBD6363F1F68053E5820FA3CF4
:105860000E30F33CA33B88BC105C853D919CAC3D65
:1058700097C990BD0A67B7BC601F4D3EB3CFA33D2B
:10588000887FD8BB2BBDF6BD7D7896BB09A9BBBD73
:1058900010E7213D7766923E57CFA13EEEB3DA3E48
:1058A000E57BC63CE1EFD7BD15AB66BE4628B63CEE
:1058B00094DD4C3BA323B93C1F6A0BBE1D56B83C7C
:1058C000F25B743D62F389BE3D2A2EBEF1D6D93D0E
:1058D0007C0FAFBEBD3AC7BAD95EF33E18CFA0BDAC
:1058E000130EE53E5E4A0D3F42062ABF2CF56CBE04
:1058F000DFDE85BEE1EBD3BE3943E9BE0FD07DBE0E
:105900000FD6BFBE069F9EBE9A78AFBE420A0E3E1D
:10591000C631123E16C3353E1BDAE0BD89EED9BC56
:10592000F838D33B6EFAD33DD784743D7363FA3CA9
:1059300003995DBD1E6B063D2A73F33DFB5D68BE9A
:105940003A94A1BBA06E203CDE8FDBBC66C059BD83
:10595000FF41843DB58DBFBC26E5EE3DD34CF73D00
:10596000D82D9ABE8AE5963BDE8D053D02D57FBDDA
:105970005B7BDF3D698EAC3D9BCAC2BD3C83063C70
:10598000A113E23DDA908FBED97A863B191E7BBC0B
:10599000475A2ABECFDAADBD29CE51BDF46E8C3D3B
:1059A0002E910B3D0DC3E73DC2DCCEBD0ABF14BD39
:1059B0008812ED3D4511D2BC4FE61FBD3A1ED33DC6
:1059C0007C9998BE69C527BEFDA208BF8F1998BEF5
:1059D0000C9494BEB2494EBF158D35BEECF91ABE7B
:1059E0004D4E6DBB1A511A3D22E14B3EBC94823E96
:1059F0006688433E5166E33DBB46E3BE2AC51E3E74
:105A0000B98A55BED40FD2BE49D8373ED5B49B3ED5
:105A10009373B23EDBA3273EE411DCBBB1A5E73DA7
:105A2000E030513B637B2DBE4FB2953D8CDCBB3EDD
:105A3000B3B3803EBE842ABE73F5033E1C0B4ABE40
:105A40004546DFBE5E82E33E98BF423E15E03BBC6A
:105A5000280F0B3EC8403E3E1D75143E9EF092BC82
:105A600044A6DCBD4F21273E8FFDCC3DB53477BD2C
:105A7000793D983E74B42A3D5C3E923BC5E663BCDA
:105A800027BE4ABE3DB635BE7D94B13DFCC3763ED1
:105A90009C33C23D895FC93EAB5C283CFF05023D9B
:105AA000E410013E8290ECBD1AF93C3CA5BF17BD45
:105AB0004D85783D723788BBA839793D971F38BD31
:105AC000B8C9E83DA52EB9BDF1A194BE724F97BDEE
:105AD000062A23BDCE70833D5E84893D7671B33E38
:105AE00033FDB2BDD6ABC8BB38D790BD4B3E06BE6A
:105AF000F8DD74BEE754323D4221A2BD7DECEEBD1F
:105B0000E9D1D4BD0EF4D8BEE71B613E7C9A533E6A
:105B100004AC45BF2C6717BF39D1EE3D221734BF07
:105B2000096D59BF39D0C3BC4DDA54BEC4ED80BE37
:105B300050E128BE6B7DD1BD680671BE87523B3DEA
:105B40009701C7BDAD4C68BEF12FA2BE709527BDB1
:105B50005A9FB23DFBE5133D72C565BEBC76C9BD1B
:105B60000BF108BE1A4D8E3DEDF3383E6D74AE3D1F
:105B700048500CBE12848BBD5EF66BBD42AFBFBDFC
:105B8000E52B01BBA80183BD7901763C6133403C24
:105B90008D9C853C35CF01BE36AF6A3B7B32FFBA68
:105BA0006B6467BE6DE600BE50E2F3BD9CFC96BC24
:105BB000213E303D0AA1033C6D59DEBD1E3526BD98
:105BC000AB75E23B26A841BE4C89A4BD618CE8BD03
:105BD000A070F6BC0CE970BA8E7832BCD49850BD77
:105BE000116EF2BDBDFD393C58ACE13BEC1681BDF8
:105BF00096CD1CBD0C5BD3BD147A9DBDF915AB3D94
:105C0000EDB94CBD41B91DBEFF0798BD8081A03CD8
:105C10002E38C3BD910E4FBDB1E1A93D062DB43E56
:105C2000C9AB333E77A08EBEA9863DBD24D40C3DC2
:105C30007A7007BE36CE863DD047293EA5854B3DBE
:105C4000D95FB63E8578B43E0C3DE2BDE23A463DB2
:105C50006A4D733EB20F32BBAA0FC43DD8BA143D91
:105C60006E35EBBDDEAB56BDADDDB6BD397D1DBEBF
:105C70001B4AED3C96B20CBD5F46A1BE3350093EB7
:105C8000B132AA3E5DA58B3E4738853E7313013F76
:105C9000B3B714BEDE39943CCA8C37BD6A888ABD5E
:105CA0009F05E1BD056926BE3A0238BD8F334DBD63
:105CB0002E3CAF3C68EC4B3DA185043D1A3088BDBD
:105CC000B875973D401361BD58E4B7BD4E0DA43E75
:105CD0007D93363EF7CA1C3E029F0FBEF4354BBC87
:105CE000E3C6AD3CC0CCB7BD7F3216BE817AD3BD12
:105CF000DFE0AB3D4161203E083BC53DB6BDDDBDAB
:105D000068972FBDF2CFECBDFC8BA0BC48C0883D8E
:105D1000DB4C05BBBD6E813E50C5CD3D2B8AB73DEA
:105D20002E72CFBC55A101BD1C985C3D9203763DFF
:105D30006135163D8C4C403D6B2B763D44C3A23DF6
:105D4000B5541E3D6C40243EC4B55ABC280D753D6B
:105D50002D7899BE8E8FDEBE3ACDD2BEB08CA5BE58
:105D6000F84FC7BEE3C609BFF5D555BD2F88C83D5E
:105D700036930F3E9222D2BD7F2E1ABE904FC8BDE1
:105D800049F3C73C6F80993C90123BBD5D352FBEF7
:105D9000132AD8BD85EBB1BD952A11BDAE67483D2C
:105DA000276738BE4E46B53D0B26FE3DE9F1FB3C6C
:105DB000FEF053BE535D20BEA3E881BDB1FAA33D02
:105DC000FA61843DC0E92DBEEE93A3398F550A3D9B
:105DD000F59F353D0C5832BE9357E7BDA06D75BD9C
:105DE000E63B783D4012763CAC1B6FBD2008003E80
:105DF000C3495A3E484E163E11FF50BEF70158BEE9
:105E0000C55901BEB8E8643D39ECBE3CD93E14BE6C
:105E10002C9C643D740A723D1B110CBDFD2D51BEBE
:105E2000ED65DBBC42071DBD6935243ECAE0C83DB7
:105E30008750253DADBD4F3DC66CC93DA81DBE3D3B
:105E4000D2DF8BBD1C9AB2BD4EF1D8BD0E11A7BEDC
:105E5000E4DBF3BE9D49BBBEB1DB67BEDF8ABCBEDF
:105E600051A318BFFCC7623EEE77083E1FBD813DBF
:105E7000EC4B563E20EEAABDC93DDDBEA513893CC4
:105E800025B19CBE971CE7BEEF1BB7BEE17DD5BC1C
:105E900061C6543D3E961E3EB552E83D1C99473DB5
:105EA000BA4C4D3EB263AB3E1C96163E9B570D3F1F
:105EB00013F0BB3E3601063CD61C603E849DC23DBD
:105EC0006F2F69BD18B410B9AA9D213D1D76BF3D45
:105ED0004513D0BE083A82BEDC12793D5AF10D3D21
:105EE000DB180B3E5E9CF83C9E98153EB83D513E3B
:105EF00031D2CB3DD8B6A0BEBB7EA9BEE831CABD6B
:105F00004BCC13BE1AE16DBE9C8B2FBE9A77FCBDA5
:105F1000DA394D3D45BB5ABE6BF149BE25041BBE67
:105F20004DF31EBE658F903D925E543C24D236BD2B
:105F30004777D03DEA20CF3DCA341A3EFD6BF93D8C
:105F40009484E4BD58C751BE274B2DBE115673BE75
:105F50000C0421BE121186BE4F0461BEF35A99BED5
:105F6000787CFBBC7A36ABBB7D25903D302F003D65
:105F700048FC0A3D467D52BDB9718B3DF16863BB5B
:105F8000BC1F77BEDB85C6BEFC3604BD45BC553E96
:105F9000BEA336BE607564BCC47BD63E4963BC3EBE
:105FA0009753423EBC23CB3E840C543ECF85613E8A
:105FB00040DA3F3E809D0BBE02D3C9BD2C80293EF6
:105FC00040894F3E0CE9F03C4CC75CBDDFA78A3DE1
:105FD000A5125E3D9692E5BC9832B03D2B5176BC41
:105FE000C98F383DE29158BE56D4E0BC78D06C3CA5
:105FF000E10DA93D3196693D1BBD9ABC4548BD3DAB
:106000006AC2963D3A91E0BC363D78BEEF5711BE6C
:10601000B01CA1BDC4D1D53D07D1DABC9964643CA4
:106020000B96AA3DCDCD373DF5A2363D0EF99FBE6C
:106030008620E7BD992EC43C8D7BB33DA01A2F3D31
:106040008B894D3C2AA8083EF7EAE33C50C80EBDB8
:10605000C85D94BE17D778BB0CAE19BEB24C0F3ECC
:10606000062B0EBD182568BC7D5D063E4A95683D31
:106070001093F0BCA5121E3A2384C73C47CBC1BD88
:106080004852B2BD2FE065BDE73A2DBE164F0DBE9A
:1060900026E50EBE1F4D65BEDCD6B6BDAEB74DBD06
:1060A000ACFE183E7E8A53BE56474E3E950F21BE2B
:1060B0004AB51F3E50E2433E76371F3E1349B43E79
:1060C000AEF45A3DDC6414BDAB975F3D4E9DA7BD59
:1060D000C841A9BDA67C183EDEE30C3D724F57BDFA
:1060E0009BE5B23DB950F9BD927A2FBEE7C2803E22
:1060F000664B8E3EB6829E3E2F6AA73E6B9BD23E7B
:1061000031ED2BBE41EFDDBE2C9AEEBD29EDC5BEB3
:10611000AB074C3CEF57A1BDA08A9B3C95491D3E67
:10612000F1487C3DEF8EAC3D0B2A8A3D459F8F3C6C
:106130008786C53B7C0AA03DFD105B3DC03E3A3ED4
:10614000E1B23ABED3F6AFBD00012B3D8A5B453DBF
:10615000FBE6FEBC1363393E8046E9BB6825AD3DD6
:1061600027699E3DD733C43DFA4373BDF296AB3CDD
:106170007A1BFBBDD11E2FBD8331A2BC53CC013D88
:10618000DB8ADD3DC6DD20BDCDE483BE4206D2BD47
:1061900081EC35BDD6C52DBE4B1DE43C3107313EEB
:1061A00099479E3DB37B72BDE73A2DBEDD4257BD98
:1061B000AFEC023C64208F3D8B6BFCBCFA449EBB71
:1061C000919B213ED635DABCFAECB0BE04ABD2BE10
:1061D000BE4F25BE88D729BFCCB74EBFD3F9D8BE96
:1061E0001C99AFBEFB051B3E6248AEBDDC82E5BD1F
:1061F00037514BBD594CACBD7172BFBDEA59F03D32
:1062000066BD183D0EA370BEB1F88DBE65E48C3D31
:10621000C218D13D6B663D3EC0ED81BE04E3603DDA
:10622000F60C013E7B15B1BE4AD2FDBE6211CBBE5B
:1062300050A611BDD09B0A3E3FC96D3E8B1961BE71
:10624000D193F23D1A51FA3D74B5E5BE4EB78CBEFE
:10625000975362BE3351E4BD9085E83D32C89D3D01
:106260002C48D3BE86E4243D27663D3D4E26BEBE67
:106270004968D3BE9CF98DBE560D72BECFF83E3D27
:10628000823A753EAF05EDBE1476713E917B3A3C85
:1062900058CB3DBF3C138ABEECFB80BEABD0E0BD0B
:1062A000E02C053E88D7353E309D26BE1D73DE3D71
:1062B000FB3E1CBD766C10BF87DF4DBDA10F46BEF7
:1062C00070B5AEBD11AA54BCCC2A4C3E96E9AFBE07
:1062D0002461DF3B5C74723EA43700BF22AA70BD0C
:1062E00033F9AE3EEFAEF3BDE9288FBE00E2AEBBA0
:1062F000EB564FBE43CB3ABE5918023E8369B83DB8
:1063000007B1173F71AA2D3FD78AB6BC84628BBDF7
:106310004548DD3C1F4AB4BB884938BD067F9FBD58
:1063200009FA3B3E74EE363E86C673BEAEB65EBF1D
:106330003EED00BFCC7EBD3DCD053EBFD53D52BE3E
:10634000BBD01C3DF4F9083E4276023F9277263FCF
:1063500054C78A3D2EAD163E444D343EDE1E0439F0
:10636000FA46B43D319493BCBED9E6BDF2429ABD23
:106370005E85C4BE4C8D203E376D163E2DCEC03E90
:10638000917D983E3EE72E3D68CBD93D9F2257BE7A
:10639000E10C8EBE8787D8BE6808473B86AE743E48
:1063A0009775873E635E07BE6325863D6684B73C6E
:1063B000349E08BFAEF525BE4ED1A9BE6EF7F23DA4
:1063C000F086343D60E48D3E7097FD3D736891BD6D
:1063D000E8C1FD3D17BC90BEDC11B6BE268D99BE4E
:1063E0008C6750BE1749BBBDCC09DABB94894BBE44
:1063F000543802BE47741FBE702626BD53CC01BD63
:106400009BE823BE2524F23E802B2D3F91D3273ECF
:106410007D789E3E1C7EAF3E789A0C3DBCEA11BE54
:1064200054362CBFB30865BF091B9E3C00CA1FBE73
:1064300049D5B6BD6D024C3EE484E9BDB938AABD6C
:106440001D3A4D3E6E861B3EDBF93E3E62A2013E8A
:1064500001857A3D797368BEA96A023B1101873BC9
:10646000ECA43E3C689218BD1F4793BD73A0073D46
:106470005A0F0F3E6265B43D92CB4FBEE21D103EF7
:106480004790CABC0A86D3BDEDD3D13D54C469BB85
:10649000D34DC23DFCAA5C3D9AD0A43CE7C3F3BDFA
:1064A000153A6F3DE0649BBCC4B5DABDDFA61F3E64
:1064B00095497DBE5DFA973C96977C3C5DE2083E2F
:1064C0007903ECBD6FF2FB3DC713013DFB5CCDBD15
:1064D0005EF7663E5FEE23BE5516A5BDA94FF2BC22
:1064E0001C0849BCA98748BE8258D63DF22233BE5B
:1064F00099848BBD221A5D3DB091C4BDC1CAC1BD96
:10650000FE617B3E2384C7BCABEC833E35B52C3E9D
:10651000B9886F3ED995AE3E2255BC3ED2C7A43E47
:106520007DB1F73C63B684BDE48203BEE3C146BEE1
:10653000709A0EBE3FA84BBDECA3933D4302163E9E
:106540006B664D3EB6DA33BE5B5B98BD072637BE41
:10655000DEE609BF793F4EBEE3DD61BEF9BF93BE03
:10656000CD8F4FBE7F6886BEA45191BE198C31BEBF
:1065700049D691BE425BBEBE083E9EBE99F42BBF7B
:10658000D4812C3E49807ABFB472E7BE1536833C75
:10659000EF90823DFE28EA3C61DD00BF1AA636BBC3
:1065A000A6B87ABED00911BED34C87BE990E3DBEA7
:1065B0008CBC6C3D8DEEA0BDDFFC86BD80BBCCBD30
:1065C0005A63F03DC38035BE33C25B3ED05EDDBD55
:1065D000F4500B3E1BD5593E54C7AA3C51BC8A3DD2
:1065E00049F402BE3D10D93DF9D7F23B232C2ABD18
:1065F000B5C535BD5A102ABEDE714ABD87A842BD59
:10660000E60653BEC6A3E4BE3AE6DC3D919AF6BC6C
:1066100033DD0B3E17F3733DE370E63C0A2D7B3E02
:10662000524571BC7A1945BC16C2EABDAF3E9EBD4B
:10663000BFD685BD64B0E2BD3CBCE73A5725D1BDAD
:106640004050EEBDD68F4DBD9D46DA3CFB3C563EDC
:106650009F398BBDB9FFC8BBB43DDA3D3886403D9C
:10666000530503BEB82186BE72A649BDDA20D3BD4C
:10667000C5C7873D60E5B0BDF0DE41BE4705CE3CF5
:10668000C328C8BDA86DE3BDE78D933C00C653BECB
:10669000FF92F4BDFD2F07BEDFE211BEB133853C92
:1066A000518359BE44DEB2BD44A2D03D50FFB9BDB6
:1066B000FCDF11BD43E3093BFF096EBDC8449ABE30
:1066C000A227C5BDFD16ADBEC5720BBDF4DD4D3EA6
:1066D000BF479DBD51F636BE9A93D7BDE4DC16BECA
:1066E0002CF27BBE554CC5BDC34734BEEA2087BEE5
:1066F000B6F69E3D058882BD280D45BED060533D4F
:10670000EE0827BDCB47A2BE4D9E32BD006FD1BE65
:1067100040C03ABEEECC543E8A1F833D7495CEBD38
:106720009DF5193EFDD824BDE9B75FBE43911EBE5D
:10673000159105BFE63EF9BDB900043EEB74C03DBE
:106740005D352FBE4818063E8A903A3E5C1B5A3E85
:1067500068E7943DD8F1BFBED656CCBD2AC7843D6C
:106760008CF24CBC01FC133D282BAE3E5DFC2D3E53
:106770004969763EF301553FA913A03E7D0723BF2B
:10678000E92C533E5E4887BC5D878ABDF86D083DA5
:10679000E3C2E13D5FCE8CBE91F37EBD9E28893D74
:1067A000B7996ABE0A9D9F3ECAA7073E4D69E5BEDE
:1067B0003E0514BF61FC1CBF747D1F3D4FB1163FE9
:1067C000D009213E4B5906BCEE22943EB9C21B3E75
:1067D000AE4A62BD3C85BCBDD2510EBEFA633ABE24
:1067E000EEEB60BE3ACFE0BE3BFECB3D575E8A3E4D
:1067F000DCB8C53D2120DF3CFEB441BE215A2BBD93
:1068000090871EBEBC031CBEDCBC1DBFFD68C83E1D
:106810002AE5AD3EC2F98CBE082055BEE371B1BD7C
:1068200048FAB4BDFE4465BE0B46A5BD5726ACBEB6
:1068300010C910BC809DDB3DA1D9953DB1A79D3D00
:106840000ABDBEBD0B9800BECCB4ADBE394632BE4B
:106850004EB49BBE4FC9693E111C173EAEF5ADBE8E
:10686000AC55FBBD6D73A3BD28EF63BC323C36BE97
:106870008159C1BDB5FD8BBD6DCAB5BDC0081A3EFD
:10688000C0CD623C4D4E7D3E95D61F3D66D9D3BEF0
:10689000329027BFB8B0D6BE3277EDBDF564D6BE14
:1068A0007808A33E8751543FAA61BF3C0EF8FC3CD8
:1068B00069AD68BDF8C565BD57D0943DFD4C2D3E12
:1068C000EE96E4BBB189ECBDF836FD3C8E3DBB3D98
:1068D000465FC13D1B12773B7AE279BDDB3260BD7A
:1068E00061A417BDC24D163EC32E1A3E1AA6B63D70
:1068F00078B386BC8C862CBE4F92AEBD99F31CBE7D
:10690000FB02BABDDBDCD8BD32ADCDBD5DDD313BB8
:1069100024D000BE986A263DD80B45BD97E400BD43
:106920004C35B33CC3D5013DA9A3A3BD1A19243DE1
:10693000FFEA313D68580C3D8120C03D0E4F2FBD10
:1069400092951FBE8BA45D3CBC24AEBDD444DFBD7C
:10695000E2CA59BD03422BBE2A383CBE7503253E10
:1069600046B2473DD09934BC72C1593D637F093E60
:1069700039D6A53D389E4F3D145FEDBC30BBA73DD9
:10698000A0C2513E465E563EC079F13CEB1B80BE34
:10699000EE0952BDC8070D3ED0F1113ED2ABD93E33
:1069A000CB0ED13DA7CDD03ED39FB53EC158DFBB66
:1069B00079249EBE0A83D2BD1C9A023EC8ECCC3D0F
:1069C000BF477D3E8CF638BD4CDE603E10C9883E28
:1069D000B9370F3EDAACDABD4339B1BD25C9133E34
:1069E0002F31D63DE92BA83D261AA43CDA3767BEE5
:1069F000369284BCE4DA203E8314DC3D7FDE243E04
:106A0000992B03BCD3F77A3ED8F11F3D6954F83E69
:106A10009A5F4D3DBD6D86BD5AD5923C8BFED0BD73
:106A200022AA30BD25B184BD2C47883D261DE53AFC
:106A30006407D53DA9682C3C9B5888BE823C2BBE80
:106A4000DA8D9EBD9BC8CCBC522CB7BB5A65A63C08
:106A5000FF77C43C71AE813E9BAA3BBD680671BC0A
:106A6000A110413DC1C9363DE1D4A7BDB29D2F3D26
:106A7000CC996D3D8D2702BCAF411F3EE048903E52
:106A8000BBD1C7BDEEEB80BD730E5EBDF5D89E3E9B
:106A9000D331C73D66A2E83DBFF38BBBF0FAEC3DB6
:106AA000F0C1AB3D15A8853D56D6763DF04FA93CCB
:106AB0004640053E0437023EDB150A3EFAEF013D33
:106AC0006902853D990E3D3EB26579BC2A1B563B55
:106AD000F19CCDBD2F318EBECFD9E23D61AA19BD4B
:106AE000FE98B63D88D7353ED07DF1BEB4576FBE17
:106AF0006BBB69BE2C2A82BE41EF21BFFCA6A8BE9B
:106B0000EA5E57BE76A670BE412A9DBE10918ABE2F
:106B10007FC2D9BC69E52EBE15C7A1BD51A310BD6A
:106B2000711B9DBEB62E053E3909A5BDF110F6BEFE
:106B3000E2E519BE1C0603BE3AE862BEFC7010BA5C
:106B4000B4006DBD5B7B2FBE7731CDBB772E0C3C87
:106B5000639C87BE166A85BEF81CD8BD5036C5BD7D
:106B60009CC2CABC4B9267BC3886C0BD5C1D203E2F
:106B70001CCE7CBD8E91B4BED26D39BE64B10DBD4C
:106B8000950BF5BD87F9023E3FFF3D3D1DAB94BD22
:106B9000FEF0433E4CE2AC3A8319B3BE0683EBBD34
:106BA00080F3623C22358DBEDA8E693DA8C4753D06
:106BB000695450BE603A3D3EB91CAF3B350B64BED4
:106BC0003D61A9BDEE402DBE560C37BE2D5EECBD1D
:106BD0001F2C13BE6DE6903B09A4C43DE8164A3E47
:106BE00085B4B63E19730B3FF2EFB33EDD40813DF5
:106BF0006D20E53E7AFE743D61A96EBE4358013FAB
:106C00008449D13D3D64CABD7428A3BDFA27B83D6F
:106C10000664AF3C2FFD5B3E376CBBBD172E83BEB9
:106C20000BD3073E67D226BC072900BFFFCA223F0D
:106C3000583C3D3F2CF39E3EEECCBC3E73BC623EC6
:106C4000AAB95CBB50E0BD3EF2413FBEE61E22BF8A
:106C500086C74EBED38879BEC98F28BE68E6A9BD57
:106C60009FE3E33D50C6C8BEF9115F3E5C5922BCAC
:106C7000081D1CBFF33EEEBE477300BF0281F6BE87
:106C8000166B18BED49DE7BD29B1EBBEE564C23DCD
:106C9000E97C083E8AC9CBBEC2868FBEBC2208BE34
:106CA00089D349BE1D5638BDF277AF3D16DF60BEB1
:106CB0006A4B2D3E8926B0BDDF5286BE4C5324BEA2
:106CC0001BBCDFBE2106D2BE8EB0283CBE8806BEED
:106CD0005229A6BE083E86BC001A253DCD0605BF3A
:106CE000E204E6BD990FA8BDAAD3E1BD1155B8BD18
:106CF0006210B8BD1FBEACBD435978BCEA3D15BC9F
:106D0000C3676BBDFE9CB2BE9D4725BEC4EBFA3C7B
:106D1000C1ABE5BC5CC60DBE6D38DC3E99BC013E26
:106D200068CD0F3EEFC6523E5B9ADB3DBB430A3E49
:106D300062A3ACBC446A5A3C1844A43BD1E88E3CE4
:106D4000446C70BDEACA87BD0267293DFEEE5DBD99
:106D5000C19180BD40DDE03DDD61933D70D234BD29
:106D6000F46E6C3DBC3FBE3D787C9BBDB32355BCEF
:106D700099BB963C0C75B8BDBA82AD3D8C67D03DD1
:106D80002E733A3B48A904BC47E3903D60589EBD32
:106D9000A7246B3DD635FABDF41ABB3BB0E76B3D7B
:106DA000412AA53D9CC11FBD8317DD3D807E5F3C10
:106DB0004D66BC3C03EC233D50C58DBD978C63BD37
:106DC000FBCA83BCBEA21BBDDB16E5BD2A03873D03
:106DD000AC7221BD75CCF9BDF33D23BDA7B0B2BDEA
:106DE000BABCB93D6C06F83DB5364D3DB83E2C3DBC
:106DF0004435353E289D283E986BD1BB04CBD13D10
:106E000090A163BD7D929BBD8925DDBEE448F73E20
:106E100033897A3D091924BFAE9B063F91265EBD9A
:106E20002AA9F3BE276C87BE08778F3E75CD24BE96
:106E3000745C2D3E0B61053E76FA99BE700B263EC2
:106E400026FE28BEC55901BE0CB215BE88A1153D4F
:106E50006EF8853E3CDE24BDBF10423E93FC883E6A
:106E60009B00033D1CCDD13D890CC33E4513A83D7D
:106E7000321FF0BDDE1D29BEA911FA3D2F6EA3BD44
:106E8000A322CEBDC7F20EBE0D8C40BF8D5E6DBE7F
:106E90009DBC48BB083A5A3DC896653D98BE57BC54
:106EA0006A4F09BD0B43543E76FFD8BCD6AB483B76
:106EB000F775C03E8315C73DCC61773C9E9875BD84
:106EC0005115B33DD906EEB9682397BD295BA43DA2
:106ED00096B4E2BD53254A3EB98A45BC6E16AF3C16
:106EE000B709173EE1611A3D8DCF64BD5935C83DE4
:106EF0003B71B9BCA75A0BBD452AAC3DCF2E8F3E86
:106F000048328B3D39B32DBEDBC1983EC405203DD0
:106F1000D9CD0CBC9EB7993E906A283E86E2CE3D04
:106F20007F850CBDA0DC36BCF90F693C99F30C3EA3
:106F30002BA2263D342EDC3DC9FF643D01A5213C3A
:106F4000B631163E7FA47CBF27A019BFE108F2BD71
:106F500089D2AEBEFB921DBE1EA6DD3D21215A3E4A
:106F60009AD1DF3E7B842A3F43709CBE65C6A3BE98
:106F7000E50A8FBD0C8F45BFF29A3BBF4F3DC2BEA5
:106F8000886933BFA8E50FBF2FF759BE7896403EFA
:106F9000FE27DF3D23F94ABD4EB897BDF6EBAE3D67
:106FA000268F273EB18AD7BDC66C39BEA22898BEAF
:106FB000EFE29D3DB3286CBDA226FABD202897BD07
:106FC000F9F458BD259012BDD5B06FBEEAB45EBECF
:106FD000056F78BE9276833DE25A6D3DA0500FBD9D
:106FE0004E2804BD2993BA3DC79FC83DEE2658BE22
:106FF0002BA43CBE15FE1CBEB891923D8717143ED3
:107000000950133D99F1B6BB7828CA3D1EA93E3DF3
:10701000FE8077BE2E73FABD149462BE103FFF3D12
:10702000DFC0143EA9119A3D0437523DFA087C3C5A
:107030004F03A63DAE9BF2BD021037BD840C44BE8B
:1070400057E8DBBEFBB0D6BE293F99BE5C5952BEA5
:107050009C5339BE1283403C678156BE373540BED3
:107060001C0AA73E077B233E90BD9E3DC1E6FCBDAA
:10707000E528003EBEBED63CCCD20E3DE868D53CED
:10708000B62E653EF512E33ED883793E45BA7F3E83
:10709000C82423BD2177913C43E349BD22AB5BBDAE
:1070A0006FF0C53D7924DEBD62661FBDD159863EB5
:1070B000E700713E69FFC33E166DAE3DFDBDA43EC7
:1070C0002FDE2F3E0E2E1D3D84F59F3D485147BEBD
:1070D000527E923D7E730F3E7A7182BD27883ABC04
:1070E0007505DB3CD55B833CCA6BC53D2C8114BB6D
:1070F000467E4DBED31657BBAEB7CDBD4AD3A0BE5C
:107100000BB8A7BDC79EBDBCA0E1CDBC936EABBD07
:10711000ECA684BE40DA0FBF6B47113E2A1D0C3E21
:10712000B6123ABCA2444B3D90F8153D051ACC3D31
:10713000ACAC1DBEB324E0BD3A5AADBEE04D07BEB7
:107140000CC82EBE45A0C2BE9BCA92BE50DF12BE66
:10715000DDEFD0BCC899CEBEEAB4CEBEBFD798BED4
:107160007E74EABBE541FA3D10AD953C537B913C02
:1071700063D4753DD26DC93D9CE01B3DA3E96C3CD9
:107180004E46553E60C9D53DD11FDA3D802B193D95
:107190007382963D5FEB523D09331DBEE412473EBC
:1071A0007EE511BEFAB545BE4AD01FBDBBB461BA7B
:1071B000D76B3ABDE59D433DFF5CB4BCF644573CFC
:1071C000E2753D3EE6E7E63DA56ADB3D0C3E0DBDC2
:1071D0008FFE173C28F129BE8C2C993CD7670EBD39
:1071E000A94ADBBCE623493E787A25BC2CF4C13B96
:1071F000492EDFBDF12F02BDE6404FBEF9C0EE3D86
:107200004CC3B0BDEFCACEBD82904C3EF2CDB63D70
:10721000B08DB8BD2768F3BDA7B3133C558807BD33
:10722000B116DF3DDDE94E3DC555653D535A8F3EF4
:107230003DB7D03C8ECD4EBD3387C4BD161747BD7C
:1072400099B70ABEDDEB243DA62BD8BC2E02E3BCC9
:107250003290573EED465FBD39D5BABDC6A8ABBD2D
:10726000C21811BBE737CCBDD36B933D001E113D57
:10727000C5E6633D89D3193E1EA4A7BC04E4CB3DFB
:10728000FF0883BD7D08CA3D63B6BC3EB130C43C37
:107290008011FCBE2DB3F0BE4BE9493E2924D9BD77
:1072A0006B635CBE6798C2BE0C3B8CBE60AC8F3D0E
:1072B000C7BD55BF30D50CBE24468FBDB3F0F5BC5D
:1072C000B79B603DF2EF933EA8DF05BDDA907FBD2E
:1072D000573F76BE2B179ABE0C2127BDFD169D3D4C
:1072E0004CFCF1BD47E43B3DF626563E9CC4803D38
:1072F0008446B03CA356F83DE9994E3EB9A8163EE7
:107300002042043FA4FE0A3E6A16683E16F6443E3A
:10731000C7F6DABD7E7189BD87C3D2BE9C6ACDBD7A
:1073200037001BBDAF3E9EBD4F04713D3E424DBB7D
:107330003067763D2D7A273E963F2F3EA8C6B3BED6
:10734000A31E823DA0F91CBD8C2F3ABE6974C7BD37
:1073500034F6E5BD6B7F27BE404DCDBDA91566BD9A
:10736000B4AC6BBEDF8B6F3DE59CD83CA7B3D33D7F
:10737000C493DD3DA19D53BCF7CC12B947CB713E00
:107380005A29443E4E7DE0BD293E3E3E3BFD20BC99
:107390000A1346BDBF8294BD0C239DBD4C8A4FBECF
:1073A000CEE06F3D147A3D3D5CAE9EBDD253643D50
:1073B000371614BD8D6063BCF25BF43C9A0AF13C55
:1073C0001F86063EFF41C43D31B6A03E4968EB3EF4
:1073D000CE1BA7BE4E7C9DBE1231C5BD97E3953C2A
:1073E000E23FC5BE21030DBF20B41EBEC31079BE4F
:1073F00055301ABE7C2C6DBE8ECCE3BDF8F9EFBCC7
:1074000011FF68BFF4FD94BE8DEF0B3C5AD6DDBD75
:107410003C12AFBC8E790DBE22386E3D0C23BDBB35
:107420005019FF3B4DF32E3E4967603D3DD5013E6F
:10743000082075BD38D8BBBD92EB56BEF627B13DCE
:107440008D43FD3D3E066B3D2619093E669F073D77
:107450001B68BE3CEA243BBEEF9062BD5A2E2BBE99
:10746000AD6BB4BC1095E63DC21465BC3448613EBA
:10747000DCF1863D56F2F13D6CE951BE1A89B0BD92
:1074800068E83FBE17B9C73D56B9103E09FC613CDC
:10749000569D853E8E739B3D986C843E47934BBEB4
:1074A0006C9475BC77643CBE77DB453DE273A73DC9
:1074B0000EDDACBD2AFF0A3EEF8D313E4355AC3D9B
:1074C0000B7BFABDDFDCDFBCA66178BD4C368EBE1F
:1074D0001362D6BEAAB8F9BEC47B6EBE03088FBEC7
:1074E0005B5CDBBEC11B8A3E38DA053F82AB4C3E9B
:1074F0006153673CC8D0D13D8EAF7DBE815CE2BB9D
:107500000E164E3DBD8F233D899707BE36069D3D25
:10751000668582BE30D978BD9276233CDBDB4DBEDA
:1075200026A861BD0A30CC3DE965543D319AE53E5F
:1075300074B5053F1EFF653E0723263E35F1EE3D3F
:1075400039D2993CF792563EC7D6633E09FC613E5C
:10755000113787BE6EDC92BE1BB9D6BE7B4983BD98
:107560006133403D1A50CFBD54008C3D35D1273D8D
:10757000F1D784BDD3DAACBEC68781BE744599BE4F
:107580005E4DBEBD153984BDB2D492BEE56131BE3B
:107590009C1A08BEA92E40BE939008BE753FA7BD99
:1075A0004A0C32BEC37D843DE048603D59BEAE3CCE
:1075B000AEF42A3E4510C73D12DD133EE0BC08BEC6
:1075C000D06269BED00D95BE6F0D6CBDC7D5A8BD8C
:1075D000080387BE78F1DEBDF088CABD4BCA5DBE28
:1075E000F45231BC59A2733D349E88BC5FEC3D3BE4
:1075F00026C6B23CBD39FCBD39D0C3BC92744DBB6C
:107600004AD3A0BDA12F1DBF7B3081BEEBE14BBD96
:10761000FCC425BF5839DCBE49BBF1BD996715BE16
:107620003A969FBEB6A1E2BE274C483EF04E1E3EA3
:10763000A1DB6B3EFED6CEBC742502BD47E350BD38
:107640007E3A5E3D58AACB3D51D8C5BDBB62C6BC93
:10765000DA1DD2BC52436BBE608F893DC4EA0F3C39
:1076600041B7D7BD236884BEAF27DABDE23D87BEF0
:107670003B18313DCA6B253DF4FE1FBEDE01DE3DE9
:1076800083C0CA3C041F83BD91B48BBE516683BDC9
:10769000FCC82DBED102343C6F12033994A0FFBD4B
:1076A000795D3FBB541E5D3C0B9715BD5C0185BEEB
:1076B000FFCDCBBD5BB315BEA167B33BC2853CBD5F
:1076C00044192ABEF8540E3DE19950BC15E6BDBDE3
:1076D000CCB2CFBE27C030BEE31A8FBEADA32ABD49
:1076E000F086B4BD52B608BE317D2FBC9BAD3C3B8D
:1076F00075568BBDFF2012BD5050EABD8882C1BEB9
:107700002B12933CC0771BBDB970503EBA8704BDA5
:107710007192663DE97EAE3D5721653D698F073E1A
:107720002C288C3D61C529BD43E6CABB5952EEBD2C
:107730001F9EA53DBBED823D7902C1BDC11C0D3E22
:10774000CD3E0FBC73D752BD55BE87BD21AC46BCE4
:10775000E7AAC9BEC2BF88BC630C2CBCE01165BEE1
:10776000E082ECBCB29F45BC6403A9BEAC7417BFF9
:10777000331522BE9B5424BE709973BECADCFCBC78
:1077800085EFDDBD467847BF242680BE569ACCBE25
:10779000E46703BE1EA708BE9011D0BE73F5E3BD1B
:1077A0008AC830BC52B979BE490E98BD5037D0BD99
:1077B0006896BCBE21567FBEB8E67EBE05A4B5BEA7
:1077C000FA97A43BBB97FB3B2E3A81BEB5C00EBED9
:1077D00081241CBE008FC8BE7D25B0BD52D6CFBD52
:1077E000CCB4DDBD36CD9BBD7D21E43B5DBFA0BDEE
:1077F000D61D2BBE9AB0FDBD1824A5BE77BAD3BE48
:1078000047E794BE7FBF68BEF2B1DBBD589111BDA2
:107810004FEB96BDE92962BEEDD286BD056FE8BD8E
:107820009D2ADF3C5BCEA53AFD6B39BDEC6A72BB8D
:10783000D28EDB3DFED1073E1A18393D2385D23D5D
:107840006118303D1100BCBEEBC68BBE0915DC3D96
:107850005D1904BEC80B69BAC03F253C7AA6EFBECD
:1078600097C71ABE388159BE74444E3EEF38A53DC5
:10787000D7DEE73DD89B983DFF25893D74621F3ECA
:10788000D5CF2B3E73F7293EFA443E3E6EA2D63D3D
:10789000BFF32B3E83863EBDA91611BD789B973D55
:1078A000499D00BC7F3088BE73F739BE52D2C3BC3D
:1078B000226DE33CD34BAC3DD4EEB7BD3AC9F6BD27
:1078C000444D74BC284741BDEF014ABE6FD3FFBD94
:1078D000D5087D3B417F213DCC093A3E6FF55C3DAB
:1078E0007FBD32BE1DAB243E06D45B3D9198B8BE31
:1078F000514C5E39C1A7393D35798A3D16A4B93D51
:10790000573DE0BC1C0C15BEB3B23D3DB6485A3CD9
:10791000791FB7BEDBC4A9BD768B403DB7B6D03D5D
:107920008099AF3DBEDBDC3D9BE532BC8198243EB7
:10793000F4FBDE3D5E9D73BE1976983DDC4A0F3E3A
:107940003CF71EBF55A28CBEE4D674BEC9AB13BFB4
:10795000039519BF0F2A05BFE86AFBBE8D7D11BFD5
:10796000AFCF44BFBEA3E6BD228D7ABE668497BD6D
:107970003F8CB0BD528078BE662D05BEF339D73D31
:10798000ADC2263E2BDF23BEA4192B3E6341613ED0
:107990001805513E6C3E1E3E1C7B063ED0255C3ECB
:1079A000DB871C3E80450E3E6344423EB1A266BE6C
:1079B0001BF590BC967B81BD32CABBBE6211C33C35
:1079C0009888073EC234B4BE00FEA9BC7408B43E19
:1079D000A48E0E3E1FF7AD3D18213C3DAF5C2F3D00
:1079E000AC6FE03D95F4303DD1048A3A802B593C90
:1079F000CEC3A93DFDDABABDE718903D3CC1FEBC3F
:107A0000F8A413BDE3C7983C01150EBB959E29BD94
:107A10006E1930BEAF5E65BE368F133E70B0173E36
:107A20006939903DD7F7E1BC2DB5DE3D594E123E88
:107A3000E4BE55BEF43721BCD8D30E3E292489BEFE
:107A400076FE6DBDCF4DBBBD9F7628BE32CB1EBE30
:107A50002E762BBE083EC6BD90D981BE52649DBE17
:107A600014CE8E3D5B08F23C11C504BE66F679BDAE
:107A7000F10D153E65538EBDB5C109BCD42C903DAA
:107A800012DE1EBD6023113FE832053F91B8873EEC
:107A90002DCD953E53CBE63E93E2B33E12DEDEBDE6
:107AA0003A91403EF7B1E2BD6B65423C08396FBD8B
:107AB00064CB82BECC7E2D3E4A9B823EBA6587BD9A
:107AC0004ED4023E3F90B43E2E00A53E32AFA3BC42
:107AD000B18AF7BD506F8EBE6809323EF431BF3DAA
:107AE000180B83BDAB77483EB323553C802838BE86
:107AF00084D46D3DC8D19C3CFC3589BE4224233ED4
:107B00005FB7483D7BBD9BBDCB2E483EE17FCB3D63
:107B1000E1240DBE30F5433E8849383AD74E44BE85
:107B20004F029B3D304CA63C9ACD63BC921F313E28
:107B300063D29F3DF8DD94BDB875773E7F2F853DBC
:107B4000C7B8E2BD3E5D4D3EDE921C3D7EC42FBDFA
:107B50001F0E323EC5E663BC996113BE0611293D76
:107B600021E913BDFA631ABEB970003EBDFB83BDA7
:107B7000EDBCEDBD5EBDCA3DFB204BBCC0776BBE0E
:107B800002F255BE527F9DBEEACB62BEFCE04CBE07
:107B9000C80C14BECFF3A73C901336BEB0E43ABE77
:107BA000BAD7493D7D06C4BEA48D03BF6DE307BFB0
:107BB000EACB06BF1EDD80BE15AC51BEFF0631BF4D
:107BC000C094B9BEB9C607BE287C163E534200BE5B
:107BD0003C13BABEAEEF433D1FBD81BD2C1190BE1C
:107BE000FC19BEBD9D9E37BD850A4EBEB8CB3EBEBC
:107BF0004A792DBCC575AC3D45D4B4BE406D9CBE24
:107C0000AAB7E6BDB360F2BE2CF1D8BE984DB0BEA7
:107C1000DC291D3E55DFD9BD105BC2BEF92DBA3D32
:107C20005A65263B43AE94BEA4FEDA3D06D41BBD86
:107C300028288DBECDE9B23B8996BC3CB69E99BE44
:107C40009D0F4F3C29B2063E1958E7BDE3FF4E3E5B
:107C50000875713E384BA9BE5AF6443E30BCD2BDC1
:107C6000E4BF70BE0404133E8464A13D9A97033DB3
:107C70004DBA0D3E84D8993D4DF9B0BDF7944CBE38
:107C8000177E60BEB64A3CBF8410103C3F73563C22
:107C90006FF110BF3D7C193B70B1A23B3A59BABE9F
:107CA0001BA11FBC861F5C3D753BDB3D1A52453D49
:107CB00096EB2D3D85B1053A94F9C7BCCAFACDBB08
:107CC00029AF153A2BFA9B3EB3D2C43D085A613E08
:107CD0008194983E14950D3DC0E7C73E74EBAD3ED0
:107CE0004D4E6DBD3CBF783EB3D04E3D1B0D60BCCC
:107CF00092CEC0BA14AEA73D0A6AF8BC399DC43D05
:107D000096EBED3C629FE0BDC767B23D459E14BE59
:107D1000C8B2E0BC49BD273C5D8C31BEC328483D9C
:107D2000FCFBAC3DDD94B23D1DCC063EC05A053E89
:107D300038A130BE2D3E453D6C262F3E84294ABCDD
:107D4000AC71D63DCE37323E9DBDB3BCCE36B73DCD
:107D50005BB3F53D600362BE44888BBD5DDD313BA6
:107D6000F43480BE0F29A63DB83DC13CCCB4BDBDA6
:107D70006171383EB797743D6B0F7BBE6404D4BC11
:107D80003ACF983D7EAC70BE0A690DBCC77F813D7D
:107D9000CFBD07BEEE072C3E00018B3D1B62DCBD54
:107DA0002F19A7BD66BFEE3CC38160BED68D97BDBF
:107DB000A837A3BCFE9C52BEDDB5443D8385133C71
:107DC00085B5F1BD27DC7BBE8D27123E13F3ACBC1D
:107DD000569DD53DA801C3BD9562C7BCDB4DB03DE6
:107DE00052103C3DDFC410BE8A5791BE4607CCBE40
:107DF0000E1292BE0800EEBEC11D283D2CF2DBBE65
:107E000015E2D1BE62A3CC3D6FD846BEF52AA2BE14
:107E1000AAD46CBE8120C0BE5839B4BE312893BDEF
:107E200062F6AABED55E64BE19903DBD76A5553EEC
:107E3000A9F98ABDC097A2BD89966CBEEED060BE7E
:107E4000E08482BEDEAC81BE048D29BE6ADA65BEE6
:107E5000259092BC0249D8BCAEB6023EAF419F3DD0
:107E6000384EAABDA9BD083DF816D63DD6AD5E3D3B
:107E7000E9D3AABD43550C3E3143A3BD87DEE23DA5
:107E80007766023C3F3AF5BCDB4F463B65FB303E34
:107E900007791D3ED9790B3E49F412BEB83BEBBCC5
:107EA0007E53B83D2A02FCBDFF25A9BCA6ED1FBD2F
:107EB000A56ADB3DE90AF63D76E1873CDCF0FBBDD7
:107EC000ED44893D282B8E3EF52F493D79948A3D1E
:107ED00076888F3E8CD8873D0E166E3ECF4AFA3D8F
:107EE00032203BBD98BF82BDA870443E6286A6BDCD
:107EF000E146CABD7B4ACEBC3B8B6EBE423F03BE51
:107F00007C0D01BD7A1DA9BEF83437BFE8307FBEB5
:107F100042410DBF912721BF2F5022BE29788ABF31
:107F20000F9BA83DCAE23E3E376F9CBB5187D5BD33
:107F300047AE1B3EA96AC2BD684263BEC9733DBE5F
:107F4000B3D1D9BD4CDEA8BED34AC1BEC441E23DC7
:107F500041D8293DD196933DDE718A3D5A466A3C0F
:107F6000C05F4CBCDDD0B4BD68580CBC8E3DFB3D41
:107F7000BA822D3D9FB0443CBE4A3EBD204191BDDA
:107F800079E5BABD954737BD7CEEE4BDD02988BD03
:107F900089458CBC85CC153EEB57BA3DE9B6843D8E
:107FA000166BD83D62A06B3D4CE056BD20244B3D86
:107FB00093710C3C1FD7863B111DA23D6F81843C01
:107FC000149698BD6072E33DA52DAE3C6D38ACBDF6
:107FD000BDC66EBD24EEB1BC5B9A5BBD0307243EFB
:107FE000020EE13D6284F03CBF0F873DCE4F713DF4
:107FF000D13B553DCFDB183DAB3D8C3D406CE9BCE2
:10800000DBDC083EC1FE6BBDC154333DCB82E1BE1B
:10801000A43704BF793CCDBDFFE82BBF25073CBE8C
:108020000F46AC3ED36A18BFC8EDB7BEDBFD0A3EB3
:10803000B8AFBBBEAAF2ADBE357FCC3CA4DFDEBD7F
:108040006649003DB917783E9B03843E338D26BDBB
:1080500046B15C3CB70A223EA8C560BC207A42BE4D
:1080600021AE3C3E31EDDBBD8E3B85BE919BE1BD3B
:10807000399B8EBE44BFB6BB4AD380BE82FF2DBEA5
:10808000D6FF813EA851B03EA75A073FB5A7B43EE0
:10809000433D2D3E68E734BD525F163CD2FB863D22
:1080A00053750F3C971C773DB5A8CF3C8C11A9BDEB
:1080B000DEAA6BBBB762873E5F98AC3DE49ECE3DC7
:1080C000E3C4373E7E6E08BECF4D5B3EF4DC8ABE15
:1080D00084D924BE198DDC3D93ABF83D3DF3123EAF
:1080E0006B82283C28D2DD3D5AD4873DECF99ABDFD
:1080F000D0B56F3DCB9FCF3D9ACDE3BC4BAB513E4E
:1081000006F50D3EF6B6393E57B5243E452EB83C31
:1081100058C6C63E79B065BE8A77803DF0DCC33E66
:10812000EBFF3C3EAA0CE3BBC3B7303DB1C22D3ED2
:10813000C1018DBDBAF9263E6E6DA13D388159BE93
:10814000AC02B53CD89F303F9F05913E0857C0BC5C
:108150004AB5533F5839743E5E85BCBE63D0593E24
:10816000C44221BFDB172CBF5C56F9BE77BC35BFBC
:10817000165004BFD1EBEFBE66F91ABF642211BFDF
:1081800070223A3DBE6A253D0C02DBBE529DCE3DBB
:1081900031260D3E74EFE13BF46FB73D583A5F3D39
:1081A0004EB76C3ABB9911BEA776063CC6DFD63DEA
:1081B000876E36BD3C3000BBD448CBBC828FC13B00
:1081C000003C223C27BC14BE7BBB05BE234E67BDD2
:1081D00027BE1ABD4D32F2BC1BF1243DC878143CB9
:1081E0002994853C1FD9BC3D882E88BDA54D55BC22
:1081F0000249183E62BEFC3DAD4DE33CA67C883C86
:10820000179E973BF565E93CCD5CE03B60EA07BE15
:108210000D17F9BDFF1F873D0857003D4D693D3DD6
:10822000B477063D9BE4C7BC7EC59A3CF38D283DE0
:108230006C43853DFC8A353DC652143E0C01203E00
:108240004B91EC3E293C343F2B85A83E48A72EBEDF
:108250003EEDF0BC6078053EDFFB0BBFF92C3BBF69
:10826000100430BF08AB0DBF8D258C3D1D908C3E9A
:10827000983303BF575D57BED7BE603E074573B9FD
:10828000E1EF17BDB117EA3D9F5817BEDD4372BE3F
:10829000E0D758BEE717C5BD7095C7BD24F007BE2F
:1082A000D461C53DBD513B3E0F432BBDCEC66ABE1A
:1082B000978ED9BD6C7A30BE76883FBE05E12ABE66
:1082C000BA4DB8BD20998EBDE466D03E7428673F94
:1082D000C284D1BB5CABDDBDACAA17BE3BC3D4BC72
:1082E000FA2B24BDEC4F8ABE75CDE4BCC7B862BC86
:1082F000041C023D38BED63DCC2A6C3E419E3D3E1C
:10830000EFADC83C8C4A0A3E48FCB2BECA33AFBD92
:10831000CB1102BE67B746BE168A343D54AA843DCF
:10832000F297D6BD0B088D3DB970A0BCE09C01BE94
:1083300001DE42BD1494C23DB6BB273E0A85183EFD
:108340007C9EEF3E1991083F74EEB6BD890B403E0E
:108350003C316BBC8A9456BE71A94ABE7B845A3D9F
:10836000DAFE15BC1137A7BD5F7E27BC6935843D99
:10837000E487EABDD237C9BD7B4C04BE043B9EBD39
:10838000117068BEA6BAA83E0000C0BDE3C542BDDC
:1083900068E8D73E711DA33EC7D9943D81CB8B3E83
:1083A000CE53B53E5AF614BEFA439BBEC95839BFE8
:1083B0006E6B03BFA3CC66BEE43048BF12F9C6BEE5
:1083C000446F713AA59FD03D118F9CBEF354073E78
:1083D000DDE93E3EF032433E4E42C9BD585424BE14
:1083E000E04C2CBEAFEB273EB69DB63CC93EC83D27
:1083F0004DF79A3D83F7153D6474403D4A9839BE68
:10840000B53562BE32AFC3BDF5D640BD255CC8BD33
:108410008D256CBD49F5DD3D43E2DE3D0743FD3D65
:10842000C89605BE908518BE4D8237BEFA0A523EE8
:10843000F9A1D23C6DA9833B179DAC3CC4D2003E50
:10844000884AC33D923C27BEB8E438BD45BA1FBE3A
:108450003788363EBFBB15BD3081DB3CA88FC03CA2
:10846000734A403D30818B3EC153E8BD191C65BD48
:108470003771923DB5DF4A3E575E723C90F72ABC99
:1084800080D60C3EC3EFA6BEAA66E6BE1CCE3CBE9E
:108490003C87AABE1EDFB6BEC4E914BF0002BEBE42
:1084A000CEC7653E2B6B0B3E724F973E9C30313EE4
:1084B0005B7AB4BC52D74A3EDAA84E3D2A70D2BD90
:1084C000CDE9623ED95B4ABEE4DAD03C8E8FC63E2F
:1084D0007505033F4EB5D6BD88BC053E18B58B3E2D
:1084E00031EF313D3ECB13BE5B2485BEEE60843D53
:1084F000EC849F3E5986283EA16A343D4487403D26
:10850000FF1F17BEDAE32D3FAA9D393F3D7DFC3E9C
:10851000CEDD2E3CB378313EAFCCAB3E4AD41BBE51
:108520001FD7E6BD58AD4CBD912C60BDC8435F3C24
:1085300077827D3C72874D3DEF703B3DE084E23DAC
:108540009B1FBFBDC4B53ABE5931FCBDB30B86BD40
:10855000A912053E3BE36B3EC767B23D42B1D53D34
:108560005933523E56444DBD56BA2BBEE2B0F4BD0F
:108570001478873D9560713DAF087EBC37E14E3E73
:10858000D3DEE03C9BCAA2BB0B42293EB550B2BD34
:10859000D124D1BDE278BEBCBF621D3EF04FA93EE2
:1085A000E5414ABEC5E382BE1DC7CFBDF67E53BEC0
:1085B000693960BE2B6C26BE1E32E53C5F078EBD5E
:1085C00061C278BE9A5DD7BD882F533D8464713EE9
:1085D00099295DBE3E22BEBEED80EBBC6A13A7BCEE
:1085E0001780A6BE3C3256BE6C76D4BEC4B3B4BEB1
:1085F00085CFBEBEADF8D6BE1D74B9BE473D00BF27
:108600005A9CE1BE4E44DFBE473D1CBFEE93A3B86B
:10861000EA758BB91AC39CB90B5D09B9B91CAFB91E
:108620003FC8B2B982A8FBB8983531B9A06E20B95D
:10863000C4EDD0BA9AEA49BB164E52BBEEED16BB5A
:10864000E78967BB98BE57BB96430BBBBD1A20BBDF
:108650009F2207BBB5FE16B8931A5AB9D1CABDB945
:1086600049136FB8D4D688B90D6FD6B99C5349B8A1
:108670007B690AB90F7B21B9D731AEBAEBE14BBBAD
:10868000C6FC5CBBACC8E8BA634763BBFF9169BB7F
:10869000A034D4BACA341ABB48C414BBD6E594B8C3
:1086A000BF4692B9139C7AB9F7CC92B83BAA9AB953
:1086B0002E56D4B959854DB84E2B05B98FFC41B90A
:1086C000BD3786B5BD3786B58BE1EAB6BD3786B511
:1086D000BD3706B783A5BAB8931ADAB7FF08C3B88F
:1086E000931ADAB8BD3786B7ACC5A7B6A48C38B72D
:1086F000931ADAB74913EFB81CD228B9E23C1CB977
:108700004910AEB90951BEB9A48CB8B730629FB751
:108710009C5349B7C57677B8774E33B98BDEA9B885
:108720005985CDB862BE3CB9514CDEB8399B0EB804
:108730000F7EE2B8ACC5A7B89C53C9B68BE1EAB6C8
:108740008BE1EAB7BD3786B500000080BD3786B53E
:10875000D190F1BAAE2E27BB5298F7BAFFE81BBBF7
:10876000444F4ABB1EC10DBB6C09F9BA1B4902BB81
:108770001041D5BAF6CFD3B88BE1EAB8BD3706B70A
:1087800017B7D1B8074573B8BD3786B5FF0502B82E
:10879000BD3706B7000000802829B0B99CDC6FBA4D
:1087A000BF4953BA66DCD4B965566FBA9EEB7BBA43
:1087B0007F87A2B96AFAECB9A8A70FBAEA758BB994
:1087C00053CF02BA83A53AB9AAB9DCB9AED4B3B9CA
:1087D000B5FE16B883A53AB930629FB8ACC527B7C5
:1087E0000000008000000080000000800000008089
:1087F0000000008000000080000000800000008079
:108800000000008000000080BD3706B6074573B841
:10881000000000809C5349B6ACC5A7B8000000809A
:108820009C53C9B6A48CB8B730629FB8A48C38B733
:108830009C5349B7A48C38B89C53C9B6BD3706B70A
:10884000EE93A3B8282930B89C5349B8B8EA7ABD4A
:10885000AB971FBDAD4E4EBBE580BDBD8A1E783BBC
:10886000F339F73CC2163BBE802B59BCEA5D9CBD78
:10887000D9E957BEB03711BE9082A7BD0AD81EBE37
:10888000AAF328BC910A83BD9416EEBD14208ABDBC
:108890006AFB47BE7FBCA7BE16C13F3DABB26FBCF3
:1088A000D19081BED53D723DCF6BECBC82725BBE78
:1088B0002653453D39471DBE78B4B1BE78B687BD55
:1088C000B85811BECC7BDCBE88665E3D472189BDB1
:1088D00093FD63BE3C889DBCC2A232BEDE39F4BDAE
:1088E0003F8C503D58A960BDEACE73BE111C173CA9
:1088F00084D342BD857C30BEF08B4B3DB5C610BEE7
:10890000C1703EBE6F668C3E8943663EC7F3F93D3B
:108910000472993E4225B63E55DB853E925B8B3E06
:108920001CB2C13E2158553D0A819CBDD87F1D3CDB
:1089300077F695BC261939BDBFD279BB446C90BD82
:1089400096E9173D0EF6663D1136BC3DEC8417BB2B
:10895000D82B2C3D17BBFDBC791EDC3D5248D2BD47
:10896000292118BDB9E2C23DAAF4B3BDEB6E3EBEEB
:108970009548A23D750686BD310C48BE4D11603B41
:1089800010C9F0BD2E56D43A736500BE2AAABEBEE9
:108990003AAD9BBD88F11ABD73301BBB058757BD2F
:1089A000923F18BD4DF419BED941C5BDF4DFC3BD1A
:1089B000DDEA91BEE4A3053DA2D49E3D282D9C3D59
:1089C00028D53E3D9AD11F3E7E1C8D3DFED6AE3D44
:1089D000BC793A3E392683BE5375CFBD89D0C8BD18
:1089E000E2CA99BDC4EA7FBE55849B3BE7A778BD28
:1089F000E8A00BBE63B5F9BC4CE121BE29771FBCD2
:108A000000FF943B2B33A53C07EA343E218F803D89
:108A10005D6E903D1902203E7192363E309DB6BD8E
:108A200065E11BBE0B09983DD6ABA83DBD6EB1BD3F
:108A300017F19D3DF20A04BD6A2F82BD766B193B8A
:108A40004644B13C37DDC2BE5F24743E1C989C3E58
:108A50001EDC0D3E31B2743E2445C43E81989C3EDE
:108A6000F17E4C3E63B6343E3AB272BCB1894CBC26
:108A7000AAF4D3BD1613FB3D7A17CFBD852724BEBC
:108A80002107853D9E7D65BC274FD9BC75590CBD1E
:108A9000B95124BD14EAE9BDCC63CD3B7F134ABD77
:108AA0002B85C0BCC4AF983DBD3A47BB8AE42BBD03
:108AB0009EED11BD889E54BD817732BD423EC83DBA
:108AC0005B99F0BCD8B9A93DCDE8373E2C0FB23D3B
:108AD00079E5BABD6D718DBC7DAD0B3D6A6718BD82
:108AE0007BDC37BD14264C3DAB3FC2BA2BA1833E85
:108AF0002315C63C06646FBD1A1538BD7CEF6F3D6B
:108B0000E4F34A3DC66C893D59BEAE3CB3610DBE2F
:108B10002043473E317DAFBD8734EABD232FCBBD17
:108B2000DBA307BEB79B60BC7993BFBDA79457BDBD
:108B3000C4420DBE3F56B03D5B61BABDD6A70CBE68
:108B40008B8D39BE4888F2BD6DABD13EDCD9D7BC28
:108B500003B6233EC4EE3B3D47AE1B3D81D1453EAF
:108B600016887E3E833308BE8940953DD17AF8BD94
:108B70000B25E3BE1AC38CBE3123BC3DF4DF2FBFEF
:108B800011FCEFBD344A073ED907F9BD5A9FD2BD4B
:108B900053971CBE8E78CABEEC4B56BEDE01DE3D3E
:108BA00061A552BEEC14AB3C82C561BDADDDD6BD46
:108BB0008A204EBCEC2EB03E210103BEB4E908BDB4
:108BC0004DBA8DBD1EC14D3E5F441BBEE066F9BE71
:108BD0008B3647BC249C16BD8A3E1FBD3887ABBD73
:108BE000B22C98BC1DC9E53CED0E09BEB0C659BB00
:108BF00007EC4ABE5B28193E2EAC9B3C15ADDC3D14
:108C0000060FD3BBA1D6B43D815B173E6AC2F63CCA
:108C1000DD96083D647781BC06BC4CBD0B97D5BC86
:108C2000F65CE63D7FF879BC371AC0BC2251C8BD5E
:108C30000B418E3D809FF1BC0A6707BECB4CE93CDF
:108C4000508FED3CC1C6053E0132943D9BAC613E68
:108C5000EBC7463E97C76A3EA6F0303EFFCC603D6C
:108C6000D0289D3DE2007ABDC0EBB33D5F0CE5BC72
:108C70009FC8033E6D70123EC4B2B93D8EAE123D28
:108C8000499DA03DDFA71A3E815A3CBE0D896BBEAF
:108C9000CFD9BA3E24B7EEBEF9F3DDBE71CCF23DBA
:108CA000EAE890BE234D3C3E982FAF3CA0502FBE2B
:108CB00028D53E3DB60F69BE1B10B9BEB2D416BF53
:108CC000E40F9EBE37705FBF035D7BBED5EB66BE13
:108CD00083DD20BED2514EBDF4BF3CBE1E50B6BC9B
:108CE0006E1875BE7023553E5BE9453E54E0CCBE20
:108CF000FF3D68BE73BC12BEEFE27D3CC7D8C9BD64
:108D0000973A483D23DB79BE670B483E302C4F3EF7
:108D1000C93E80BE1BBC8FBEA9C114BED89A1DBE61
:108D2000664E8FBEF8518DBCF3052DBDCDB0513DC3
:108D3000E883353EE6770ABE6BD3A0BE5167AEBE70
:108D4000D41035BE0FB83EBE23C0293DD82B5CBE23
:108D50006BB8C83D122F0F3EF81997BEF73CBFBD48
:108D6000EC4DD4BEAAB530BEE9EE6ABE5931FC3D29
:108D7000882E88BE8F180D3E941197BC32568BBE3C
:108D80005838693E7CF1C5BD02F59EBE3A048EBDE1
:108D9000FBEACABDDB51BCBEC0CFA03EC861403EAD
:108DA00030489A3D9357B73E1E888C3EBABC093E68
:108DB0004775D2BE55A026BE46EABDBCC3B7B0BB00
:108DC00031B244BE97E4A0BE92E8B5BE2714A23DDE
:108DD000D525EB3EF0BFDDBE992DB9BD1283403ED7
:108DE000C11BD2BD705FA7BD8FFBB6BEED464F3E27
:108DF00025B1A43E049082BE9373E23DF2275A3E11
:108E00006820C63E36CDBBBC0BD0363C209BBCBEDA
:108E10005320B3BEAC53A5BEA400913E5E4BC8BC6C
:108E2000BA2EFC3B6138B7BD1F663F3E656E1E3EE5
:108E300020D0B1BEF8FBA5BD5323E4BE103E443E96
:108E40008C82203E632867BEC0B0B4BE2D5BAB3EB3
:108E50003C509F3E98DCD0BE857C20BEE62391BE70
:108E6000D67031BEB0E535BEB491EB3D36AFCABE6B
:108E700056470E3EA8C4153E111936BE4C5186BE4B
:108E8000AAB92CBEC5C501BE768D763EEB0133BEB8
:108E90004644C9BEE7C3033E734B8B3DC8D306BFF0
:108EA0001BD79FBD8D5F78BD988596BDDE56FABDF8
:108EB0003A3F45BC1A15B83C05A7BEBCED9925BD87
:108EC000187AC43C87DB0DBF365903BE6F80A93EBC
:108ED00010750BBF9834A63D8BE1DA3ECE1A843E66
:108EE00039F1653E30F3093F4F779E3DFC381A3D1E
:108EF00032C7023E7B33AABD55FBF4BC6000E13DA6
:108F00006A4F49BC69E20DBEFF25293DD6A9923DB5
:108F10000262223ED787253E5F7E27BDC3827B3C0F
:108F2000001E51BEFD8649BD06BCCC3AE885FBBD9E
:108F30006440963D62BC463E6F2B9D3DFF04B7BD2D
:108F4000E73AADBDE0BA62BEFD6A8EBD365923BDBB
:108F50009A79B2BDF8F96F3DAF052D3E67EE413EFF
:108F6000DA8C33BE4D85D8BD72A8DFBD56F09BBDEF
:108F7000189910BE61FE0A3D73D83D3D0728ED3DAE
:108F800091D2CC3D98FB64BE50C678BC5E2F4DBDDF
:108F900057CC883C051896BD8996BC3CAE2C313E1A
:108FA0003CC0133D6B9DB83D29262FBDE469793D3A
:108FB00037A9E8BCF168E3BD124D80BD9D80A63C99
:108FC0005722103E5228CB3D81EC753EACE29DBE4F
:108FD0004AD18ABD1573703E5FEFCEBEE2E43EBE5D
:108FE00037548CBCD0D00F3EE5EEF33C23A2B83E04
:108FF000035F513DFFE6653E6D3B1D3ED2E046BE40
:109000006B9BA2BD8DD5CEBE68ECAB3D603EB93D3D
:10901000FD9F633E0A9F2D3C7E35A73DB82146BE8D
:10902000016D7B3EAD871F3EC11FBEBE9885F63DDC
:109030000A69953ECD95E1BD7BDB943EBC23DB3ECA
:109040005D4EA93D42AFD73E69A8B13E3A92CB3EB4
:109050001EA6FD3DA392FA3DA81AFD3D96097FBDCF
:10906000B535A2BCB2A17BBED316D73B098B8ABD56
:10907000085A21BE8B1921BDDF168C3D4C8B3A3D21
:1090800069AB42BE4AB474BE70B211BFC85EEFBBDA
:10909000FF2569BD4D4E85BE1EC5B93D713B743D72
:1090A0002EE6873DBC759EBD9128B4BBDA7163BEC8
:1090B000CCF18ABD0476B5BD9259FDBD9FE8BA3AA0
:1090C000A73DE53DF662683DCF8195BE749734BEFD
:1090D0002B6DD1BEBF8294BD0C7673BEC9CC45BE8C
:1090E000FB5C2DBD07B4743D65385E3D5E4C73BDC1
:1090F00094C151BDCD3F7ABDFB73B13DE84A843C7C
:10910000978B78BCD4B536BD30D8EDBDB0E6A8BEDF
:10911000702616BE3C2E3ABE33899ABDD443843E97
:1091200008CCC3BCE23EF2BD44A270BE1FBB3BBE36
:109130005890C6BD1DAF403D5987A3BC7EC81BBD1E
:109140005B9815BED21958BDDB89D2BD6494273E09
:1091500091B6F1BC9BC6763CAD13973CEEECCBBD13
:109160000F9B083DD7A390BD7C0C163D6423B03DFA
:1091700099622E3E29ECE2BD624CFABD63F286BDD7
:10918000A8E371BDEF000F3EF241EFBD2E763B3DEF
:10919000BB7FACBC3011EF3D2FDDC4BDD124B1BCD1
:1091A000D4F1583DFCC306BEA3C9C5BCDC7FA4BD39
:1091B0001842AEBD2C284C3D91D0763EB0AB49BC98
:1091C000473B6EBD8E3D9B3D6C5E15BEC1E185BCCF
:1091D000B24C3FBE1E520CBD0B7AEFBCC16E083EB6
:1091E000533C2E3D352AB03D6473053E16A60FBE96
:1091F000033F5A3EF17E0CBE77D804BDFDF5CA3D53
:10920000289B723D8659E8BC5A2A9FBEF14A723E9D
:10921000C79E1D3EE71B513CEF582C3E82AA213EC3
:1092200012A1D13DC6F91B3DB307DA3D526081BDA5
:109230009F1E1B3E87358DBEB9C59CBD2177B1BD34
:10924000BAD997BE11AB5F3E90DC9A3B2026613DB8
:10925000863D6D3D8461C03D685A72BEF69B893C77
:1092600055DE0EBEAE8383BDDE76213D7B4DCF3D08
:10927000CF1096BE54FC8F3E4111DBBE10CA9BBD81
:1092800065E4CC3DAE8383BC22C6CBBD81D135BE67
:10929000C614AC3D83F66ABCDFC52B3E4E9B31BD88
:1092A00089991DBECC0B503EA8C4D5BD1920513C98
:1092B000BF82B43D6EA43C3E1FD766BE0491C53C40
:1092C00026E28D3D645BC6BDC7D9643EE34FD43D05
:1092D0006AFB173E465B153D5BB6463E91D2ECBC41
:1092E000BAA2143D9434FF3CA11011BEF46B6BBCC8
:1092F0009AEA09BD26C5C7BCF12F823CB01EF73DD6
:10930000757547BC6AC0803DF530943D2574273E95
:10931000CC7AC13E7B841A3EC4959B3E9562273E23
:109320007ADFF83BE40F16BEE3369ABC63EC04BD6B
:109330000D1C10BEB7D56C3D06BD47BE8E5A213DF3
:1093400008918CBDB6303B3EF7225ABC6B44D0BD71
:1093500012F5D23E836E5FBECE51C7BC9279043EF9
:10936000A54F6BBE1382D53CFDF98EBE244594BE3D
:1093700053752FBE134693BE9E99C0BE039476BE0E
:10938000A5A39CBEF1D5AEBE7AC739BE7A7162BCC8
:109390007FDF7FBD26AB123E4627CBBCC1FEEBBBB9
:1093A000F356BD3DF10FDBBDEF7126BEEE3F023E31
:1093B000AED774BDB610643B47FF3B3E3290873D4D
:1093C0006B82283C130F383EE33399BDA67DF3BC76
:1093D000E0D8033E6550CDBDB7B7DBBC6C04623D41
:1093E000B72708BEDBC4C93C57047F3DB91A39BE54
:1093F0008FFB26BEDAE7913D994914BDF4F80DBE06
:10940000ED46BF3DD93F4FBD0420EEBB6CB0103ED2
:10941000EE0837BE483150BE4567F93D5ABDA3BD81
:10942000219457BE7634CE3DE430983CE8DB82BCD4
:10943000EE96E43A1493D7BDFCDF31BEDEB0ED3CCE
:10944000DBBF723DC0CFB83B63B6C43DD5E9C0BDFC
:1094500024B64BBECEDD8E3D0EBF5B3D386AB5BE39
:10946000AC559B3DAD2F92BC59DBDCBE1618CABE75
:10947000AC8E5C3E49807ABE4320AFBE64AF373EBF
:10948000ADA48DBE4163FEBE5A453F3D998235BEB7
:10949000815BB73DB682663E624CFABC486B0C3DC0
:1094A000C0EB8B3E249D81BC0DE3EE3D35D39DBDCD
:1094B0008048CFBE31B1C9BE9B3A2F3E1AA7D1BE5C
:1094C00095F1CFBE793B92BE5F5F8FBF10943BBFDB
:1094D000A8FCEBBC8F35A3BD2316613E56D6363DA6
:1094E000CE1A3C3C8D45433E8B87F73CA27DAC3A7F
:1094F0003C316B3E705BBB3D2A8E233EFCC3063E77
:109500008B6B9CBDCC26C03CC712F63D9F5BE8BB75
:1095100015E63DBDC8D2973EB4ABD0BD164C7CBC61
:10952000E10CFE3DB2F24BBC0D70813D1D73BE3DA2
:10953000049125BE200CDCBD179C413EAC74F73C69
:1095400025AD183E77D7993D9A79F2BC0F29C63DD3
:109550000F81A33CAA2B9FBD577BF8BDE4DC26BD41
:10956000F5DB97BDE8F71DBE80F0613D5A7F8B3D6E
:10957000E23AE6BD7026063ED9D178BD679E2CBE84
:10958000C95742BD11C79A3DD7C016BD8E3E26BDF4
:10959000CF863C3D9604A83DB22E963E815D4D3E61
:1095A00049F6A83E88D7F53EB306AF3DD09BAABD8D
:1095B0003FA9763DBA69B3BC58A8D5BD63B40E3D8A
:1095C00010061EBD7A70773DD331673D4FE835BE3A
:1095D0003BC3BCBE323C86BE6E3054BD198E27BE26
:1095E00000E113BE91B6B1BD79E53ABD7ADFB8BDF1
:1095F000B00327BD55A2ACBDB5FE1639D0462EBE70
:1096000008034F3CDAE59BBD5E4B88BD63F0D0BDDF
:10961000D7F84C3D5FB5323E33C0853DF033AE3CAC
:10962000015190BD3FAC77BD4F1F21BE64ACA6BEBB
:10963000D7F7E1BA4A253CBE14CBAD3C039571BCCB
:109640008752FBBCC66D44BE6C07633D4BAE72BE19
:10965000D26E943D87E0A0BE331893BE60B1463D04
:10966000A6B4BEBD925B13BDAED5BE3DD4D48ABEFA
:109670005EBB14BE7BA0953CF419D03C295F88BE2C
:10968000B2BA553C51DDDCBDF46C06BEDB5287BE80
:109690008F55EA3D7CD6F5BDB35E1CBEF2606B3ED5
:1096A0005E2BA13DBF2AB73D8080B53CB893A0BEDC
:1096B000BE1509BDFCA515BEC57336BC7A8EE0BECD
:1096C000E02CC5BD6072E33DDF1AB83D861F0C3E3D
:1096D00064EA8E3D09DDE53D0AA1033D8E1F7ABE99
:1096E0004B393F3E99D7F1BD341427BE71FFD1BD30
:1096F000BF0F47BE6FBD163E9CA30E3D41621BBE11
:10970000815F83BD1D3EA93D06BA56BE7C43A13D87
:10971000C0EB83BE8BC494BE0EDB163E0536E7B9A4
:109720005E2EC2BD5073D23DC26B77BE91264EBE37
:10973000BC1FD73D72C545BCE7522CBE414981BC18
:109740005D3339BDFEB988BD01186FBE7B31043E63
:10975000D5CC9ABD5B97FABD7F32063E5051353D60
:1097600008CC833D9C8AB43D155391BEB3791CBD92
:10977000691E50BE19E2D8BD47E906BF401808BEB1
:109780008D0BC73D3145B93D3FA7E03D1B2F3D3E09
:109790006A32133E3447D6BC7CB97FBE5A9B263E04
:1097A000672C9A3D59DD3ABE9DB9C7BDDEAA93BE6E
:1097B000BE31C43D548DDE3C05FC82BED6E514BBF3
:1097C0004DF8E53D66F6B9BD76A6503C85B511BEAF
:1097D000AEF32FBE2E37383EF277EF3C698FF7BDE0
:1097E000685A82BD9DD437BECA358DBE56F487BC3B
:1097F000A22464BDC5E352BE8D7D09BD5E119CBD32
:109800009A0AF1BC58A835BE7C2B323E97C459BD8C
:10981000CC0C1BBD0A82173EA6F0603DC328183E43
:10982000DCF2D13D888334BE05146ABD09C370BE25
:109830005B5F34BE7EE3FBBE1A35DFBCF8C5153E68
:109840003770373E65502D3EA31D273E0280633E94
:109850005E6723BEF69577BEC3D6CC3D5B41133E13
:109860008F1D94BE3C50C7BD6BF169BEB41CE83C73
:109870003529853DEE7863BEB2F6973D6CCC2B3E24
:10988000983446BD787E113D7D0654BC26370ABB10
:10989000DBDCB83D9FC728BDCCD309BED19021BE2B
:1098A000F2ED9DBD6CCEC1BD8A752ABC9E5C53BDD8
:1098B00066C184BD721A22BD9A5C3CBEB4B027BD9D
:1098C000D6E07DBD93C9293EC095ECBA8C499F3D39
:1098D000902E363E0532BB3C01E0D83D7D97123ECE
:1098E0004D4BECBD29CF3CBB15C7C1BD6E8A87BDB2
:1098F00047C682BE363DA8BC802C643EB5549E3D12
:10990000AF5C2F3E9F00CA3D9206473EB823DCBDA8
:109910005CCC1FBEA37815BD4CA7353EC7113BBE1E
:10992000355F85BD02450CBE2E5393B9D865783D91
:109930001B0FF6BDF39194BBBCC93F3EF949753D81
:10994000D89F443C55A56D3DC6A269BB9E068C3C84
:109950000D350ABD1E3215BE8880C3BCC2D96DBD8F
:10996000A52CC33CA9BD083DEA03C9BCFD3298BC87
:10997000CFD8173C721450BEB169A53B9207223D67
:109980008999BD3DEA95B23BEF8E0C3C13D4F03C77
:10999000DE2145BD88695F3D3E96BE3CBA6632BD5C
:1099A000B1DBE73DAA0A8D3D344DD83B54C875BEA6
:1099B000697487BCC746203D93FEDEBC323A203D29
:1099C000D1CEE9BCC74B973DD7C3B7BDA796ADBCB9
:1099D0004D4C07BE9C53E93DDEAF42BD88D8E0BC8C
:1099E000D0D46BBCB492B6BD9AD27ABDF22554BD28
:1099F000CA1BA0BD07B5DF3D994518BE3E42CDBD8F
:109A0000E44ADDBED998A7BE003ACC3D761B04BE21
:109A100005A73EBDB9DF61BDFF20B2BD3066ABBD5D
:109A200031B1393D774BD23D19E303BE62F973BCC6
:109A3000469A98BD6808C7BB605AB4BD3BC5CA3DCD
:109A400023324CBEF60DB4BEF06A093EDD4081BD46
:109A5000001FBC3D19C8333CB1DE80BEF94A603DF1
:109A6000A912E5BC1976D83D73F19FBED59424BEEA
:109A7000BB0F403D73D6273B7C7F333E03B6833D0F
:109A800082FDB73D74628FBE5E9FA9BEC843DF3DB5
:109A900049F462BE0000E0BD1BD4FE3C758F2CBEB5
:109AA0002BBDF63D1E705D3DC28AD3BD54C33E3D05
:109AB0008062143E8F393FBE0FD63FBD8FA92BBEAB
:109AC0004E5EB4BE1E33B03DA0FC1D3D0DFDB3BDCA
:109AD0000A9F2D3C23A343BDDFC20ABEC7A0933D0E
:109AE000083EC63D5DA8BCBDA4C6843B1EA4273D60
:109AF000B3976D3DC7D7BEBD22C36A3D20EF65BE9B
:109B00000DDFE2BDC8D0F13D5B9419BD0805A53D50
:109B1000F5F6673C869324BED80E063DDE567ABD28
:109B2000AED6093CDACABBBEF69BA9BD0F47D73CEF
:109B30001A18793D9336F53DC784983D9415833DB9
:109B4000DCDA82BE8A5553BEC1C4FF3DD12085BC3C
:109B5000DC49A4BDF9D6073C01DB31BE7CB5A33C92
:109B6000E7348B3D21AC26BE43E3493DFB04F03D89
:109B7000986800BE50568CBCF35407BDCA5283BED1
:109B800096E7413D0BB6913CC9CA2FBEB5E1B0BDC9
:109B9000E7FFD5BC2D3E25BE4E2B0539E196CF3DC6
:109BA000CD92C0BD04AC553DA81D7E3D5B095D3D19
:109BB000419EDDBDBE2D983DB9533ABD562DE9BB42
:109BC00007EB7F3C5ED985BCCEFB9F3D6AF5D53D5A
:109BD0002EABB0BD0BD3B73DA54A14BC744614BC24
:109BE0003F528CBE950D2BBDF488D13CE82EA93D8B
:109BF0008654213EE4DAB03DEBAD813DFB3CA6BE90
:109C0000E97C28BE3B195C3D365BF93D92EB16BE04
:109C1000698A803D5CE313BEEC4CA13CD6717C3A72
:109C2000FFAE2FBE2B172A3D7B336A3D519FE4BC0C
:109C3000F6ED243D2C47C839293C18BE70B58E3D41
:109C400069AA67BD2D77CEBEC11D18BE9A40B1BDB1
:109C5000EC2ED0BDE6B1E63CC8EA563D5F4546BDB8
:109C6000253B763D051836BE7995753DA38F39BDE8
:109C70005D170E3E2B8A57BD75E874BC40144C3BF3
:109C8000C6C2103D8597A03D2A72C83D8BFD65BDBB
:109C9000787B103E2D26063E8B7093BCB81E45BEC9
:109CA00033DD2BBD537A263CF851CD3D7A1C663E00
:109CB0004B57903D9488903DE9995EBE6D3CF8BD50
:109CC000B62CDFBDE319143E2C6644BDDC66AA3C0D
:109CD000661300BEEBACD6BD7E1BE2BC747AFEBD43
:109CE000D17521BDF7399E3DB727883D267241BD0C
:109CF000FD6BB93DA4AAE9BDF3CB803D3737663D86
:109D00002ECAACBD13F211BEEAE898BDE597C13B7F
:109D1000DDEDDA3D1B82233D5EF7D6BDF451A63D55
:109D20007313A5BE271678BCF838D3BDD102B43D55
:109D3000166D8EBC7024D03B69511FBB73F137BCCC
:109D40005740813DA0A4A03DC828CF3B9DBC183EF4
:109D50000FD2D33D2C9D0F3DA73EF0BD35B50CBEB7
:109D6000FF58A83D6281AFBC6E15143E5D86FFBCF6
:109D7000DF8A443B7C0B4BBE922593BD27A3EABDF3
:109D800093C4223EAD691E3DFF5D1FBD89B623BD54
:109D90004E2A2ABE78978BBC317E5ABD056C073D92
:109DA00035B6D73CB1A371BD156FA4BDAF23D6BEE8
:109DB00029B10BBEFB9037BB9B04EFBC7CD2093BA7
:109DC000EA9271BEE89FE0BCFBCDC4BDD4EFE23D9A
:109DD000857C503E100222BE7CD6B53DA43807BD1E
:109DE00037E2093D06D41B3DC53CAB3D7A5682BEE9
:109DF000A3E96CBD67F21D3E56D25ABE0F0C003E61
:109E000069E51EBDF9A328BEA704443D6059E93C9D
:109E1000E23B013EC26D6DBEF22263BE87C3D2BC7F
:109E2000A54A143CEB00383E1BD73F3C600237BDCF
:109E30007EE5C1BE6BBAFEBD9B3DD03C31EF99BE05
:109E400012117E3C49F6883C292439BE75C7823DF3
:109E50008736803DC1A9CFBDC2F8E93C19C5F2BC27
:109E6000226F99BD4CC5C6BB04023DBE6A1608BE32
:109E700034BCD9BC4B93123D210464BC46ED9EBD5D
:109E8000D369DD3B4AD0BFBD21578A3D3351043EE3
:109E9000444C09BE7214203E3D48CFBC68AE933D91
:109EA000DBFC3F3D81D1253D49D681BEE012003C1F
:109EB0004A08563D40C3DBBD05A79E3D7BFA083DE1
:109EC0008A0423BE2A8F6E3DF838D33CF5F6A73DB1
:109ED000DC655FBEF609203BFFCCA0BCF7C73B3D6D
:109EE0001DC8FA3DA6EFB53C7497043DF679B4BEA3
:109EF0008B502CBE9BAB263D6F9EAABDD3F68FBD6B
:109F00009147703D383009BE93198F3DADFA1C3D25
:109F10001B8198BDF2414FBCBA675DBDAC8B5BBB8A
:109F200082FD17BD4AEC0ABE92E8CDBECD3B0EBD08
:109F300072A6093D4FAD1EBE081EDFBD548DDEBCAE
:109F40008F37D9BD8350DE3C9D7FFB3DB75DA8BDFB
:109F50000265933D1CEFCEBD8864C83DBA9E683C47
:109F60002844C03CED66C6BD81069BBB48E1FABCF7
:109F7000BABD24BCDF8A843D1552DE3DF3560DBECA
:109F80000516803D69512F3E488A083D5742F7BD6E
:109F9000016D2BBCD09809BDAAEF7C3D0916573E38
:109FA0005C7688BC569D55BCD9E9B7BE31CDB4BDF1
:109FB00045636DBC4F5A983DFC6E9ABD5DE19D3D79
:109FC00021CD38BED8D564BD0729F83C2CF28BBD15
:109FD0004B9091BDD3BFA4BC94DA8BBAE02D103C5A
:109FE00042AFBFBC9AB223BE9A7CB3BC87A5A13D49
:109FF0009DF40EBEA452ECBDC9C984BD630BC1BDA6
:10A00000F8C49A3D34F40F3DD0D05FBE4D81AC3DD5
:10A01000D34E6DBE9599523C64960DBE2FF7A93D67
:10A02000B43BA43A1C08093DF44FF0BCBC9264BC9C
:10A030002F698C3C1B9EDE3DB83E6CBD963F1F3E9B
:10A04000F67A273E419AB13A22ABDBBC5EBC5F3D5B
:10A05000007242BCC1FD00BC3DF11C3EBA68C83A6A
:10A060000B60CABC789680BEC7689DBDD9B27CBD66
:10A070008A02DD3D4C8BBABDF01989BA0CC9C9BC46
:10A08000240E99BDFC1C9F3C97CADBBC7FF508BE23
:10A09000D521B7BC4E61A53DA681FFBDCCB2A73C82
:10A0A0000F7D37BD4E97453B287FB73D5FCFD73CEF
:10A0B0004CC4FBBD4836D7BC63F030BD07793D3D8D
:10A0C000F22815BC2B4F90BEE543B03D3D299BBE09
:10A0D00048FA44BE176320BE0935C33CBE339ABD5F
:10A0E00007F0D63D3DB9263A92E77ABDC9E9CB3DA6
:10A0F000CBBABF3D49658A3C0A6A383E1E6C313E88
:10A1000044304EBD64CDC8BB868F48BD9D0E64BD36
:10A11000DACACBBD809E663EF60960BD1A34B4BD76
:10A12000FB58E1BDAD4E4EBC6023893DCE50DC3CBA
:10A1300065AB4BBC755AF7BD84F1D33B7C60C73C23
:10A1400023322C3CCEDE19BD2B6BBBBD72FAFABD9F
:10A15000E8309FBD431FECBD4EB7B4BE7F83763C55
:10A16000328E11BE57052A3DA489F73C49D699BEC7
:10A170009A059ABD014E5FBEE5B5B23DD93D593E47
:10A180000F27F0BD89D25E3AC619A3BD00ADF93CD8
:10A190002C9ACE3D48FC8A3D062D34BEC8D247BD20
:10A1A000B152813DBD0156BE2849173E9E62D53B46
:10A1B0002C0E27BE0DFAB23D58710A3E213C0A3ED4
:10A1C00054E024BDF7B0B7BE45BD60BDBBD2B23CC4
:10A1D0000E30433EBCE7C0BC931A0ABE8FFD9CBE46
:10A1E000AA9C16BEC2DB03BA537A06BE82E5883C3F
:10A1F0005D878A3DB58B29BD22E2E6BB72FB653CDB
:10A200000E677EBDEF1AD4BD653452BE14B449BD8D
:10A2100050A73CBDB51771BEFAB9213D6EA6C2BDAF
:10A220000B28943DABCE2ABD2D5EB4BE6B99CCBD40
:10A230006D5708BE8D286DBC048EE43DF33D83BD93
:10A240007F1560BC336A3EBD80498A3DF162213E84
:10A25000BB093E3CFF9214BE4148563DEDD4DCBCE8
:10A260009E0862BD226D033E3ACECD3D45BDA0BDE8
:10A270007FDAA83DCD57093EC16ED83DBD1E8CBDCD
:10A280007BDAC1BD3EB279BD83C0CA3C813D263D6B
:10A29000ECDA9EBDCDE41BBC19E8A2BED7F8ACBD7C
:10A2A00001DE82BC3C8647BD26E26DBD19FE533DF2
:10A2B0002CD545BD2426A8BCAE2CD13C18424EBDA1
:10A2C00094A340BD94F8BCBD44A511BD9F0521BD1C
:10A2D000BD362BBE742798BDC66F8ABD22FDF63CE5
:10A2E000E7FB29BD690205BE4CA90BBDFDFA61BEA5
:10A2F0006BB6F23BFA7CB43DA70890BDADA23F3DE2
:10A3000037004BBE05FDA53D4D30DC3DE3A4B03C20
:10A31000001EB1BD69E55E3D3448013DE205113DD9
:10A32000CD06993C4738CD3D2DB1D2BDDDB2A33D20
:10A3300047E8373E1807D73D7958A8BCA3013CBC75
:10A3400093C367BD3FE6433D81CB233E954406BEA4
:10A3500001F651BD653999BEE23E72BDA8718FBD4F
:10A360006E6ECC3C3068A1BD67D3513D10EB0DBC87
:10A37000A647D3BCFE5F35BD643AF43C0B46E5BD51
:10A380009164F6BDAF9851BD8B381D3B3F3774BD0E
:10A39000D6ABC8BB99BCC1BDD7346F3B2CD8C63C2B
:10A3A0007EFFE6BC1BB92E3D62F3F1BDB1312F3DFE
:10A3B000C1197C3DB43823BE4608EF3D8258AEBE7D
:10A3C0002523E73CB6A077BCF168E3BC679945BD9F
:10A3D000A585CB3BC7297ABD86C9143D85CC95BCE4
:10A3E0005054B63DB5FD8BBD4D0FEA3D8107363E5D
:10A3F00065566FBB63EC44BD624B0F3C9FCD2ABDDD
:10A40000AE2A7B3C0168B43DA373BEBDDB6CACBD22
:10A4100076891ABEF1A019BD3AE7A73C8A3F8A3C6B
:10A420006B8032BEB9A9413DD784B4BC8DB880BC25
:10A43000EDB94CBD6380843D63273CBDD5ED8CBD3B
:10A44000B2D5653DDE5A26BD61FC04BE9C18123DA6
:10A45000E3546BBD2FC42A3DBD3A4739B5C48ABD0C
:10A4600009C1CA3D20B509BDF7035EBD268FE73D92
:10A47000705F77BEF889033E61887CBEBE4C24BE07
:10A480000C4033BE2A8C2DBD8317FDBC9D65563D07
:10A490008597E03BF99E91BC2F36ADBB0BB4BB3D1D
:10A4A00084652C3D3354053D41B64C3E376F1C3B13
:10A4B0004D67273DC138B83CC009A5BD48C494BB11
:10A4C0003508233EB7B670BBC72A15BEA86DC3BCFE
:10A4D000E78D93BD9E95043EA3E881BDAE8258BE34
:10A4E000FCC441BD41D4FD3CC8258E3C74B7EBBCD7
:10A4F000EFE57E3D3E5D4DBE986B11BE2079673B1A
:10A5000001E0D8BD51D970BEA2D2883CDBC2F3BEF7
:10A51000DE563A3DA33CB33D4FB28DBE72A649BD57
:10A520008C659ABE035B653D9A79F23D5F264ABD14
:10A53000A9897E3D4C6D293C20B7BFBD2D974D3E6E
:10A5400093356A3C0A6AD8BD2B685A3D823A653D0C
:10A5500000FE39BE1A6FAB3C2B87963DF44D1A3C7A
:10A56000B60EEE3D0726073ECB489D3DC2120FBDFD
:10A570001C0B2ABE8A22A43BC61517BD5227A03D3C
:10A58000501804BE28B70DBE59FC36BED4298F3CE6
:10A590005F60D63C1F6A5BBCABE99ABD008DD2BD43
:10A5A000EC3452BDCBBD00BE57B06DBE3E9553BD21
:10A5B000D0808ABE5F0C8DBE7CF1053DD2A9EBBD7B
:10A5C000A9F50EBEC45B67BC7E39FBBED3D9C9B941
:10A5D0004D84AD3D9ED394BE44C18C3C537BA9BEFB
:10A5E000F5833ABC7F30003EF3AC24BC7288383D22
:10A5F0004A7E043DC2A438BD8CDA2D3EF9A3283C26
:10A60000635E07BE3E78AD3D00521B3B40DA3FBD66
:10A61000FC1CBF3DC879BF3D34F40F3D76FCB73D0F
:10A620008E73FB3D512D823DFED2A23B81CF8FBD6B
:10A630007F6BA7BC05A3523D4E633B3D69733CBE97
:10A640004D4C97BD2CF441BEBB5E9A3B2A01B1BC78
:10A65000B744AE3D335104BBC1CA61BD1B4A6D3D19
:10A66000ABEDE6BD986840BE03D27EBDD00A3CBECD
:10A6700090BD1EBE0F9BE83D86ACAEBD2558DCBD2F
:10A680005F42453D3C86C7BEC479783D2880123E76
:10A690009D9D1CBED5CCBA3DCEC65ABE7AA7A2BDE2
:10A6A000F566043E971C37BD7A6CCB3D82C6ECBD87
:10A6B000A0DCB6BC0322143E50340F3DEFFFA3BD17
:10A6C0007C43C13DF9DB1EBD9B3A8FBCB41D13BD5D
:10A6D0001EA5B23D62F3D13D33C29B3D02D8303E50
:10A6E000A92E603C80D6FC3AB8593CBD2846163CA1
:10A6F0002A56AD3DEB00A83D9B0344BE6347E3BC37
:10A70000977309BED9CFC2BDC218113CA323B93C6F
:10A71000EB1B98BC1F0FFDBCCA375BBCF4C3E8BD84
:10A7200087DD17BE6D3701BDFAED0BBE30D4C1BD5C
:10A730001DE4753A266DAABB4E41FEBD473E2FBBB8
:10A74000723136BE54AD053D09338D3D562D89BD60
:10A750006FA0403E8D24C1BDBDA7F2BD2925443E5A
:10A76000FA9B00BE3C84413EF775E0BDE0D5923DCA
:10A7700034824DBDDA1B9CBDD34C77BD66F4C33D1E
:10A7800016A75A3DFC6E3A3C616E37BEB136063DA7
:10A7900062D9CCBDEBC63B3DD943BB3D420587BC2E
:10A7A0003161B4BCE199503B3B8DB4BBC7B9CDBC62
:10A7B0001E8DC33CB35DC1BD7BA28BBDE0F4AEBDBD
:10A7C000F54718BE71E56C3E90BF34BB2C2A9ABE8B
:10A7D00076344EBDDFC23ABCEBFC5BBCF58069BE93
:10A7E0006D75993D2C44C7BD255BFDBD92088D3923
:10A7F000C30F4EBD259654BDC0D0A33D52D5C4BD98
:10A80000B0C6D93C944A983D636489BDA0E12D3E11
:10A81000431CEBBB54368CBD2CF1803E8BC028BE54
:10A8200041B8523E1D9074BE8E94AD3C87C352BD5C
:10A830000AF875BD3FFD87BD46EBA83C9D642BBC67
:10A8400074D27BBD7DD073BD083E86BCFFAF3ABDE0
:10A8500030A182BC0742323C98BDCC3D43AAA83C03
:10A86000B75FBEBC1478A7BD68AFFEBD21218A3D8D
:10A870000D8AE63CB4394EBD87FC93BD6F4A79BE64
:10A880006DE6303E3A074F3B94A192BEB90014BE2C
:10A8900031B5253DFA61443D91489BBDDB4FA63D56
:10A8A000ACE077BD7FDF3FBD5C91983AD1798DBD3B
:10A8B0000398B2BDFF3F5EBEC74961BDC3B8FB3D53
:10A8C000EB3969BD4B3FE1BB5F5E00BCEB36683DD9
:10A8D0002A6FC73DE42FCD3DFF23D3BCEA758BB96A
:10A8E0009013163E7495EE3B1C99A7BDD04282BDD5
:10A8F000D2C867BCA645FDBD8E0585BCC6FC5C3BC9
:10A900004E0C09BD494CD0BD2BA321BEB64A303BED
:10A91000D87D473C8D0AFC3DE927BCBD707B42BD1C
:10A92000991249BD4B7416BCA1D8CA3D77491CBDCC
:10A9300063F2A63D38D956BE7B4EBABDD82A813DBA
:10A94000AD4ECEBC36CC50BC3CD8E2BCD718743E21
:10A95000CD02EDBC1B1021BED6C5AD3D4F03A6BD3B
:10A96000E739C2BDFC19DE3CA3EA07BEDA5849BD8F
:10A97000A8578ABD098C753C1590F63C08E52DBE9C
:10A98000800B323D6074D93DC1E6FC3D07CF043EEB
:10A99000807EDF3D9F73773D48C0A83DEC13403D6E
:10A9A0007D41EB3DFF5973BC946C353DAAB61BBE8F
:10A9B000D38603BE30F19FBE90C1EABD2C829F3D7D
:10A9C0007BD9363DBB97FBBB05C3093E31D0D53D96
:10A9D00004750A3ED3F845BD207D13BE29B45CBE84
:10A9E000D976BABDF88BF9BD49F472BD282805BDEA
:10A9F000602173BD647355BC5168A9BE1BD5693A0B
:10AA0000FDDB653D31ED9B3DA400F13D77BD9CBE76
:10AA10003D7CD9BD6492913DFB598CBD69374ABEDE
:10AA2000BDE3D43D0EA14ABE417F21BD512ECDBD17
:10AA3000CE34E1BC111CF73DFE0D6ABEC5AC57BD5E
:10AA40009831C53D8445A53DA629E23D4B72C03DE8
:10AA5000ECC1A43B97E3953D1AFC0D3E986AE63D98
:10AA6000E89F603CD636053D601F2DBE55D937BEE8
:10AA700052D499BEF5DB67BE4C38F43DDEE7083EA4
:10AA8000711DE33D1A86EF3D62A08B3D0E82CE3DE7
:10AA9000E5292BBCA4A7E8BDA46EC7BD639BB4BDCC
:10AAA000D9AF3BBDD9439BBD73D7B2BDD99320BEAF
:10AAB00046CFAD3CEEB2AFBE904A313C2864673D14
:10AAC000E605983D5873803D5E65E5BE98BE57BA71
:10AAD000E2399B3DE40FC6BD381092BEC630A73D9B
:10AAE0001C292BBE7E8A83BDC6321DBE5F28C0BD19
:10AAF0000EDDAC3D78D02CBEB03D43BE7E1EA33DE6
:10AB00000612943D4D6AE83DB5A6B93DEA750B3A8B
:10AB10006364A93D6475AB3DD3A5DF3DDB511C3DAE
:10AB2000F35572BDE41580BE1EC519BE8C2DB4BE92
:10AB3000E8162ABEC5549A3D3CDD793D815B973DC0
:10AB40001E6B263E1A30083E3736DB3D54362C3C11
:10AB5000D769A4BCE4D8FABD85B531BDE694403DC3
:10AB60000A849DBD55D9D7BD698F57BE5AD7E83CD9
:10AB70004E0A9BBE3EB0633C5B08B23DD7F9D73D61
:10AB80008C9E1B3DF372D0BE4E26EEBCCC41503D98
:10AB9000EEEBC0BCDC10C3BEB2101D3EE8F4FCBD41
:10ABA0006570543D2FC2B4BD0B2759BE600217BE5D
:10ABB000D97795BECA1AADBEE0822C3DD26FDF3D7B
:10ABC0009ACD033E0CE7FA3DD2363EBD3FAC173E70
:10ABD000A52DAEBC67D7FD3D8142BDBC5F0944BE1B
:10ABE000E7E1A4BD539380BD0934E0BEBE2F6EBE25
:10ABF0006491863D8750853DA6B9253E450E313E80
:10AC000031B34F3E60C9053E37548C3C73B9C1BA6D
:10AC1000B45B6BBEB26882BE13D7913D5C571CBE5D
:10AC2000077B03BE34D854BEA35C1A3D32CC69BE48
:10AC30006B459B3D9544D63D8044B33D484EC63D53
:10AC40007638B2BE355F25BD118AAD3D51DA9BBC69
:10AC50008482EABE7218AC3D3B38583C6FBB00BEE4
:10AC6000A31FA5BE240B28BEC1551EBC5B5FA4BCA0
:10AC7000F4E08EBD488C0E3E23BFFE3D7044F73D90
:10AC80006AD9FA3DD8D38E3D6F48A33C27FA7C3D64
:10AC9000FE26943CC66D743D1DC8FABDD50712BD95
:10ACA00080452EBE38F5013C7504B0BD0682003EDD
:10ACB000BE4E6A3C49BD273C0F7C0C3ED1EAE43DC8
:10ACC000B79A353E4D4C47BE037DA2BCCC99CDBD55
:10ACD000191DF0BDA870043DF03584BDDEAE97BCF3
:10ACE0007AA7A2BEFC8A353D809CF0BDEC3026BD23
:10ACF000AC70AB3DEC4D8CBD4B20253D3C2F15BDC4
:10AD00004C6E04BE7C64033EFDBE7FBD32AA1CBEF9
:10AD100003426B3D6A6748BE008F28BC4EEE47BEBB
:10AD2000F8A4F3BDF5D6003D17D457BE1023443D1B
:10AD300027305D3DE82E493D8E793D3E7E57043EED
:10AD40009C6D6E3D6A31383ECA155E3CF73A693DEE
:10AD5000E063B0BC04AAFFBC3CDEA4BD2BD971BD2E
:10AD60008DD330BEB5C6E0BDEF1AF43D6A87FF3D16
:10AD70000B0ECF3D6A4FC93DEE60443DD2557A3D42
:10AD8000BDE3F4BDC902A6BC295A99BD2D0885BDF5
:10AD9000990C473C5261CCBDFD1417BEC39DEBBD61
:10ADA0006B7D913C6F830ABE9ACC983DC11D883D56
:10ADB0005FEC3D3CB16C663D1B0D60BEB49381BD44
:10ADC00097E4803C0F0FE1BC5A0F9FBDE23F5D3C12
:10ADD0009BAC11BE2E8E8ABDD9D02DBE1E50B63C66
:10ADE000FDC1803D944B8BBEC896253D2593133DF8
:10ADF000CC7B1CBD39D4AF3D5760483DC53CABBC96
:10AE0000802DCF3D08049A3D01A7973D9599D23BEF
:10AE1000AF5E053DCF12A4BDFB230CBD0FF2BABD42
:10AE20000C922EBEF7069F3D0F2BFC3DDDD13F3D22
:10AE30000438BD3D3737263D0264883DB93569BCCD
:10AE40000ADAE4BC47938B3C0515153DC7F4843DF5
:10AE500028D3C8BD0872D0BDCB2D7DBE2D05A4BCA6
:10AE6000C3F1FCBC412AA53D9430533DCAA5313DF8
:10AE7000062FFABB63B78FBDA8DF05BDB9E30DBDD3
:10AE80007FA573BC234A5BBEFC1BB43C37A617BE30
:10AE90002425BDBDAE633CBE93E524BD0B7ACF3DFA
:10AEA00090BFF4BDB5C03EBEB211083D068280BD64
:10AEB000ED2BAF3DCCB73E3D338AA5BD5B0CFE3DCF
:10AEC00091F02D3E8A22A43D58AD0CBD38F5A1BDB0
:10AED000FDBD54BD12117EBD931ADA37C58CF0BB8F
:10AEE0001D75743D10E6363E76197E3DC1A9AF3D15
:10AEF0004529813DFA25623DBB0D2A3DC6A6B5BD5B
:10AF00005320B3BD20240B3D6F84553E52D5443DA4
:10AF10002CA010BDE3FA8FBED4441FBC01FB68BD5A
:10AF2000CBD7E53D228C1F3D1FD99C3D166962BCE5
:10AF300007EFEBBD4E5EE43C21787CBD0AD9F9BC3D
:10AF40005BEC06BE834C923D011328BE9FE323BDFC
:10AF500080F4CDBD55DDC3BDE7702DBDE0B977BD33
:10AF6000BE2EDBBE5A83373D9F3D973C3752B63CE1
:10AF7000925E943DE4F510BE91EEE73DBC91093E32
:10AF800080B52A3D700B16BEF8FB453CDBC35EBDA9
:10AF9000CE70A3BDAF2203BE49682BBEFBE7C93DFF
:10AFA00072C2343E7CF2303D014C193E8126C23DD6
:10AFB0005BB4203ED9437B3C0E6528BDD95B7ABE8D
:10AFC000EB8D3ABE6534123E992AF8BD587506BE1F
:10AFD000666A9ABE7D09953C04E275BD1A501F3E13
:10AFE00098A4D23DB18AD73DF12F823C548C43BE08
:10AFF000255AF2BDB07092BCEA3F2BBD2D78B1BD91
:10B000000EF53BBC6F65A9BD1A873ABE44DC8CBE09
:10B01000399A9BBE726B92BD1E343BBC41F103BE9C
:10B020005CAFE93C815A4C3D6361283EE59C583E4B
:10B030002F6F8EBC9E3FCDBDDD7962BC041F03BC6B
:10B04000AFCC6B3E700BB63D0E1212BE5C0446BE1A
:10B050002711C13D2B1429BE0325753E74B6C03D92
:10B0600012A53D3DF5104D3D12FA293E02F3103E6A
:10B07000823A653DC344E3BD36066DBE9D6526BE7E
:10B0800077A0CE3D522C77BDCC0DA63D1CCFB7BED0
:10B09000492F8A3DEF90223D5A68273D3788063E6A
:10B0A0007EC3C4BDC3678BBDBAF685BD8F17D2BC46
:10B0B000C30FCEBC0055BCBD605713BED00A8C3D3B
:10B0C000D9B442BE0055BC3DC424FCBDE02B2ABE11
:10B0D000CF833BBC2FDC393CBC74533DCF9FB63C87
:10B0E000602008BE4836F73D910B0E3E0455233DC7
:10B0F0004D30FC3D6AA4A53C5FEFFEBA1E17D53D5E
:10B1000069524A3D42EE22BE315C1DBDF1664D3DA5
:10B110004F5A18BE8FAB413EDB152A3E06836B3D6E
:10B1200034BAA33DBEDCA73D1040AA3D9850413C37
:10B1300040689DBDE70021BE8350FEBD9E456F3D2A
:10B14000833423BD72FB05BE730E86BE7409073CB3
:10B15000B29CA4BDE7AAB93DEC689C3D33C4313C28
:10B1600011548DBD4695E1BDD0F2BC3C263489BD5D
:10B17000BAF81BBDAD18AEBD5DDCC63C28F482BE7E
:10B18000533EA4BDB151F6BD857AFABB5D6A843BDE
:10B19000047209BDB8567B3D2041713C8E731BBEC5
:10B1A0001AA4803DBEDC673DFB7351BB4983FB3D68
:10B1B0008F1DB43D6F65093CFB94A33D34BD043D38
:10B1C0006571FFBD634638BD44DE32BD5C5A1DBEAD
:10B1D0001684023E21AEDC3DA0500F3D3081BB3DC8
:10B1E00008CD6E3D344D983D8D27023D0F7E62386F
:10B1F00060CBABBD86AB033D0B7FE63D27BC84BC7B
:10B20000C0CCB7BD272F8ABE85281FBD32AFA33C57
:10B2100071CCB23DEFE1923D2A8D58BDB613A5BC6D
:10B2200000FDBEBCDD26DC3CE29223BDBC2022BD7D
:10B23000D062E9BD13D55B3DCB2B17BECA8730BEAC
:10B24000B68612BE210765BD9450FABB01A64C3DDF
:10B25000AC8EFCBDF016083D65890EBEC6898F3DDB
:10B260005305233D1E8C58BD60B1C63D19C5223E15
:10B2700003788B3D465B15BB13BA8BBDB1A246BEAE
:10B28000FB3B5BBD10CD9C3D60730EBE1616BC3DF6
:10B290006CCEC13D0228863D2EAEF13D9C50083D4E
:10B2A0003E06EB3D85B270BC9AEED5BD80D60CBE95
:10B2B000F224893DD15DF23D6938E5BCEDD331BD65
:10B2C0009F0260BEFA27B83BA375143D65389E3DCA
:10B2D000DC66AA3CCC7B9C3DF4350BBDB32355BC4E
:10B2E0000EBB6F3C193DB73AB114A9BD115598BDBD
:10B2F0000667903DF695E7BDB798FFBDAED649BD50
:10B30000B62F80BDEC4C21BDFF092E3E3E2399BED9
:10B3100071C6303DE63D8EBDBABF3A3DF6EDA43D67
:10B32000FC3694BE2A8F0E3EADDA153E8673AD3DD7
:10B33000390CE6BC46451CBCA81C23BE2C7DE8BCD1
:10B340005B3F7D3CE92CD3BDE8820A3E1476213E6A
:10B35000DE8D05BD2590923CCA31393EC8CFC63D31
:10B36000209A393D17B9E7BDDE1C4EBE4C53A4BD33
:10B3700061372C3E591882BD526508BE821F85BEBA
:10B3800039D3843C2E04393D4738AD3CAF9766BD78
:10B39000C85E8F3D282845BD9E5F54BD76F9D6BD59
:10B3A000F38E13BD55F788BD15FEECBDCD3EAFBD88
:10B3B0004DA008BED6AD9EBC14E728BEE50CADBEC0
:10B3C000B6DA033D34F2D93D7FF924BE6F832A3EBD
:10B3D000B1F722BD917C653EFCC4A13D9F570CBED8
:10B3E0003CBF38BE034401BDF7941CBCD3838A3EE6
:10B3F0004F1E163ED59133BEDDB504BDF5D73B3E9D
:10B40000E3A957BEED9AA03E4A7F873E3B3A2E3CC9
:10B410009AEF203D037B0C3EA06C7A3E0EA40BBC41
:10B420006A6CA7BECDCB81BE0DFD63BE431C8B3DB8
:10B430004C512EBDE4A1CFBD6D55CABE0DC733BD65
:10B440005B43293CAFE9E13DD026873C6E168FBDBA
:10B45000901005BE65562F3DFDF936BB4F0306BE65
:10B460008D4408BEEFC71DBE89D25EBDFC524FBEE3
:10B47000E23D073ED90804BDAA8136BEE6E7063C98
:10B48000F2EC723C3CF46DBE20D5B03CF20618BE26
:10B49000B66AD73DDCDA023E8D60A3BD938CBCBD9D
:10B4A000679B9BBCEC8582BC12693B3E58E2A13D88
:10B4B000274B3DBEB6F8143D78D1B73D73BB77BE80
:10B4C000E125783E35D01C3EE60558BD6780CB3D72
:10B4D000AFD0C73D904C173EE10A683D2D25CBBD4E
:10B4E00034F55ABECDCD57BE95283B3D9752173CFB
:10B4F00030D411BEEB1B48BEF3E6F0BCB1FC39BD45
:10B5000023F4D33D0054F13C328F7CBC72A4333D14
:10B51000E1615ABCF086B43CE33484BD897A81BDD4
:10B520007383A1BDFB743CBDBAF487BE7BC1A7BCCD
:10B530002BC1E2BB30F30DBEFC51143D5FEC3D3B33
:10B54000530408BECC61773D103B83BE7B88C63D6B
:10B55000226EEE3DF52EDEBCFEF3B43C00E4043C6E
:10B56000FF5888BC569BDF3DAFED8D3DD7C096BEE2
:10B57000481B073D910C793DB95184BED717093E50
:10B58000A3E8113E7B88C6BCD2363E3D274BCD3D5D
:10B590007270C93D01A2603D7B329FBD0A1411BE8D
:10B5A000070951BD0728AD3D1CCEFCBB8BDEC9BDD4
:10B5B00006DA5DBE7DCE5DBCDAC61FBC3290C73DEB
:10B5C000469521BD6F2D133C2E92F63CCCB8A9BCFC
:10B5D0001D2098BC1D015C3B33A8D6BD662D85BDE2
:10B5E000B685A7BD7BDC87BE72C3EFBB024617BD25
:10B5F000A9D9A3BDE7197B3C5EBEB53D6FF2DBBDAB
:10B6000005E14A3DD8BC6ABE84BC5E3DD40EDF3D38
:10B61000770F90BE98F8833DBF628D3C9468493C9B
:10B620004EEE373D4DDCAA3C9B55DFBE33FAD13C94
:10B63000CE36B73D661566BEB378B13DB076D43D23
:10B64000494BE5BC882C923DADBFC53DBEBE063E14
:10B65000A8FCEB3C500130BD6CB246BD1BA0943D34
:10B66000506DD03D49136FBC763363BD72BF53BE7E
:10B670006F12033BE481483D844B473D0CADEEBD6A
:10B68000E543103DDC8225BC54A9D93C92CC2ABDAF
:10B690009E79793D3CA448BEE82E89BC40BF2FBEB0
:10B6A000302E05BEBDA7923D5116BEBBB6F37D3B05
:10B6B0001BF24F3B8B8C3E3E4A4197BD2A56AD3D17
:10B6C000F78E0ABE3D29133CEDF1023EA838AEBE0E
:10B6D0005018D43DFED503BE478E743D6057933D50
:10B6E0000A67373C2638B5BEAB5D933D0667F03D33
:10B6F0009E618ABD55A3073EF5833A3D013119BECF
:10B700002F86F2BD2DCE183E45123D3DDB33CBBC1E
:10B71000E57CF1BD27F650BDDB89123B9EEB7B3DFE
:10B7200065A80ABC7731EDBDB554DEBDB60E4EBD81
:10B73000C0CB0C3EA913103D6935ACBE1CB5E23D33
:10B740005B600FBD44E0483D9C4E22BEAF0BBF3C4A
:10B7500043AB63BEC7D5483DB7EE16BE779E18BE55
:10B760005182FE3C554FE6BCE60495BE356351BBA5
:10B7700031CF4A3D350C0FBE2D60E23DEE0A2DBEA5
:10B780008AAD403EC3F2A73DD3A21EBEC44057BD02
:10B79000158B1FBE139C3A3D8E3F613E0D1C303E03
:10B7A0003562E6BD8A3E5FBDFA5FA63E07404CBEED
:10B7B000BB5E7A3EF0698E3E9C6C33BE8E57C03DB8
:10B7C000793AB73D3FFDB73E80996FBC06F25CBE4B
:10B7D000BE169CBE2C4738BE4930953DC1C7203DA2
:10B7E000232C3ABE844826BE925BB3BD1DE495BDB2
:10B7F000F642313EFE7E31BEED29393DA4C76F3D94
:10B80000FDF58A3C093498BDC1FEEBBCA2D42EBE26
:10B81000E9812FBEE08161BE137EC1BE6CE9913D1E
:10B82000C8CEDBBA93C7A3BEE71D273CF489BC3D55
:10B83000AD6B54BE22C7363ECADDBFBE7B686F3ECD
:10B84000938E023E30F2E2BED3A20EBE13B910BEFA
:10B85000645BE63D3540293ED4F1283E814295BEE9
:10B86000022BE7BDC2FB4A3EC7DA87BE23867D3E78
:10B870002C9C543E144091BE23DA2E3EB324C03D8E
:10B88000E4837E3EABE7A43C58370EBE653783BEEB
:10B8900067D389BE3D46D93DE0D65D3E5B7D45BE62
:10B8A000E6774ABEF98517BD2619B9BD30F5533E76
:10B8B000D17832BE5AD6FD3D0A13063EF5BE71BCA4
:10B8C00090A2CE3CC746203D70EC19BE054D6BBE24
:10B8D000C2C073BE0954F7BE306560BA28B6823B59
:10B8E000DFDC4FBE1D90043D52D5C43DA9174CBEB0
:10B8F00033E2123E2785C1BED80E263E8FA9BB3D3E
:10B900006A8628BFA0A450BE355D8FBD2922E33DC5
:10B910001F0F0D3E14204A3E0AF6E7BE2BDEC8BCC0
:10B920004300103EB2F4C9BE07B1533E9BE63D3E14
:10B93000621597BEA5D7E63D6842933C855D243EDF
:10B94000AED55E3D29EC62BD61FDBFBD7F3391BDCB
:10B95000EB36183EFA47DF3D3B5619BEC5031ABE0B
:10B960003658D83D5C3E92BB198D0C3ED99330BE03
:10B970007F69F13DDD5D173E8F541F3DCC0D863B49
:10B98000AED4333B3C2FD5BDDD0CD7BDC1A7B1BE76
:10B99000EB90DBBE715604BDFA6184BAF3058DBD30
:10B9A000A54D95BD5C8F023E3A3CA4BD3B8C293E23
:10B9B000E2EA70BEB070B23DD66FA63DFE6517BF1D
:10B9C0002F19C7BC30F39DBCFA99BA3D8462EB3D98
:10B9D000F511483E849CFFBEC634133D586FF43DBC
:10B9E000637DEBBE5CCA393DA915063E572797BE5D
:10B9F0002520863D26706BBCEE3DDC3D04AF163C39
:10BA00009291B3BAC80B29BD1D588EBDE338403E94
:10BA10009548A23D1C0914BEF7AE51BEE4A16F3C8F
:10BA200055F8D33D965C853D944C1EBE560C173E92
:10BA3000C9767E3D58C59B3D7730E2BCDA758F3DB7
:10BA4000B1A587BDDC4904BDAD4CE0BE1E5056BE5D
:10BA5000A644B23DFA0927BDF1487C3D209A79BD44
:10BA6000E7AB143E65A6B43BD316B73DABCEAABD3B
:10BA70001BA0D43DEDBAD73D9702F2BEB058C3BD6E
:10BA8000B4E647BDF0A4053EBA69233E1D02A73DBA
:10BA9000800BB2BE8E78323C8065A53D6C789ABE34
:10BAA00000529BBBB6DA43BC0728BDBEC26C02BDC8
:10BAB000F278BA3D80D6FC3BDB6F6DBD8107063D59
:10BAC000573DC0BDE4684EBDA930363D8F8A3FBDAD
:10BAD000506E9BBD0D1C90BD069F66BC1E6CB13D9B
:10BAE00054AD053C705B7BBE304B2B3E1190EF3D5F
:10BAF0009620A33D419E8DBEDA3B433E221A2DBEC9
:10BB0000C7D49D3D338BD03D24973FBDDB338B3D68
:10BB10009CE126BEB70BCDBDE40F86BDF304823D8C
:10BB2000A167F33D7383A13C1399393AACC5A7BA19
:10BB30000C3E8D3D287E0C3DB0E4AABCF0DC7B3D84
:10BB4000FD4ED33DB378513EC70DFFBD73F61EBE0B
:10BB5000EAB343BD609420BE1EA62DBEB8CBFEBC8A
:10BB600067282EBDCC7906BDC28627BC64CB723E49
:10BB7000CC43363ED31607BE041ED83D6E8520BE8C
:10BB80009C8AB4BDC1740ABE2E7059BED2FB26BEBB
:10BB9000B9C27B3D90662CBDA11342BE04719EBD0F
:10BBA0006004CDBD45F295BA2A1EB73DD26D19BECF
:10BBB000CD9115BC69C7AD3DE60598BD47AD60BEEA
:10BBC0001DE7B63DE2B15FBEACE0973D014ECFBD93
:10BBD000C72EA1BE37A53C3C6B638C3D3B56493E0E
:10BBE0000E6A3F3C0F468C3DDF701F3EA0FB723D4E
:10BBF000A7026E3E80D6FC3D4F025B3DA56B163E14
:10BC00007E02A83D5DFAA7BE6AF806BE399A23BD3A
:10BC10003A1ECBBE287C66BE3C30803C028013BE00
:10BC2000588E203E71C6D03DEC31013E67B92C3EA6
:10BC30003CC0933BE2C8133EBB47D6BEA60FADBE89
:10BC4000D463A3BEABB3A2BE225001BF412D86BCBC
:10BC50003F8EE63BAFD0D7BEA724ABBDCFF3A7BD89
:10BC6000ABEDE63D8B6FA83C07B494BE65A5193ECD
:10BC7000B43BA43B906BC33D14CC28BE5B272E3E47
:10BC80003528DABDE8C11D3D4BCB58BE475400BF37
:10BC9000CD1E283DCDCC0C3D93E04D3E33A8B63CA7
:10BCA00022E2663C21E9B33DC5AC573D3127483E11
:10BCB0006A86343E677F003E2880123EA2B5E23D90
:10BCC000081C11BFAB25DDBD23A1ADBCC72DE6BE51
:10BCD000920702BE426005BE4DD783BED4992B3E6B
:10BCE0002EC70B3E828BD53D21B0F23D82C8A23DCE
:10BCF000AABB123E82700DBFF7E7CABE67F3D0BE83
:10BD000067F017BE2D602EBFBAF3E4BDF758FABA3C
:10BD1000A5A0ABBE072667BE2BDC32BDF965503E41
:10BD2000817687BBBEC07CBE1B2D873DC36254BCE1
:10BD3000C24CBB3D462620BE86553C3E342F87BCB8
:10BD40008177D2BD15A885BEEBC9ACBEBCCC903DF9
:10BD5000639AE93BD74E94BB1FBCF63C658D7ABD18
:10BD600021AD913DEA78CCB9739E313EC5AC173E0A
:10BD7000A5DAE73DDC9C2A3E1C5E103D406819BFF9
:10BD8000B0C6993D12A0A6BB5CE7B7BEE5D5F9BD2C
:10BD90007E73DFBD9CC292BEED29293EEE08873D31
:10BDA000F183033E0ED7EA3C9C36633D0953843E43
:10BDB000D68C28BF77A00EBE0D8AB6BE3E92923DAD
:10BDC000D89B58BE3CDD09BE147B88BD82E392BE81
:10BDD0000D34DFBDAFD087BD0877273E62825ABDE4
:10BDE000B5DF6ABE0FEECE3B021097BD94DB163E68
:10BDF000801091BE35427F3D36212D3DB760B1BEEA
:10BE000056F384BEBC9284BD1AFA773E6E8716BE86
:10BE1000B05790BE3C8306BC2A57F8BDE448273D86
:10BE200022FC1BBE7D9712BD34F4AF3D1EA3DC3D4A
:10BE300034668A3E6DE224BD5629BDBE4E7F063E65
:10BE400047C7D53DA4A592BD43588DBDE561A1BCB2
:10BE5000B1FCB9BDD82A413C5704FF3CCDC8403E97
:10BE6000E0DB74BD49D74C3D3F6ECF3EAF7C76BE24
:10BE7000D42B253D6F822FBDCEC60A3DFF036CBD7E
:10BE8000043A53BD33883FBE7F6B77BEA43887BD6D
:10BE900048324BBE8DED153EB2BE813C38BB25BE4F
:10BEA0000D6C15BAB9C190BDBD8B973D2C9A96BE4D
:10BEB000DC2A183E2BA587BD5FD4CEBD1C445BBEDB
:10BEC000941781BE6C412FBEBF60473E66D9533D7B
:10BED000F12FE23DFA09E73CADA3AA3C8237643D6D
:10BEE000A359F93D46248ABCE99A493CF565E9BC69
:10BEF0005709363E0BEDBCBD8EE703BE4FEBF6BDDA
:10BF0000DD2832BD446E36BE8C9E3B3E7F4D263EC4
:10BF100026C7FD3D4E7DA0BD13B5543E72335CBABD
:10BF2000FED6AEBEBADBF53CF3ABF9BD0470F3BD93
:10BF30006EC21DBEC284B1BDA569F0BD8257ABBD46
:10BF40001CB1163D3064F5BDF207A3BDE65D353D7D
:10BF50004B7581BCD17476BDCB8625BEF6B5CEBD02
:10BF60008A39E83D240F043E9A96B8BDB398B83D8F
:10BF7000A1BD0ABE865712BCA6452DBED99596BE58
:10BF8000DA8D3EBDB93353BDED62BA3DDA92D5BC10
:10BF9000FBCEAFBDB22F593C55DF79BC158C2A3E84
:10BFA0008FFF823DD61C20BD0229913DBF292CBBAD
:10BFB00092599DBD8E5C77BD5EB95E3C77A38FBC08
:10BFC000902DCBBC0DC22C3E1CD13D3DA94C913DCA
:10BFD00058013E3D4F5DF9BB62670ABDD8BB0FBE3D
:10BFE000F981CB3D28271ABE4068A5BE3D2A3EBE3A
:10BFF000925DC9BD702355BE20F1ABBD78B386BC40
:10C0000066A19DBC4E0CC9BC9DBDB33C15C7013E8D
:10C010009819B6BCFEEFE8BD4145053E9D63C0BC26
:10C02000815B273EE624343E3DF0313D234CD1BCBC
:10C03000DCF33CBD357A85BE50008DBEC0ED093DB8
:10C0400062A156BDE928473D6E684ABCFFD0CCBC12
:10C05000FF5808BD90BD5E3C6F83DA3D313F973D90
:10C06000DC1239BBCF30D53D3145B9BBFDF57ABEC9
:10C07000A8C7B63BD6C7433DA379A0BDB7416DBDA8
:10C080009F02803DEFFE38BDE2AC883D1268B03CB7
:10C090001CB5423BAF7915BD6A4B5DBD0C75183EB2
:10C0A000698D89BE98C178BE8C8280BE081C89BD0E
:10C0B000B2F376BD245E9EBDA0F9BCBDA85233BCD0
:10C0C0003E5B873D14D18FBD61A5A23D147B68BD49
:10C0D000F0F981BDBC95C53D615111BD46D1C33D4F
:10C0E0009D9F523E05A47D3D041CA23D289E63BE3B
:10C0F000AD887ABE40A374BD7973B83B170F6FBC8F
:10C10000A5F40CBD9221C73CC3F0D1BD301385BD51
:10C11000F9A112BDEC15963CF3CAD53D7A396CBC39
:10C120009C36E33DC39F813DB4E461BECAC5983CE3
:10C130004353763D48FE80BDBD37863581780D3E40
:10C1400062BE3CBE98A7333D66BBC2BC24F0073C30
:10C1500006D6B1BD88D60A3CC0CECD3DC26A94BEDB
:10C160008A3A733D878770BEE23F5D3CA7B313BC3C
:10C1700025AEA3BDE0490BBE7FF683BD9CA60F3E56
:10C1800021054FBE2E1D733D700BB6BD132CEEBDA9
:10C19000187AA43D1A69C9BD3AAE263EEA5C413E12
:10C1A0000F289BBB6956763DD594BCBE904F98BE78
:10C1B000BC5898BCA14AAD3DDE5A863D3AE64CBE1D
:10C1C000C4999FBDAA81E6BD7A55C7BDD5D036BEFC
:10C1D00036574DBD94136D3CB96DBF3DCD3ECF3D3F
:10C1E000E3A85C3C7D237ABDA5D7663DA0E1CD3DAB
:10C1F0005CC64DBDBB44753C2E71343E473A03BD11
:10C200002B2F793C055137BE8E765C3CFFCCA0BE0F
:10C21000E84D853DAED95A3E5E833E3CC7801C3E0C
:10C22000DD4598BB1FF4CC3D7617A83C774871BD1F
:10C23000D81127BE82755CBDB857E63C8AE47BBE48
:10C2400061DD783D6F2A92BD4A7DD9BD6D3616BD40
:10C25000D0D641BDEB39493EA4E4053E50AA1D3E6F
:10C26000BE6CBBBD0CCDA5BE3BE4DEBE641E39BEBC
:10C2700041288FBEADDAB53D598A64BDCF86BCBDBD
:10C28000DB3551BE51DB263E3202AABCA818E73D81
:10C29000C13B49BE162F96BC97E56BBD83171D3E6B
:10C2A00093A75C3E904BBCBD7B4A6EBECC40353EF6
:10C2B0008E0139BEED9CBE3E4F57573E9E08E23D73
:10C2C000139CFABAFD30123EE40FC63DA791D6BECC
:10C2D000D0D4EBBD7520EBBC9EEA50BE438DE2BDD1
:10C2E000CF685BBEB4583ABE04C65ABE09DDC53D30
:10C2F00070EF1ABD1ABF903DCBDB913D47C7B5BD6E
:10C300005B0BF3BD57E8E3BD23BDA83D82AD92BCF6
:10C31000A14CC33D1CD012BE49F3873D7BDDA2BCBE
:10C320001C5ED0BDF56975BE15521EBE300EAEBD89
:10C330006822CCBD7193D13CE75492BD9D8131BE42
:10C34000E353C03D6FF0A53D2DE9283DAC587C3C42
:10C35000F4C087BD0536273DA741D13B2EC8F63D29
:10C360003BA7B9BDCBA02ABE1FBDC13DBC7A95BDC0
:10C37000815A1C3E26C6923DFEB8FD3C2E3C6F3DC8
:10C38000842C0B3DA83AE43C82907CBE02D4543D00
:10C390008A8FEFBD80808DBE558932BC6269E0BC5A
:10C3A00030125ABD124B1ABE88D735BD153AAF3D73
:10C3B00088DA363D31B30F3D0A14D13D7CD41FBE1F
:10C3C0005D36BA3DF3E2A43DDCD5ABBD6AA2AF3D1C
:10C3D00083C0EA3D5ED5D93C6BF129BDAA65EBBDB2
:10C3E000336E3ABEB4765BBDD4BA8DBC527D27BDE8
:10C3F0006EC4933C0F2BDC3B927ACFBD3CF41D3DC9
:10C40000DE1E843DE23AA63D45BB4A3DDECCA8BDDA
:10C41000375577BB8907143DA4A6BD3DC58C703C3C
:10C42000ECC0793DBB97FB3B6AF5553CC971273B96
:10C4300027A089BBEF75123D5DC08B3D40D914BD6F
:10C44000D84AE83B554FA6BDD9433B3DD71212BE53
:10C450008F393FBE4180ECBDD386C3BBF38DE8BCB2
:10C46000B56F8EBD46CFADBDDDB1183DF913F53DBD
:10C47000FF3D98BD6E6E4C3DEB57FABD54E1CF3C8D
:10C48000F145FB3C04ADC0BC0667703D4C54EF3D2C
:10C49000F486FB3C844A9C3D21C821BEB72AE9BDF5
:10C4A000842EA13D5B4369BD342DB1BB1101873A98
:10C4B00089EF443BCCF18ABC8C82603C9566333D6D
:10C4C000971B8CBCE59BCD3DE201E5BD5DFD58BBF6
:10C4D000A987A83D7AC3DD3DC64F633D0D1B253DB1
:10C4E0009EB6A6BD9F71613D5F28E03C95F315BEE9
:10C4F000FE7D463C4182E23C5D514ABD5CE4BEBDEE
:10C5000020B6F4BC5435413D249C56BD0B28543C08
:10C51000C8940FBEBD8E383D5985CD38F0DCDBBDEB
:10C5200096ED83BD51DD5C3D0DFB9D3DCAFC83BE98
:10C53000DE593B3CA69D9ABC26FEA83C361D81BC1C
:10C54000E38DCC3CF168633D1093D03D4033E8BDB2
:10C550007C2AA73DACFE58BEC2883DBEE945ED3BF6
:10C560002F87FDBD04FEF0BC47C92BBDD92695BD64
:10C570002FDBCE3C7769433D732A59BDCD056E3D17
:10C580005AD5123C04E40BBDB8CB3EBDE485743DE6
:10C590006AA5F03DAC738C3DA3CA703DFAD4B13CA2
:10C5A0003065E03910B0163E0FEDE3BC182588BDAC
:10C5B00077107BBE0CEA2BBEB30BA6BD410C74BD3D
:10C5C000F700BD3DF244B03D363C2D3E9B1F3F3D44
:10C5D000D028DD3DBC5BD93CC9C6433D2233173D65
:10C5E000D6A7DCBD471E883DDEC666BEBAD8B4BC41
:10C5F0000CAC63BC47E932BEF9C04EBDA3AFA03C52
:10C60000A358CE3D774C0D3E759403BCD6FECEBCF0
:10C61000E89F20BE8595B2BE231601BE7DCAC9BE65
:10C620008141D2BD690192BE30D6373DFF2258BE4E
:10C630001BD6AC3E4BB1833DC13898BD6809A2BE44
:10C64000179C01BEC233613D10CD3C3DF2798D3E59
:10C65000A834E2BCD731A6BEFC55603E1B657DBC4C
:10C6600027669D3EE6776A3EC2DB83BBA94F923DBB
:10C67000800D883AC5CB233E336F95BE2AE274BD48
:10C680007B6764BEEE26F8BDDAC9A03DA0FD803E02
:10C690009D1250BECFF78BBE371BEBBDE545C6BD27
:10C6A000E04A963D4B7416BEEE23B73C348368BE19
:10C6B0003BFF363D4EF1383EB7260DBEDB31753DB2
:10C6C00038A306BE00AA383D8CBF6D3C3BE0BABB28
:10C6D00001A521BE5FCF17BDD1B103BE69372ABE08
:10C6E0002E3BC4BC3CDAB83C5E2C5CBE3D80C53DF4
:10C6F000C34A053D27A34ABBB08D18BE8CBF8DBD74
:10C70000F3E2A43DE35596BD2B89EC3DBB7DB63DE0
:10C710006CCE31BE5AF2983DCCEE49BCD655E13DC7
:10C7200054C8D53D587380BA1DAFA03D191FE6BD52
:10C730000F7CAC3DCDCD67BEB8AE983D1440F1BD89
:10C74000702701BE0BF05D3D4B01293D6F106DBDA3
:10C750009FAF19BD4EB72CBD90879EBDECA2683D22
:10C7600072E055BCA56ADB3D21560FBE07ECEA3CE2
:10C770007BDD223D723708BEDB86113D17D3CC3DF1
:10C78000857739BCBBF1EEBA35B316BC77BD44BE74
:10C79000A8FF2C3D6C920FBED6AC33BEC11CBD3D74
:10C7A000C828CFBBDF6F94BD58ACC13DD63BDC3B46
:10C7B0001D38A73DF0C256BBF983A1BD919C8C3DAD
:10C7C00026E443BDFE43BA3DB0C6D93C21B072BD9C
:10C7D000A391CF3CD80DDB3CB263A3BCDAA9B93B33
:10C7E0003B704EBB76A7DB3D8E75B1BDBB0B943D58
:10C7F0006EA28EBE20B6743C55A016BD69512FBEE8
:10C80000CE1B27BD821B893D425CB9BC9D133BBD3D
:10C8100013D305BDB1355BBD58CB9D3C42228DBDC8
:10C8200004E5B63D9F9409BD22E266BB94A215BD06
:10C8300098A1F1BCD4B6E13C5055C13D4F20ACBDF0
:10C84000ED48753C54AAC43D66111ABEEBC4E53DE3
:10C8500002B914BEEE972FBE19AD633D3927763A63
:10C86000E869C03CA6EFB53D0A4D92BCF4E02EBD90
:10C870000AF74A3CDE0229BE342DB13BD8463C3D86
:10C880002A8B023E2A72883D53758FBCFCE4A8BCFB
:10C890001DE4F53C1EFC44BCED9E2CBE2A5778BD21
:10C8A000917FE63C3A78A63C880D963DC89AB9BE81
:10C8B0002E008D3BC2853C3D1493373D4F5B63BDDD
:10C8C000DF196D3DB1A6323C7809CEBC2FFC203D6E
:10C8D000CB2F43BD83F92BBDD84531BE7FBF183D5B
:10C8E000A5F5B7BBB265793C9302CBBD0458E43CD7
:10C8F0009D9CA1BB944E643D917DF0BD1FF8B83D59
:10C900009A059A3D8A0067BE103DC93D0F489ABE00
:10C910004CFD5CBE23BD283E1E3586BDDBC1883C78
:10C9200063D4153E6005F8BD6AFA6C397976F93C36
:10C93000682452BE4260653A5245113E0117143ECA
:10C94000C05D36BD46B49DBC63420C3DA6BA003DF9
:10C95000A933273EDBE0C4BC17D8C3BD5247C7BDCF
:10C960007F85ECBDD02772BC9885AEBECB811EBD45
:10C970002A00E63D357DB63D2C4407BD7F349C3C06
:10C98000056A913DE2759D3DADF9913D9C3518BE1E
:10C990000E85CF3C40FAE6BD26FD3D3B1497E33CB7
:10C9A0000E161EBE677BD4BD9B702FBDA2CF073D68
:10C9B0009BAA3B3D96ED73BEA8E11B3E08220BBB34
:10C9C0002B8445BE09C3A0BEB397ADBEF86DA0BE13
:10C9D000556C0CBDBCEAA1BD111A21BEA181903ECF
:10C9E000BC5C243EE55EB8BE57B34E3C200A26BE72
:10C9F000003B073EC58EA6BDDAE24A3E1EE1B439D1
:10CA0000704467BEFD4E333EEBC63B3D6BD6A93E40
:10CA1000A0C2713E59F9ADBE0A6A783E54E666BEC0
:10CA2000651C733E4D2D1BBEEFC8583DFBE7B1BEE4
:10CA30005EBC0FBE6F49CE3D29085E3EA4198BBC7B
:10CA400066A15DBD034130BEAC8EBCBDD4B74C3CCD
:10CA5000FE2AD8BEDF6E493D5AD552BD72C2A43DF2
:10CA6000E9D1343E965F86BEA9DDCF3DEFE1F2BD50
:10CA7000A6484EBEBDE0B33D6DE610BB375216BEB4
:10CA800094F987BD7A6F5CBE03087FBE04AD003E9B
:10CA90009B3AAFBD4C1AA3BD28600B3EC710403D6A
:10CAA000CAC041BE6BBA0EBE9B1BB3BDBF800E3E5B
:10CAB0000FB909BE2C44E73D0729B83DACE443BE9D
:10CAC000C3D7D73DD540B33D88B8093E726ED33D3C
:10CAD00071CA7CBE9D9C413E15372EBEDA53F23D95
:10CAE000AF22E3BD5FEFBE3DD92219BEDE9006BD89
:10CAF0007AFBF33CF623C53D780BA4BC253C21BD55
:10CB000058C7F1BC5F7BE6BD9C15B1BD92597DBE97
:10CB10006F2DD33D988576BD5ABB6D3C6F0F423D5E
:10CB2000A2CF07BE3A070F3D35B2AB3CB00191BD75
:10CB300051A5A63D963E343DCAFE29BE9DD8833DF3
:10CB400094848CBE76715BBE7D79E13D57B2E3BCC7
:10CB50000AA1033C7E74EA3DBBD1473B69551BBE2D
:10CB600053790BBE60E8D1BD67989A3D8BE16A3A74
:10CB7000D602BB3D8123813D24D10BBDCCCFAD3D41
:10CB8000E204263CDA70183D2FFA0A3D82AC07BE5B
:10CB90004A9ADF3D40FAA6BDFA0E9E3D3195FEBD94
:10CBA0008481673D029C5EBD6059E9BC328F7CBCCC
:10CBB000AC8B5B3D9FE44E3D02A08ABD8753E6BC33
:10CBC000AAD2F6BDC05CABBDD82D82BEBE32AF3D91
:10CBD000FA7B89BD45DA063DBD723DBD813F7CBD16
:10CBE0000B5FDFBDA777B13DFE9A6CBD924083BC61
:10CBF000CBF5B63CDB14CFBD7E1B023E3ACD32BE38
:10CC00005E66D8BDD87E423E78D3CDBD410E4A3D4A
:10CC1000419A313DA25D35BE460C9BBD7578A8BDDD
:10CC2000C6DECBBDE5624C3D060FF33D1B13E23D76
:10CC300047718E3BF2B3113D240B18BB7EE4563B8B
:10CC400044C0A13C3FC5D1BDE9EF65BD19A9F7BB03
:10CC500046D3593C15372EBD2CBB00BEFC71FB3CA6
:10CC6000F9DB9E3C49801A3C6CEE683C39B5933D3B
:10CC70006FD6803D5DE0723C7A8C32BD0BD3B7BD80
:10CC800022A519BDE6AE45BEF5F6273D3D9B953D77
:10CC9000BD01263D8143A8BDA643673DCAFDEEBD4B
:10CCA00089ED8E3DC3D5013D9B1BD3BC1809AD3D1D
:10CCB000562C1EBE4A08263ECA1744BE19A917BEE6
:10CCC000EA08E03DF70697BE0BD036BDE25CE33DD7
:10CCD000A35783BE7CD3F43C37FC2EBD6C4305BD0B
:10CCE000BFF135BCA3CE0C3ED157103E7EAC60BC2C
:10CCF0005BD1A63DD042A2BDC5538F3B459C0E3EA5
:10CD0000F8DF4ABD32712BBD0FD2B3BDDB8992BBB8
:10CD1000910E8FBDA2D45EBDD6AD0EBECFDB583C0A
:10CD2000357FCCBC9698E7BC5DA365BC6329123DFA
:10CD300091D0B63D6D3A82BCFC6D4FBEBAA33FBDEB
:10CD40009CDE05BDEA219A3D1EC5793D999F5BBDDC
:10CD500004C810BD766D2F3D1C6161BEC24E713D91
:10CD60003FFEB2BD95D5F4BD12C1683EC824833ED6
:10CD7000DC4613BE545237BE9BABE6BCE9F18B3E9A
:10CD80001879D9BD4608AFBDCDAFE6BB37333A3DC4
:10CD9000B7638ABD5F45C63D20EF95BD228D0ABEB3
:10CDA000C025803D5A83773C0E821EBE6C40843D78
:10CDB00074EF81BDE5250FBEDF319CBDB7D140BD0D
:10CDC000AC5365BDB455C93DD0B4C43D770F50BC1C
:10CDD000397B87BDE3FC2D3EAD188EBDF4DCA2BDD2
:10CDE000A6F0A0BDD9D0CDBC11E094BD3E7AE33D04
:10CDF000A9897EBD7E8F7ABDF59FF5BD3CA4B8BDE7
:10CE000027697EBBC421DBBD73632ABE33DDEB3BE8
:10CE1000A227A5BDBC76E9BCAE2A3BBEC158DF3A0D
:10CE2000757311BEA8568F3E0ABC8B3E994693BDC2
:10CE3000CB49C8BDC9C8093E0915A43E7EFC25BD25
:10CE400059F9253D6ADD46BD4BCA5DBDCC41503C1C
:10CE50009E4399BD48FB1FBD0420AEBD4F5DB93D4B
:10CE60001EDC1DBD0C5812BE1EFBF93D359A9CBD43
:10CE7000035F71BEB81D9ABCB4761B3DF4A78DBB91
:10CE80005EA18FBC6C43C53ACFF51DBEAC7221BD0F
:10CE900096D1C83DB7416DBCB5A7C4BD388680BC2E
:10CEA0001D041DBD18210CBEA774D03D7CBA3ABD2F
:10CEB000681FCBBDC6F850BE0744C8BD3F5244BD35
:10CEC000B69F1CBEB6BCD2BD60CD01BE855E7FBD27
:10CED000376F1CBC4EEC01BE9F3D17BD67612FBE76
:10CEE0001B2D873E8E403C3EF4E06EBC1502B93DE2
:10CEF00081D04A3E3EB2493EE04DB7BD56BA9BBDD9
:10CF00009CC2CABD7AE219BE3D65D53D161892BDD8
:10CF10006613803E0DE1083E1C3F643E880D06BE50
:10CF2000A12B013E51A5263E643E803DE95F32BE05
:10CF30000247C2BD881017BDB39597BD27874FBE66
:10CF400089B2F73D543B63BEDCB9B03C1CEE63BD17
:10CF5000B08D783D0B9800BED97820BE4DA329BE78
:10CF6000ABCC14BE24B97C3C2061D8BDE69686BE0D
:10CF700014B243BEDE7483BEAEBCC43D53EAB2BD40
:10CF80008317BDBD23DAEEBD3B3818BED445AABD1C
:10CF9000D9B171BE79ACB9BD1904B6BD75AF933DB9
:10CFA0002715ADBDA51008BEF0FC223E4C89C43D3E
:10CFB000E4D624BD5470F83C65E11BBE574081BEE9
:10CFC0003B3898BECBF5563E5AF39BBEE410993ED3
:10CFD000FDC0753E465B353EFA625FBEA7B3133EA9
:10CFE00007256C3E363EB33DC383E6BD705D51BE42
:10CFF000AA7F10BED34EADBDB8E8BCBE8C648F3BDB
:10D00000D1B008BE54E6863D8929413E9432293C80
:10D010006C5BB4BD11AA04BE454B9EBC6FBB50BC3B
:10D02000A4C333BED4B671BEA5F351BEA2415ABE4D
:10D03000492EA7BE8787903EB4CA2CBEDCDA22BE3A
:10D0400030627FBEE78E86BE492D943C23DBD9BD7E
:10D05000327567BE01BD30BDCFBF09BFFC6F25BEB5
:10D060002FF95F3DF013473E1E8CF83D38690ABE2C
:10D070005F0CA53DAFCE61BE4641E0BEB9889FBE04
:10D080009B376E3E14D010BF37E3443E5393703E3F
:10D09000D6E1383E2E7114BEC023CA3D070B373E81
:10D0A000075D8A3E6BF0BEBC209873BE5F6181BD98
:10D0B000E08357BE4181A7BE4E7CA5BE336A6EBEDB
:10D0C0008E94AD3D249D513E8202CFBD014F3A3E2C
:10D0D000E06300BE0BEB063E4A7B533ED8B6C8BDAC
:10D0E000BDE229BE40A229BE861FFCBDFBAC52BEDC
:10D0F00017106A3EB03D33BE7CBA3ABE9E29C4BE0C
:10D1000079AC39BE22FD263E46EB28BC2D77C6BD44
:10D11000D9EB5DBD7C0B7B3E6F64963E3963B8BD39
:10D120007D94D1BD5CC7B8BB67B5A83E38F581BE5C
:10D13000DD413CBE1A6E403C0C22523DA16A34BD1A
:10D14000A184193DC80848BECBBB6ABE9E275E3D80
:10D150002C81943C6B2BB6BDF419303EA33C13BE1E
:10D16000316069BEF5F23BBE0ADBCFBD547123BD11
:10D17000C9047C3DF514393D0EF5BBBCC0AF61BEA2
:10D1800083C1353E581CCEBBBC9199BD08E78BBE10
:10D1900019038B3DDD7D1EBE887F683EB1DE283CD5
:10D1A000739DA6BD40DF66BE7C801EBE72DF8ABE58
:10D1B000E6E69BBE3D6244BE4C71053EB24A89BE66
:10D1C0007E51A2BDD1078B3D7AFFBF3D6EA216BD39
:10D1D000F3E5353E06B95B3E8CA15CBD5BCD7A3D87
:10D1E00058AD5C3E38A4813E2D5C66BEB83D11BE94
:10D1F000DA7399BDB74303BD2E20B43CCE3326BEAF
:10D200004F22423CB5DF6ABE4D120B3DC24C5BBCA7
:10D21000F8C565BD9928023E47E310BE753A88BE41
:10D2200076A836BEA83AA4BD085AE13DA64327BC5D
:10D2300038328FBB344D78BEB85756BE8A909A3D6F
:10D24000554C453E180BA3BD027F78BC51DCF1BBA9
:10D25000A7AF27BD04CA863D0A694D3D88D820BEC8
:10D2600090A48CBE5E4C73BDDBDC58BE522B1CBE42
:10D270002E8F25BEC2A478BB5E684EBEE564E23B3D
:10D280008B7013BC5AD8533DABEB00BEAE0D253EA0
:10D29000B3972D3E118DCEBDC346F93D895E863DC7
:10D2A000EDB9943E2D60E2BD23F318BEC82679BEC9
:10D2B000C1192CBE2524123E943063BE9A7A9D3D3E
:10D2C0004EB5563DFB75673D2C4823BE490E983D33
:10D2D000B54E0C3E91EE673DD55D99BD2522BCBD96
:10D2E000F30026BEADDD963D42D051BD2A38BC3C90
:10D2F000A33A0DBE83DF863A0806903DEFE1D23DAA
:10D3000036C98FBA5E4D1EBD585464BECA1734BDAF
:10D31000E2AB9D3C5456D3BDCBF2ADBE0E2C87BEC6
:10D320008B8777BB0D72173D831868BDDFDDEABDC3
:10D3300038F501BCC5E508BE0BD482BD435667BEB7
:10D34000321DBA3CCF867C3C711FB93D50C337BCFF
:10D35000532324BED3DB1F3E022C323D348378BCE2
:10D36000E31809BD9E0CEEBD013575BE0C7994BE67
:10D370003B8DF43D53CA1BBE1EC44E3D3E41E23DB3
:10D380007DEBC33CCEC765BE4B03BF3D6FB90A3EC4
:10D3900046B5A83DD02A73BD3BDF0FBE97FF60BEE8
:10D3A00085EB113D6F4B043E2942EA3B6A31F8BCE4
:10D3B000DA1FA83C68CB993DC3BB1C3DC7D849BD0B
:10D3C000427B25BE6E35EBBB5EDA903D4E27593C65
:10D3D000C1A739BE2D969ABEF8A4ABBEDA579E3CC3
:10D3E0003525B93D5532E0BD8CA19CBAC79D92BD93
:10D3F000EAE933BE1973973D4D8362BD20605DBE7F
:10D400004563ED3C0C951FBEDDCEBE3BC4E9A43C9C
:10D41000FC70D03D1E8D033E85ECBCBCA58375BC65
:10D42000B4E3A6BD471CE2BE51C141BEFC1B043E95
:10D4300028F022BF0AA1833B478D493D0934D83DDE
:10D44000C5ABCCBD5DFD183D3561DB3D0AF2F33D5A
:10D45000D5928E3B2194EFBE71ABC0BDE0828CBEF5
:10D4600013809F3DF305BDBE14ECBF3BE1B24A3DC6
:10D47000EA95923D34A01EBD3A93F63DBE697A3BD3
:10D4800099D6A63D46088F3D25CBA93D310957BE0B
:10D4900071E82DBD00C849BD1DE92C3E38DC873D33
:10D4A0002AA8A8BD7B88063DCD94FEBE3BE03ABDD0
:10D4B00066A4DE3D3013C53CDF8959BD894421BCDB
:10D4C00085999E3EEB00803EEC33C73DE4DB9B3DFF
:10D4D0002FBE28BD19C5623E4E0E8FBEA08B76BEF4
:10D4E0003F70D5BDFCC4413DF5D640BEAD33BE3C1A
:10D4F000E6E64BBE973B93BEC0266BBD58FFE7BD2B
:10D500009FAE2EBD1F823A3E4CC7BCBD927538BE41
:10D510001553293EA62A6D3D72DDD4BDA1D9353DF6
:10D5200042075DBE33DDEBBB827055BE5F27953D84
:10D530002998F13DB9A7CBBD204618BEFF945A3EAD
:10D540002A1DCCBD3C135A3E632631BE41F5CFBDEA
:10D55000D9ED33BE3CA5C3BE36E6B5BD55C2ABBEA4
:10D560004C8B1ABE8DED253E9E0AE0BE7D9732BEE5
:10D57000FE65D73DACAD583DF4A3C13D24B7563E42
:10D580001D1D373E89D349BDF46F173E30D6B73DD8
:10D59000C1AB553E2D0BD6BEC34453BEEF731CBE6C
:10D5A00011FD9ABD0379063E425FDABD1170A8BD38
:10D5B000043B2EBE3F8BA5BB4C6FFFBCCC9B03BD79
:10D5C00085259E3C508A96BD5EBBF4BD5E0E2B3E0B
:10D5D000D82ECD3D187AC4BBE2E9B5BDD86623BDCF
:10D5E000E8F6B2BD7B4A2EBEBE67C43D85ECBC3CAE
:10D5F00016C0143D322166BCBE697ABBEF39B0BBA0
:10D600005D6F9B3DC05A75BDCDCD07BE3BA65EBECE
:10D6100002D6AA3CCEA974BE49BD27BE43AAA8BD66
:10D620003482CD3D8CDAB5BE9DB89CBDBEF5C13D02
:10D6300037AA533C5F28203D999BAF3D645BE63D94
:10D64000F1D443BED82B1C3EA722153D2520463ED3
:10D650002BA5E7BDE60603BEB4574FBEC93A9CBD35
:10D66000B535123E1C61B1BD27C15B3D6B49A73D7D
:10D67000669F47BB753925BE2444793C904F08BE50
:10D680001EFA2EBDFCE2523D23143B3E9C8753BD47
:10D69000A583753C734CB63D190200BD7E5443BC56
:10D6A0008C83A3BE71C6703D8DF181BD60E7363EAF
:10D6B0001D91EFBD810706BE6E8AA73DF513AE3DF5
:10D6C000AA467FBE129F0BBE315F1EBE711FD93DA1
:10D6D000A418A03C5307D9BD49DA8DBD3DF2873D62
:10D6E0000D3946BE3EEC85BD94A42B3D8C8135BDE5
:10D6F0002E3D1A3DB0C7043D0A4A51BCE59DC3BD4D
:10D700002448A5BC2E03EE3D44DB713D6D8C9D3A53
:10D71000314539BD225396BECDADF0BDBDE2C93D08
:10D72000645D6CBEB4916B3C8350BE3D287EAC3DC5
:10D73000C49729BEEA215ABD6C7B0BBEC30F4E3D78
:10D740008FE0C63CBE15893D399712BE7D5E71BB28
:10D7500000AD293E4F22A2BD2C0F12BD10E6F6BC33
:10D760000B5D093AF0F921BD240B583DAEF5A5BD7E
:10D77000861C9BBD8104A53D2A91C43C957D67BE56
:10D78000F3E690BEF3E515BE36E5CA3D6729D93DFF
:10D7900094FA92BD9FE579BDC23276BD022EC8BD16
:10D7A000C5396A3DE3A8DC3C3C4EB1BDC251B23D37
:10D7B000DAC5B4BC6878B33CD5924EBD52D243BAF8
:10D7C000F852083EF7E722BC1A8950BCA180ED3B15
:10D7D00083898FBEF25B44BE7EE33B3E4BAC2CBEE6
:10D7E000EF3A9BBC166EF93C55849B3D8F5625BE87
:10D7F0007270C9BDC00905BBC8448A3D89428B3DD2
:10D800000A669CBE21B0F23CFB1FE0BCA246C13DB3
:10D810002447BABD71E3163D8FC6E13DEA758B3CE6
:10D8200063F19BBC7E1B623DA29A52BD540177BC42
:10D83000ED2BEF3DF0FD8D3DA24215BE3F7481BE44
:10D84000BF986DBDF0A21F3EA62B583CA8E2E6BDD6
:10D85000438D12BE9DF46EBE2DCDAD3C6F498E3D05
:10D86000C1C49F3D427894BEA916D1BD55A4823E45
:10D870005452273D0B24E83D2635F43D3BC780BE7E
:10D88000F1630C3E2F36C5BE2BC037BE2499553EE2
:10D89000C2A2A23C4BC9DABEC4935D3BF1D453BED5
:10D8A000B16B3BBE3388BFBE4C1B2E3ED57A9FBDAD
:10D8B0004FCEB03D747B193E08CBB8BDE8DC8D3E41
:10D8C000815A6C3E66C0C1BE6F830ABE483396BEA5
:10D8D000F46C463E35B56CBD32C647BD80D6FC3AC9
:10D8E000344B82BCBDE1FE3D00CA7F3EB62FE0BD99
:10D8F0009A07703D0BB516BEC232F6BDFDD834BED8
:10D9000081983CBFDA57FEBD99F552BE2C11383EC6
:10D91000C905473EDAE666BEA86F993CB5FA0ABE6D
:10D920008CDC43BE840C843D9A24D63DB742183E1D
:10D93000E7C49E3D89EF043E51DEA7BD8D99143E9C
:10D940007C2851BE4D6852BD1780263E0E86DABD3A
:10D9500000915EBEC13BD9BD8BC319BDD043EDBCA8
:10D9600065891EBEC233213CCB2CA2BD897C973C6D
:10D970005226953DBDE13E3D191B1A3E7959133E95
:10D9800057045FBE27A3EABD72C555BEB08EC33D26
:10D99000C4422DBD6AF7ABBA98DE7E3BF5BE713D41
:10D9A00003249A390D8E123CC4B0C33A5E4ADDBCE2
:10D9B00086915EBDB5C680BD406A03BE161747BEE0
:10D9C000E6CDC1BD86048C3B40320D3EFB5C0D3E76
:10D9D000A13103BEB20FB2BC773022BD74ED8B3CD7
:10D9E00042B38B3D6C789ABDC5ABEC3DFA993ABD1C
:10D9F0004963443E74D25BBE94BD253D9D12D0BDAB
:10DA00000073ADBCF9D6A7BD94F8BCBD1590063E19
:10DA1000E86A6BBDC591473DE2900D3D789876BDB3
:10DA200064CDC83AC7F0583D8D62B93C85B416BE86
:10DA3000E1429E3DC2342C3E44A8B23D7495EE3B7B
:10DA4000DC2AA83D87DD27BEDBA4C2BD13807FBDD5
:10DA5000B48F15BD904F483CBA11D63DFAB78B3DF7
:10DA600004CB11BE8DD0AF3DCDE586BDECF609BE31
:10DA7000315D08BED15916BE9A42E73C1D57A33C02
:10DA80003ACAC13B8672223DF7218F3D9FAAA2BDB3
:10DA9000F5D7CBBD64CA873ACB854A3DD5D0863D04
:10DAA000397E88BD5358A93B603B18BD7714E7BC4D
:10DAB000E38960BDB61490BB3E7A43BD03426BBCA4
:10DAC000632A3DBD03991DBD6D8DA83D2A00463DCD
:10DAD000C1E09ABCC1E2303D5C58B73CBF7CB2BBF0
:10DAE000B96CF4BC888304BB664980BD9AE99E3D4D
:10DAF000E2B0F43DF6D3FF3CD1ADD7BB66D8083ECB
:10DB00008D7DC9BD814368BD94DBF63C8A5BE5BD74
:10DB1000CE52323CB96E4A3D904A313C9659C4BD12
:10DB20008EAC7CBCED49E0BC228C0FBE5A453FBD9B
:10DB300046D2EEBD10B1C1BB098CB53DF702D3BDD5
:10DB40000B24C8BD666C68BC2D26B6BD2CBB80BD41
:10DB50008578A43D2863BC3DFD12713CA565C4BD1C
:10DB6000E6EAC7BDA60AC6BC2F511DBE6135163CEC
:10DB70006C06B8BC5304B8BC984D403D664BD6BD4E
:10DB8000273223BEFFEA113ECF69063E72C0AEBC0B
:10DB900043E64A3A5A2A6FBDD8D263BDA0C63D3C7F
:10DBA000F0F9E1BC7EA99FBC9A5E623DA8E2A6BDE9
:10DBB0000F98A73DBF99D83DE50BBA3DC573B6BBDD
:10DBC000EEB475BD44C44D3C15E201BE7287CD3C38
:10DBD0001E8D033E7121AF3D897C97BCAB4283BC57
:10DBE000C61903BD464085BDC16FC3BC0A3197BD90
:10DBF00086C79E3D1729143DD333FDBDCC6187BE3A
:10DC0000BE697ABD39479DBD73D5FC3DFF25293CD2
:10DC10001F49C1BE6000A13DE352D53DE46648BE48
:10DC2000A147AC3DA60E323D263415BFBE839F3BB7
:10DC30007E8C81BE1A6E00BDFA2AF93DDC7E793BEE
:10DC400027FAF4BE3449AC3D62DA37BE231285BDF3
:10DC5000137EC1BEBB60D03D7A8B873C59DE153D3B
:10DC6000C0958C3DBFB8F43D261A343EC4CFFF3D6D
:10DC7000821CACBE2FFA8A3C52D7AABE9F3E023EFF
:10DC8000C1529D3D9CDB04BC2AC724BD01FCD33D91
:10DC900059A5D43D89601C3ECF2E1F3DD784343C0E
:10DCA0006BD704BD2AFE8FBD804629BE8DEC16BF02
:10DCB000999F1BBDB8E4F8BD0E65E83D74EF313E99
:10DCC000035FB1BDF0A22F3D1F671ABD2A0101BE3F
:10DCD00098A55D3D1C96A63D8AE5163D4C6B533CD0
:10DCE0000F5E7B3DBB5E82BEF376043C6CECB2BD46
:10DCF0000EF5BBBC2594BE3D37C4F8BD058A90BE69
:10DD0000FB03653C78F1FEBD3F8E66BDAFED1DBEE9
:10DD1000FFB1103D1558003DC30E233DEA7B8D3DFC
:10DD20003E062B3D9A05DA3DC4E9E43D3E96FEBD34
:10DD3000079964BD4F04F1BD793BC23D7FFB9A3D1D
:10DD4000702711BDE598AC3C0D8B513DCEE08F3D69
:10DD50007EA7C93DC424DCBC72C199BC2992AFBC6A
:10DD60002F300BBE562DE9BC3D2ACEBE444D74BDAE
:10DD70001CEB62BCDFA8F53DA81CD33DB9FA71BD10
:10DD8000EAEA0E3C189900BC700A2B3D0EA48BBC2D
:10DD90006500283C9659043D28EF23BD3F00293CEF
:10DDA000C347043DA74111BDA7AF27BD950CA0BD3A
:10DDB0001EFD8F3DDB873CBCD4EF02BDF835123C25
:10DDC0001D8EAEBC1AA761BD336C943D8D25AC3D54
:10DDD0001712303D1440313D776AAEBDA1D9F5BC74
:10DDE0004851C73D4BCDFE3D2DE9683D3752B6BD8C
:10DDF000BEF797BDBC787FBDDAC9A03D172AFFBC2E
:10DE00005305633DB3D04E3CE3A8BC3D19C95EBD8C
:10DE10001213B4BD86C889BD2A025CBD9851EC3D81
:10DE20006B2DCCBB56F417BED4B74CBD38A150BD3A
:10DE30006D56DD3D49F3873DED2AC4BD7BDAE13CFB
:10DE40003A91E0BD55F7083D126A06BDA3043DBDF9
:10DE500055C2133DC4EDF0BD2429A93D1503C43DB1
:10DE6000D995B6BD8E23D63CA12F1DBEB682263DC8
:10DE70004414933D5517F03BEAAE8C3D9FE83A3A87
:10DE8000F59F35BD583C753B2CF1003DC2F6533D26
:10DE9000732BA43DE2CB04BE45D9DB3CD1CF543D2E
:10DEA0009086D33CEE043B3D5B5CE3BC7BBDFBBD9D
:10DEB000FED202BE6EA3813D57047FBC8FC5B63C27
:10DEC000D55A183DDFA9403D9C33A2BBFD4EF3BDA2
:10DED000C1A94FBDAC1959BDC32AFE3DAF5DDABC27
:10DEE000CAA35BBD6ABD5FBBDACA4BBDA81ABD3C05
:10DEF000F437A13A1366BABDDFF85ABCB2A11BBD14
:10DF00005918623DD8648D3C205D2CBDD7F9373C53
:10DF10002B14A9BD1CD3933C29ECA23DADFAFCBD4A
:10DF2000755B223D39EE14BE98DE7EBDD811873C6C
:10DF300038BC203DD66FA63D507287BC04CB91BD46
:10DF40001AC2B1BCB37CDDBCE3A8DC3C1973573DFD
:10DF5000AD2FF2BDAF3E9E3D5FB61DBC9B555F3DF4
:10DF60003ACD823D3BAC703D7A36EBBD8927FBBD97
:10DF7000F376A43D8F8954BD5089EBBADF4F8D3CB9
:10DF80007A1A903DC424DC3C62F9D3BD485252BD9C
:10DF9000121655BD942EBD3D0C2167BC5CE41EBC21
:10DFA0003D9C40BDAAD296BDB01D0C3CE222773B01
:10DFB0002A8DB8BDCF4B45BC1475E6BB4B5AF1BD9D
:10DFC0005A2D30BD7506863DFEB4B13D6E8746BD07
:10DFD00048C424BEC4E9A4BD37C779BD69E56EBE97
:10DFE000C4EDD0BC2EC72B3DFA635A3DDEE497BD8D
:10DFF0000377003E4A7B43BDC74B97BDB1F7C2BD17
:10E000006C21483CE0BDA3BBA1804D3E689519BD85
:10E01000C84274BDD47C15BB2E733ABB1D0071BDC4
:10E02000630C2C3D83867EBD85CEEBBCAE6542BEC7
:10E03000A12F5D3E97361C3D280AB43D965CC53B3A
:10E04000E8A04B3D0D6E2B3D1DAC0F3E86E484BD1C
:10E05000BEF777BDEA58A5BC067FFFBDB4AA25BEB2
:10E060004485EABC48C23E3CA017EEBC99BAABBCA2
:10E07000DB69CBBD983105BDA64327BD4C1A23BC37
:10E08000D61C603EF54A693E588C1ABE331768BEEE
:10E09000236B1DBE2F1686BB828E56BDACAA573D84
:10E0A000425E0FBD0FB4E23DD2C310BD0FED233D64
:10E0B00007D10ABE5C58D7BDFD4C3DBDF4C21DBEA4
:10E0C000B119603C69C8183E013244BEC17109BE35
:10E0D00084D9443D3D62743DD3A4B4BD282B063D94
:10E0E0002C0C913CADBF853D37A78ABE2B682A3EDC
:10E0F00055BDFCBCE7C674BC957E32BEFD161D3C0A
:10E10000861F9CBC7DE61C3E8B51D73BE6B07BBE98
:10E11000C11F9EBD96210E3D3BC760BEC72BD03DA3
:10E120002331C1BC7F16CBBCFD4AE73D813F9CBD7E
:10E13000091AF3BDF870893DC7D693BD44694F3EB7
:10E1400043916E3EFEB752BE18B2EABEF37486BE6D
:10E1500034BE0F3E49F3E73D882ADC3D29EACC3C3A
:10E1600068978F3D9F05213BBBD2B23C819874BE1E
:10E17000E56422BDF9A23DBDBA6973BE035EE6BC8B
:10E1800081CEA43CEE9402BFCAFBF8BD397B27BD0B
:10E190000B6195BD3867443D35B3F63DD159A63D79
:10E1A00098DD333E3A3C04BD6020A83D7DCF28BEBB
:10E1B00079E5FABD3BC675BE508B01BEEEB089BE97
:10E1C000B96C043EA6450D3E0393B3BE24981ABE17
:10E1D00094A2D53DA65FC2BD33FAF13D03CE82BE07
:10E1E0004D158C3B77BCE93DACC868B94B3F71BE5F
:10E1F000ED44893D7EE0EABDCB0F0C3E2D42D13D82
:10E20000B0FF92BE87A8EABE603F24BEBE692A3E28
:10E2100066F9BA3D6475EB3D4772393D774AE73D93
:10E22000D733C43DFFCCC03DF7062FBE48A3823C88
:10E23000289C5D3CF013AFBE1190CFBD38BDCBBD67
:10E240000FB737BFAD153DBE0C79843CC87D1BBEF2
:10E25000C5AB8C3DD90ADA3D18EAB03D71C9F13D34
:10E2600007B55FBC06BE223DFA7A8EBEF3E6B8BEA5
:10E27000E5638FBE488BA3BE9608C4BE728A2E3E4D
:10E280004FCFFB3D35272FBE6BD23DBE8027CD3D06
:10E2900082393ABD172DA03D3220ABBE08AF1D3DDF
:10E2A000B324E03D7880A73CF9D702BF732B043E2E
:10E2B000020E01BE25045B3EC79BFC3D8788C3BEA2
:10E2C000600100BF6FD34FBED82E4D3E2DE8BD3D3F
:10E2D0007AE2F93D7A8E083E38BE163E5E14BDBC29
:10E2E0009D4C0C3E9F9188BEC34619BD4ED1113B3B
:10E2F0003029C6BE31B44ABE45F586BE19A90FBF46
:10E3000025CF55BECEE2C53B567D7EBE5DC4273EC1
:10E3100041D8193ED6A70C3E6781163E9E094DBDD9
:10E320007E0248BE1BF297BEAC6FC0BEB1DC8ABE97
:10E3300041EFE5BE4E0DBCBE0C93293E47CA163ECA
:10E34000E355563CA08815BEC0921B3E90DA04BD32
:10E350006AF8063EB54E9CBE9A98EE3DDB4F063EEF
:10E3600074EC203C215A27BF639CDFBDF86C9DBD37
:10E37000EA77413EF968F13DFBE739BEFF3C4DBE0F
:10E380003C2D7FBDBA81E2BD55DE3EBE4FB2D5BD4C
:10E3900094C27CBDC4B0C33C19C69DBD9C8BFF3DDF
:10E3A000236A82BDCF658ABDAFD037BEE5D0223D9E
:10E3B00018066C3D97AE003ED921BEBDB0E5B5BD97
:10E3C0003B8E1FBD397E28BBA1B92EBEADDAB53D4F
:10E3D00065C8F1BDE8DB02BD804A65BEBD37063EBB
:10E3E0008995513D04CAA63C137D3EBD46CE823D73
:10E3F0007E35073D6892783ED926D53D04029D3C86
:10E40000A0C1263CDE8D25BE5A6340BE5DA3E5BBA0
:10E410007A720D3DB29FC53CA2EF8E3D5FB3BCBD8D
:10E42000A374E93DA88A293CF6CF53BC1F49093E95
:10E43000B1310F3EC0B418BE6D5748BE3736FBBD74
:10E4400073633ABDCA8B0CBD4584FF3C0F26853DE6
:10E4500058017E3DA81952BDBAD8B43CCA331FBE7C
:10E460009319EFBD728682BD064AAABDCC27AB3D8B
:10E470009205CC3C61FF05BEA3778ABD4391AE3DBA
:10E480000932423D561003BDE2AC08BD43AB93BC1C
:10E4900074D27B3DC9CBA2BEAD186E3DA6D465BD7E
:10E4A00000736DBD878A11BED526CEBC68CCA4BDD5
:10E4B0007AA8CD3D5680EF3DA31D77BDB5C234BDD2
:10E4C0009C6AAD3C0E3229BECBF6C13D64062ABD26
:10E4D0009B1B533CD1CFF43DDFC5DBBD3259DC3D46
:10E4E000800D083BB797B4BC19E89A3DB70BAD3D1A
:10E4F00043AD69BD1F1464BEEC6771BE9738923D91
:10E50000D8B8FE3CFE45503D431B803C6D75993D9F
:10E51000508A16BD164E123DD80D6BBE0B5F1FBE46
:10E52000DCD616BDBB99B1BD5664F4BC5B28193C62
:10E53000D21978BEB91C2FBB5BEB4B3DFDA4DABCF6
:10E54000465E56BBAA9935BB7C28D1BB4887873D20
:10E55000A930D6BDD923543B118FE4BDEC30A6BC05
:10E560001EE0A9BDE8DD183DE5EFDE3CF180723D1F
:10E570009560B13D4C6B13BDE3C7183C83A14E3D84
:10E58000FAB961BDA703593DE256C13C7D09953CEE
:10E590000934983D4B221BBED2C5263CACC9133D65
:10E5A000E0F3433BE811633DC078E63D04E611BE6D
:10E5B0004D81ACBD5B786EBEDF4E623D6EFAB33C02
:10E5C0008674383D293E3E3DFB40923D6C4004BC84
:10E5D00075B07E3C99D56BBE763363BD522C37BB8C
:10E5E000520C30BE4FB1EABC047249BDADA6A3BE09
:10E5F00062BB7BBD3F6FAA3C74EE96BD342F873C57
:10E600005AD5523DE97FB9BBBB0F403D941759BD68
:10E610008C4AEABB0EDA2BBE1AE062BE12110EBEA5
:10E620000F090FBEB020CD3ABE86203D99F08B3D3C
:10E630006347233EC55650BC191E7B3C249BABBB95
:10E64000DEAD2C3DBFF1D53D97C9303D71E82D3D84
:10E65000CE6EAD3C50A691BD3A04AE3DD54259BEFA
:10E6600041B9CD3DBC07A83D6A87BFBDB518A4BE62
:10E670002BBE21BD29B1AB3DA8FE813D0459AF3D64
:10E6800095D2933D8F50033E8F5093BD4ED2DC3DCB
:10E69000BA3092BE7BBDDBBD2B51D6BDF17E5CBED8
:10E6A0008A1E18BECF8165BE83DF0ABF494814BEEB
:10E6B000B3D2643DB3D0EEBD9A79B23DD6FD133EE0
:10E6C000B56BA23DC3F5A83D014D44BDD8F004BED5
:10E6D000C2C229BEA8349ABEA9A10DBE828CB0BE0A
:10E6E000705FA7BDB6F8143D9961E33DC845F53D9F
:10E6F0005FB2713BB490403D94A255BDA0A52B3DA7
:10E700008AAD803D8E3FB13DFAB35F3DF35572BD9A
:10E710006781B6BEA07016BE2044B2BDEB3B7F3D04
:10E7200068B194BD66DC543C2E5569BD077A38BE8D
:10E730007DD0B3BDC5CB53BCCFF3273C7995B5BDD8
:10E740005796E83BF2EF83BE45BD603EA86D03BE21
:10E750006C0979BBF4328ABEB516E6BC15C696BC08
:10E76000906717BDC1AB85BD316174BDA582CA3D3F
:10E770007367A63C5A647BBDBCB20BBD2E38A3BDEB
:10E780007CBA3ABD1A178EBD3A93463E5EF6CBBDB3
:10E79000ED836C3D7CB5A33B2DE9383E494D3B3CB8
:10E7A000E735463EF31DFCBC62F3313D57EC0FBE2E
:10E7B000A6B559BE03EDAE3DF22469BD9E0B833D67
:10E7C000DAE10F3ED1031F3EA9DB99BDE928173ED0
:10E7D000C0CD62BD13F0EBBC3EAF983D5F96D63D19
:10E7E00057B38E3D0745F3BCC8B496BE50E4C9BCD0
:10E7F000B45634BCCC2A8C3DC977A93D583CF5BDF4
:10E8000096790BBEC500493D1D59B9BD2904F2BC1E
:10E81000D9B59DBD475769BC82388F3CA16A743C0D
:10E820004ED492BDE1EFD7BDDD27173E4D699D3D2A
:10E830009373E2BC99B7CABDCFBD47BDA5A271BD58
:10E84000D7C20CBE048D593D286201BEA25E70BDC8
:10E850007E6EA8BDCC26C0BB2EE451BD1B9C883D5E
:10E8600019FE133E73A017BE813FDC3DF372D8BD85
:10E87000B344E73CA5BCD63CF48AA7BCFCC86D3DBC
:10E880004816203E22720ABE2A90593D1B0DE03CDC
:10E89000A67E5EBBC53D163DFB592C3D7959933C88
:10E8A00043E60ABD62120EBE6C9821BD5CCB64BD0E
:10E8B000BEA59C3D87A66C3D3BC52ABCC3F091BD5F
:10E8C000AB92C8BB284345BED2AA96BC938D873C69
:10E8D00070076A3D5FED68BD3316CDBC27BDAFBD87
:10E8E0001ABFD0BD1213B43D8541993B0F5F863DE1
:10E8F000F38EF3BD501D2BBC878CC73CE257ACBDDB
:10E9000018CDCABB897D12BE056F28BE4B585BBDB2
:10E9100097C499BD97C4D9BC931B053D40DA7F3D90
:10E920001AC39CBA062E8F3DB0FE0FBDAE2CD1BCD3
:10E93000022C923D0CCC8A3D31B4BA3C76A5853D83
:10E940003F8BA5BD7D04FE3C1407103DFB3B1BBD6A
:10E95000AA9ECC3C37FEA43D62812FBB00E56F3DF3
:10E960007DB00C3C52F1FFBC9A97C3BBF86B323CB4
:10E97000FC8BA03DF5B9DA3C2F3457BD57082BBDB1
:10E980001C2454BE890744BE7369FC3C1E8A023DA8
:10E9900050385BBECF84C6BD13F4F7BD2A3A32BEF1
:10E9A000B6F6DE3DF86C9DBCB5C6203D52D5E4BD43
:10E9B000B5873DBC41B7173B240B18BBD49E92BC16
:10E9C0006F6323BEF2238EBE0B9810BEBB429FBC6A
:10E9D0001EFE9ABB63458DBCC042263DD6E3BE3DBC
:10E9E000088F963D807F0ABD499F46BEA08CF13CB2
:10E9F00055F9FE3D4D0F0A3D62812F3CF3E41A3C70
:10EA00009A417CBD67F1C23D8D5D62BE0E2F883A92
:10EA1000EAD0693D4431F9BCC1018D3DE1EFF73DDC
:10EA20001D5939BD902ED63DD1790D3CE1D05B3DCD
:10EA3000FDD9CF3D195641BE4607843DDCD997BE6E
:10EA4000D34FA8BE0075833D878A313DEEEA95BE5F
:10EA50008F8B6ABE4D3212BEB4574FBE6728EE3D53
:10EA6000A01904BE04E6613D1F6A5BBD5E0EBB3D9E
:10EA70009CC58BBC54E10F3D3FE051BEC1E4C6BD17
:10EA800068058EBE467DF2BD3718EABD28B682BC49
:10EA90007B6AF5BDCEA6A33D2FC31F3E57B2833D73
:10EAA000168402BEBE6B90BEB41FA93C1A860F3EF0
:10EAB000D862D73D6FD836BB4A9A3FBD0FEF99BE9B
:10EAC000C79FC8BD414AECBD588CFABD0E4B23BE52
:10EAD000E2AD333EF5641E3E3A2405BE450DA63C2C
:10EAE00097A8FE3D15562ABD8E761CBDDFDCFFBD06
:10EAF000FA471FBE6BD58E3D2366D6BDFD674DBC64
:10EB000075E63EBE2829B03D7E8C79BD8A9185BDD3
:10EB100004AF16BCFE9BB7BD4110C03D26FB373E7F
:10EB20001CEBC2BD17F589BDBF7FF33CBD35703D01
:10EB300059C29ABDAD4B0DBCAEA0B1BE365B49BE4D
:10EB4000D71749BDC971C73DB400EDBD9B76B13D36
:10EB50003C4F2CBE6329123D58E7183D4947F9BD8B
:10EB6000FD12B13DBD5296BC6308C03D6D39D73D25
:10EB7000DD085B3E3DF2E7BDF660423E522C97BD9C
:10EB800047FF0BBE0C746D3C739DA6BDA1F5003E06
:10EB9000F6D2F43D27A3AABD8D99243E768D963DED
:10EBA0009B74FB3DECF7043D30BD4DBEDB5011BE08
:10EBB000EEAF3EBE33A42ABE13D6063D0B0C19BDE4
:10EBC000FB03653D6D1A4BBE5F0DF0BDE04C0CBD07
:10EBD0000BB566BE7E72B43D09C42B3D71913BBE40
:10EBE0002288F3BDFC6DAF3D9A98AEBCE97CF8BDC0
:10EBF0008EE6483CD2AB41BECD9165BE02B819BD90
:10EC0000D55EC43CFCE2D2BC1FF46C3DF5673F3DD1
:10EC100087A3EBBD897DE23D49D962BEC407763D3D
:10EC2000B9E2E2BAE0BDA33B1920513CA148D73D6F
:10EC3000C30FAEBD93E2633D049105BD9C36C3BDD9
:10EC400047E77C3B386AA53DE02B9A3D8A57993DC2
:10EC5000A0DE0CBD9F71E1B92191763DD6E1883DE2
:10EC6000FE81F23D5A65A63C44DC4CBE9F0165BE68
:10EC700060B04BBEB900B43C7F2F053DBDFDF93DF2
:10EC8000DC2D89BE603912BE553280BC3C9F91BEDE
:10EC9000EC176C3D68EB20BDD35063BD52438BBE77
:10ECA000DFA9803D7BBBA5BCD57B2ABDBE33DA3C4A
:10ECB000F1D50EBCD00F83BEEC4ED7BDF9152B3D60
:10ECC000F566143D8FFA8BBD0039E13CC39A4A3D8D
:10ECD000B058833D386784BE4F779E3BD80E463D83
:10ECE000CCB4BD3D1A33893C89B5983D0761EEBC73
:10ECF000A5BEAC3C4206723B7347BFBD008D12BD42
:10ED00005D369A3D7B116D3DC592723DFB3E9C3C4C
:10ED10003255B0BD66DBA93D76FC973CC4CCFE3DC8
:10ED200092B1DA3D15527EBE4DBF04BE5A453FBE7C
:10ED30003A78A6BD87523B3D3FC99D3DD81167BE7D
:10ED4000D2180DBE0DAA0D3D4F951FBEAFB3A13D0C
:10ED50002DE82DBEF277EFBA4FB1A2BEB35F97BDDB
:10ED60007B82C43BA818E73CC4CE94BD88BEDBBD03
:10ED7000D8B6B0BED49C3CBEE86B163C79B1B03C72
:10ED8000197181BD61FFF53C10259A3DF837283D8A
:10ED90000DC793BE0FEE8EBDF1D6393D707B823D1F
:10EDA0000BEE873C2844803D8659283D6C96CBBCB1
:10EDB000DB1926BC6EA351BEAB92C8BB3A5D963D33
:10EDC000AE65323DD97BF13DD9D00D3E92E998BE7A
:10EDD0009A5EE23DF46B2B3D7041F63D50560C3E81
:10EDE0009F7707BF793D18BD1F8395BE7A38A1BEB6
:10EDF000CBBFB63D22C31A3E3F1B89BE5BB606BEE3
:10EE000074B3BFBC943013BE07EDF53D2A7343BE07
:10EE1000A1DAE03B4111DBBEE789E73CF8A98ABDF6
:10EE2000C6A2A93DB5C4EABD534290BDD7BFC3BE7B
:10EE30006FF54CBE55C128BD41F1E33C0E4AA0BE62
:10EE40003961423B78D2023ED5D0463D158CE2BEB8
:10EE500089236FBEF6ECB93DBE4D1F3E96CF723D85
:10EE60006090343D22C7B6BDDD238BBE6F0C51BE12
:10EE700053B046BDFB05A3BE98510CBEE5B99E3EFE
:10EE8000C38065BDCCEBE8BDE31A1F3C075DC23C07
:10EE90003255903DEF03103DCB49E83DB3F015BE30
:10EEA0004AB7A5BC3DD220BEE469293E8602D6BD44
:10EEB000DCA0063EF3ACA4BD1041F5BD65FC0B3EE5
:10EEC000A4AB84BE7940D93C2C48233EEED020BE72
:10EED000793E83BCBDA8BD3D130E1D3E3A9421BCB6
:10EEE000FBEB95BD397C8ABE273188BE4F3C873D00
:10EEF000FF1F873D689303BD594DB7BD10B317BEC3
:10EF00004373DD3DD655813C68B3CABD32026A3ECB
:10EF1000FFCB35BBE5D0223DE21ECBBCD8D4393E79
:10EF2000BA4B623CB1A6323E344DB8BE600392BECD
:10EF3000554CE5BD6C43A5BDD2739B3E2E724F3D33
:10EF40000F9922BEFF3C0D3E001C3B3EE813493E9C
:10EF5000A2D3D33D3257E6BD7BD87BBEB2B89FBEAD
:10EF60003D4629BE30D4113E14D12FBC38BD0B3ED6
:10EF7000F48A8FBEE78C18BEB760093E2A719DBE29
:10EF800050E01D3DB0FE4F3DDF1B9BBE24D1ABBD0D
:10EF900062DCED3D6C96CB3D7D59BABD1213D43C7D
:10EFA0000A4B2CBE8D0E90BEF27CA63D5741AC3D67
:10EFB0000C5B333CA75DCCBD79E6E53BA64713BEB1
:10EFC000EE400D3E9C6C03BEDA3A583E42D1FC3D09
:10EFD000FF5E0A3E1E6FF23CC0262B3E36755EBDBC
:10EFE000BB47663E6939E0BE8BF9A9BE7F6A3CBC6F
:10EFF00003B1EC3CC9C9743E05FB2F3D1EA592BD73
:10F0000015522E3E8062E43DE674D93D77F55A3EB6
:10F01000656F29BDE34FC4BEB308B5BE6F4A09BED4
:10F02000A86EEE3D7CD2E93DD61C503E41D3BABE1F
:10F030001F2F74BEAC3CE13DBDC6C6BE1558A03DF9
:10F040001EA813BD48E201BF7D0559BE11FCAF3DAE
:10F050004149813CECA5E9BDF3E71BBD6A6D9ABC53
:10F06000AA9D91BE653688BDCAFC833D1AC0BB3DD2
:10F070003AE787BD89B5383DF984EC3B2DCEB83DE4
:10F0800041D580BEB894033E0282F93D9F1E0B3EDF
:10F090002F31563D0F431B3EEE0A7DBD0B0A133E3A
:10F0A000BAA31BBF04AD98BE2844C03DBC1FD73DCA
:10F0B0000BB8373EDC0E4D3DA12D873DBC5C043DB9
:10F0C000713DAA3D6B4A123EE1D37C3E880F8C3DD8
:10F0D000D74BB3BEECBDB8BECFDC23BEE9607D3CF0
:10F0E00093AA2D3DD6383B3E99B9A0BECE8842BEEC
:10F0F0004CE28C3D59C0ACBEFC526F3E61DF0EBE8F
:10F10000933526BF29AE82BE2252133D5A7E60BC83
:10F110003FC8B23AAC3815BD19C7C8BC3E7762BE0D
:10F12000454B1EBE4757E93BCFF4123E224F12BD5E
:10F13000F6EC393C94858F3DFE7C5B3D6C9475BE4E
:10F140006805063D4DDBDF3D6666063E435461BD06
:10F150001939EB3D1C99873D95108CBD4FCD0DBFE6
:10F16000268D91BEC095EC3BDCD58B3EE9D3CA3DE4
:10F17000B70BED3D0723F63D957CACBD0C954F3E9E
:10F180007F4F2C3E2A3B7D3EE3FA173E0AF6E7BE50
:10F19000383164BEAC3A5BBE116F3DBE378CE23D88
:10F1A00069A7463EC576A7BEDBFDCABD4CE1413D21
:10F1B000AEF0C6BED34B6C3EC1E64CBE6D7220BFF6
:10F1C000A419ABBE5E83DE3D76C28BBD4DDCEA3D4D
:10F1D000BDE0B3BD304AB0BDFBB03EBE3EE74EBE63
:10F1E0005342303D8928A63D363B52BDB74258BDFB
:10F1F000F8FD2B3E85B446BAF86C8DBE4B1E7FBE23
:10F20000467DF23D8671073EA2CFE7BD1EFC043E5F
:10F2100087DC8CBD70B6B1BE001AA5BD42439F3DD0
:10F22000942FE8BD12DE1E3D23DB793C0A4CE73DFE
:10F23000404E183B28D4933DECFA15BE4B9312BEBA
:10F240006F2F69BD0FEF193E732C6FBD0ABC433E93
:10F25000A0353F3D6D72783B2BDBC7BDBA6B893D56
:10F260000360BCBC95B88E3CEE95B93D15AB063D30
:10F27000AB40AD3C9F58A73C8C4B15BE207D933CCA
:10F28000605A543C14E853BDD1913CBE1668F7BC9B
:10F29000A322AE3DAE63BC3D7233DCBAA795823D7E
:10F2A0002FDE4F3DBBB88D3D9C8BDFBDFFD00C3EAC
:10F2B000F9812B3C0AF835BE1D7594BD60047DBEF6
:10F2C000EE3FF23D670FB4BD569F5BBE66A393BD94
:10F2D000581A783DE8A136BD9D859D3DF47042BD2C
:10F2E000FCA9313E02D3693DEB54793C98DD933C57
:10F2F00054C5D43C35B3D6BDDB8651BE9DD7F8BDD1
:10F3000045D4043D5B40C8BD0F0EF63D842D963DAF
:10F310004889DD3CC11CDDBD183F0D3D7F2F053CFC
:10F32000C5C9FD3B9CF9053E7BBBA53DDD9628BECE
:10F330003F381FBDA0E1ADBDC68503BD2C9C24BEDA
:10F34000F1638CBD70CD7DBE529EB93D0264E83C38
:10F350009946133DCAA31BBE732F303D35246E3D25
:10F360006398933D6F0C31BECBD5EF3D7D073F3D9C
:10F37000691919BE282930B9A4548ABE8106DB3D1B
:10F3800063B3A3BC448A91BE037936BD384BC93DF3
:10F39000904AB1BD581FEF3D0CB1BA3D75743C3E6B
:10F3A0004F75C8BDF4C20DBE2E73BABCA46C113E1D
:10F3B0008D62D9BD80B655BD0858EBBD27C2A63DAC
:10F3C00006F26CBE97360C3ED2ACCCBD6E6D61BC05
:10F3D000D63760BECEC55FBD062A633DDEE68D3DF5
:10F3E0003B8F4A3D3B54033E13B63FBEA33A9DBDFF
:10F3F000AAB6BBBDCC43C6BD6BD6F9BD6C7B3BBDCD
:10F40000EFFF83BE1F0EB23DA5F78DBC6E13EE3C21
:10F410003B54F3BD027FF83DE0822C3DB03CA83D5B
:10F4200085B63CBEB2BCCB3D14CC083ED87D17BEE1
:10F43000F163CCBCD66F06BE19E7CF3DE69014BE93
:10F44000E5D002BE16F9D5BDE23B113E50A691BDF6
:10F450002448353EE15DCE3D2502653EB1C26DBD1D
:10F46000702646BE7C0A00BEEC87483E41B797BC7A
:10F47000793B823DDD3FF6BDDD96083D9CA60FBE83
:10F4800069515F3D05A352BEBEA491BEAD6B44BEA3
:10F49000630D173D8E9081BB0534413E9E0CCEBD61
:10F4A000111D823C68071CBE3C69E1BBDB157ABDBF
:10F4B000697231BD48533DBDE962D3BCEFE25DBE28
:10F4C000D7F9B73D53799B3D3065603A177F9BBDB7
:10F4D0001C9731BE5820FA3CB9C1103E064709BD01
:10F4E000238788BCE65AD43D32E38DBD309C0BBEE9
:10F4F000E78CA8BC0C5A083DC4995FBEAD182EBC61
:10F50000632AFDBD4F07F23D6211C33BC0B252BB3F
:10F5100049DB383EA12D773E029E34BDFEEFC0BED2
:10F52000E3DE1CBE952C773E56478E3B08E6283D11
:10F530002634C9BC65A71F3E005732BE6FF1203E7E
:10F540003622F8BE6AA0B1BE4F9088BE74991A3CAC
:10F55000C39ACABDDA53723D9CDF80BEBEA005BC13
:10F560003FA85BBE50A7BC3D871A053BC405003EC3
:10F57000F983013D37E1FE3DD61B35BED4D57DBEB6
:10F580000E32A93DB08D383DA7C94C3DDC8330BE5D
:10F59000C38326BD5E2F0D3E95EF993CBD1BABBDD1
:10F5A000F913153E0CCAB43DF16271BEDD60C83D71
:10F5B000AF082EBE31D075BDCB8374BC7BA1C0BD5E
:10F5C000E0103ABE600362BD787F9CBD608F89BB4E
:10F5D000C98E8D3B516C853CFC51D4BC1DE64BBDA6
:10F5E000DE21C5380342EB3CD11EEFBD200AE6BC4C
:10F5F000315C9D3D8D63E4BDA7069A3D1B4A8D3D60
:10F60000ACFEA83D6EA1ABBDC1C58ABC4D150C3D7D
:10F61000A4E194BD4EF1383D1DAB543D14CB2D3DBE
:10F62000952790BC2787CFBCB6F2923C3C3381BD76
:10F630008AE9C23C287F17BECD5C203DE38B763C37
:10F64000293CA83D74B72B3DA418C03D11AC2ABC81
:10F65000C974E83D2445E4BD9A60983D8847623C02
:10F66000C84575BD4BC8873D33FB3CBEDB308A3D8A
:10F6700071A90A3D1AA666BE9A0AF1BBACC49C3DAC
:10F68000FE7F1CBCF71EAE3D185DDE3B2DB59E3DDA
:10F690005A1220BD23F689BC5726FC3B19C5B2BDC2
:10F6A000C9E3C93D9F9118BE5281B3BDD507123D34
:10F6B00014EC9FBD1823923DDBC35E3D62BB3B3D16
:10F6C000A27E07BEC1E31BBDA6F18BBCBFBA2A3D1B
:10F6D00032E8443D5F5E003C6EC2BD3BBCEAE1BD2A
:10F6E0005A29A4BD0ABD3E3DA59E25BE894120BD27
:10F6F00098C04DBE8A749F3D31EC703D3351043D3E
:10F70000CB2E48BE2387083E8AADA03D3CF45DBCAD
:10F71000020F8CBDAE10563DA81C933DA5304FBEC8
:10F72000EF3C313DAFE951BEEA78CC3C7DB34D3C76
:10F730003E5A2CBE5EBE753DBE6B903D8D60A3BD36
:10F7400035979B3D96093FBB5DC1763DA1DBEBBD87
:10F75000B0021CBEC85E6FBC603E593DFA47DFBBBD
:10F7600020429C3DB93604BE215C01BD4FEA5BBE20
:10F770008E739BBB793EA3BD17F19DBCEA0444BECA
:10F78000857A7A3C4359F83CDE54A43C1D03B2BC54
:10F790003CF8A93DBDE5CABDBBEDE2BD75920DBE0D
:10F7A0007D4020BCB54EDCBD8AE516BCD2C7BCBDD1
:10F7B000A568E53CA38FF93916DB24BC821B49BE42
:10F7C000E99D2A3EBF290C3E86C9943D7AC37DBD82
:10F7D000C619C3BBB6DAE33DF83813BEAD85193D93
:10F7E0005DDD31BB5A466ABDAB41183DB401D83826
:10F7F000C36595BC47388D3DF706DFBCE3FBC23DD2
:10F800000589ED3B2E1AD23D81427DBD202566BE85
:10F81000F08B5BBE2101E33D8EACFCBBA1D6B43CBA
:10F82000F8DEBFBDBDE053BC819513BEABCDFF3C40
:10F830000E68B9BEA3768FBE942E6DBE97A85E3DAE
:10F840005ABDA33DCE6C973DEDBA373C68976F3DEE
:10F85000C82629BE740A72BD63F15BBD5B4329BC37
:10F86000DA20D3BDC0B2D2BB0D8C3CBE098B4A3D61
:10F870003468C83D0074183CA38FF9BC7AE41F3E7D
:10F88000D39F9D3DBA83B83DF888183C726FFE3C0B
:10F89000444FEA3D857C50BDD7DC31BE86911E3D8C
:10F8A000D1587BBD1BB843BD4819313D51BBDFBDAD
:10F8B0001D5AE43D022DFD3D247C6F3C87A4D63DBE
:10F8C000014EEF3D1766813D8A93FBBEE65793BE1E
:10F8D000AD332E3E2C7ED3BC857AFABBAAD296BC21
:10F8E00072A3483DDD2872BE5169E43D666B11BFCD
:10F8F000F3E2CCBEB799D2BE5FEB123D6D0026BEDF
:10F900004852123DA69A59BE394311BED593793C4F
:10F9100088BD103E5A47B53DAFCE013EF7039EBCB1
:10F92000075F583DAC5884BEB9521FBE34A02E3E6E
:10F9300057CFA93D3BFFF63D425DC4BD6685E23D24
:10F94000CD03F83D3E066B3D060D7DBC5116BE3C19
:10F950002192213D3B73A7BE1DE4F539BB9B57BEE9
:10F96000629ED53D4F76733DDA2023BEA41A16BEA3
:10F97000AAD557BDA0C63D3C384DFFBDC50435BE18
:10F98000DBA6F8BCA01944BDA3077EBD56815ABDB5
:10F990009E41433DE20250BD880F6C3B36CE263C73
:10F9A0009318E4BDDE72753DF67EA33D3B6F833D4B
:10F9B0000A6426BE158B9F3D7618933BBD00BBBDE8
:10F9C000B9A6C03C030734BD7D082ABCF10E303D0A
:10F9D000AD2FB2BDF46A003D918031BEDA8F943C08
:10F9E0002D98B8BD66DA9E3D9C3322BBBAA39F3DDD
:10F9F000CFF3A73C632ADD3DC479383DA29A923B00
:10FA00001AA81CBE2BFC593DE5F2BFBD427C80BD4F
:10FA10009016873D48DCC3BD29B1AB3D9D47453CB1
:10FA2000F08BABBD562C3E3D02F04F3D419B0CBED2
:10FA3000D1E7233DE1B7A1BD5D8855BC1095C63C1B
:10FA40005CE45EBDD84717BE2976F4BD1E4E803DEE
:10FA5000D61D0B3D74B37FBD49D7ACBDFE5FF5BD70
:10FA60006726B83D96ED833D5051953DEE7B04BE33
:10FA70007B31543D04E5363D158F8BBC23F3483C68
:10FA8000785F953CF3380CBE76F9B6BDDF33D2BD56
:10FA9000ACE3383D529A3DBE469882BD51F9D7BB82
:10FAA000CBD8503DE7525CBD9F04B63CA9892EBE21
:10FAB0009693D03DB309703D139C7A39A60B01BED5
:10FAC000CADE923DD04503BD9F3A96BD2C2C783DB1
:10FAD0000668DBBC282C713B9A97033DA67F093D45
:10FAE000E6AF103DCC457C3D4566CEBD1DE94C3DA5
:10FAF000B2D6D03C71AB603D4D11E03C2D940CBDB5
:10FB00007BA20BBE7C48F8BB821B693D5B94593BD2
:10FB10005F98ACBDE3FF8E3C982FA7BE4EB4AB3AC6
:10FB200048F8DEBCD509283D0F81833D5951433D3E
:10FB30005950583DAAF23D3DD90533BE44C48D3DD0
:10FB400092CF2BBEF43606BE83C0EABDDBC449BCEF
:10FB50001101073CB1C0D7BCF374AE3AF9122A3D8B
:10FB6000629EB5BD7FF508BE632A85BE44182F3E50
:10FB70002FC09E3D2C7FBE3CDE1CAE3C00529BBD88
:10FB800095D65F3D2D9858BEEF92B83D6901DA3B9E
:10FB90003A954CBD5DFEC3BC4303B13C4D2E463986
:10FBA00004719E3D4D844DBD2FDCB93A6FA0003DE0
:10FBB00091B7DC3CAE2E673D1AA3353D901491BD44
:10FBC00095464C3D0F7C8C3C60773A3D34F4CFBC7D
:10FBD0004D10953D5299B2BEA1A094BC280CBABE5E
:10FBE000CE0047BE5BD33CBD23BF0E3E5A48003D0E
:10FBF000A3AC1F3D263409BD01FA7DBD477239BE55
:10FC000043C6A3BB7DAF61BD156F643DC6FC5C3BC5
:10FC1000D4B78CBD3C30003A1E52EC3D8143A83D28
:10FC200061881CBD003CA2BCE00E543E54AC1A3DA1
:10FC3000E04B613DDB368C3CC025803D815F233E3F
:10FC400057E813BEF3E836BE10AE003D6C2148BD48
:10FC5000D02732BD12DDB33C5A4765BEB4E9883DBA
:10FC60005019DF3DE6CE1CBE92964ABC4D83823DC4
:10FC700028603B3DBC76A9BD9604E8BD8A3A433E68
:10FC8000E8A136BD6CECB23DB54F873D5E84893D41
:10FC9000215910BF85D2073E14CC28BFC1C704BF6D
:10FCA000B8CB7EBEFED30D3EB0AE5ABED8F0343DCA
:10FCB0000919D0BEB51BA5BE3A90F53B94850F3E01
:10FCC0006EBEF13DEFC5973D8EE89E3DFBCD84BDF8
:10FCD000ECDDBFBD8F6C7EBEB0C83F3E1E6E873D63
:10FCE000BFB5533E92051CBEB4E4B13DF77693BE5A
:10FCF000D1225BBCD029C83D2C44273EB4C74BBEA3
:10FD00007F12C7BEE37111BD3FA8AB3D6345AD3D5A
:10FD1000BC92643CBA4E43BE7616DDBEE7DF8EBDB4
:10FD20009E068CBC72FA3ABE64B10DBE029DC93CFF
:10FD300085B446BD06B860BD0F7E82BD2BBDB63C06
:10FD4000EBFEB13A9912093DEDD371BCA452ECBA65
:10FD5000467BBC3B4CC75C3D66A19D3DBED8DBBD30
:10FD60009A42C73D52BA34BD9065E1BD5265583DD7
:10FD70003F1BB9BC4C6E04BE1AFCFDBBCEE06FBC91
:10FD800007CF043CEE41C8BDF4F8BDBC0E32493C7F
:10FD900012FA99BCBDAAB3BCD1035F3D3BFFF6BCD0
:10FDA000F4DF433D63F2863CAE7F173DF1D50EBED6
:10FDB00001F827BC7846BBBDCA371B3D139BAF3D3E
:10FDC000772FF7BC61A62DBDE3A51B3B9E42AE3B42
:10FDD0001F0F7D3D3F01F43D9D853DBDCB0F5C3D3B
:10FDE00077A32FBE5FD1ADBCC68B053CDB1926BD0A
:10FDF00092080DBC08C817BCFE80873C26E0573B24
:10FE0000FD82DD3B2C2A62BC18B57BBD2575823C8A
:10FE10009032A23D44BEAB3D5454BDBDF14B9D3D1F
:10FE2000D21A83BB9357A7BD5C1F16BDF20BAF3B25
:10FE300071CAACBE62BE4CBEDF8BAFBC0266DE3D9B
:10FE4000A19E3EBD7C47EDBD7EA7493BD940BABBD4
:10FE5000C95928BE8A58C4BA77F85BBEA0176E3D50
:10FE600019571C3D0CACE3BB6A4D43BEEA95723D8D
:10FE7000B84022BE07D285BD22A6C43D85255EBD01
:10FE80003AC9163D98FB64BD698CD63CF06D7A3D4D
:10FE90006D1C913D66BFCEBDABAEE33DC71000BD4E
:10FEA00077F6553D4AB2AE3D7EC7F0BA9E7A64BD44
:10FEB000D1B143BDCADDE73CD866633D7EA7493B6F
:10FEC00067EF0C3ED71385BE6D3C58BC0F282BBE88
:10FED000D579D43DFEB6873D9B8E403DAD16983D0D
:10FEE000E0F5993C9D9FE2BA0B7D303CAA9B7BBE1E
:10FEF00063D445BE5309AFBD4CFD3CBC6E507B3C4A
:10FF0000D1402CBD6092CA3B81B47FBC43FFE4BDAD
:10FF1000EDF007BEC4249CBE42AFBF3D26AC0D3DF4
:10FF20007B6734BDEBE080BD0516C03C26007F3CFE
:10FF30002A8F6EBE215AEB3D6EDB77BBC05F8CBD56
:10FF40008B3451BEF3ACA43C912A4A3DB309903D99
:10FF50009CDCEFBCA3B1763D22E1FBBD726E933C0D
:10FF6000AAB93C3E1EA6FD3C4EF0EDBDDA59743DEB
:10FF70008BDE293C5D1A3FBB963F5F3D213C5A3DDD
:10FF80005DFEA3BE797423BDA8A69CBEAB7823BD3D
:10FF900088BB9A3D45F5163E382F4E3DB680D03B86
:10FFA0008CF5CD3D99F5A2BD422649BE168793BD7D
:10FFB000A70785BC7AC292BDCB11723D96434BBD5B
:10FFC000DE3914BC7231863D6E87863C9A26CCBDE4
:10FFD000F71EAEBD62D60BBC67804B3DAA7EE5BD69
:10FFE0007CEF6F3DA7B052BD1CCE9C3D6D1FB2BED5
:10FFF000AB77B8BD56D7A13B3C3341BDD95A9FBD65
:020000040801F1
:10000000887F583D13D27ABEB0C88F3D1FA09B3D5C
:10001000882FF3BD8AB061BE6138F73D5793C73D65
:100020000937993D800C9D3C6A338E3DFF58483D11
:10003000962625BCF9A1F23D01BEFB3DAA4722BF91
:10004000E410D13D4BE519BF7E51BABEFB03653CC0
:100050001366823E1C0683BE99D4003E5743A2BD60
:10006000613556BE268BFBBCF3562D3EAD4BCD3DC8
:10007000D67352BE7E1D983D76A941BE016A8A3D67
:10008000BE1519BE59DC3F3E505501BE8B18263EA9
:10009000B5FE16BEC137CD3CAD850DBF7B690A3DAF
:1000A0005BD1A63D3BE32B3E042105BF0A64D6BECF
:1000B000F2B3113DEE041B3EBE33BA3D83C220BCF9
:1000C000C49301BFDFC39DBE2594BE3A6B0D25BD11
:1000D000BAF9B6BECC63CDBDCE3722BCBC4174BD2F
:1000E000D84AE8BBC3BC473DBB4831BE1A511ABD14
:1000F00028D1123C66A288BC126CDCBC2EA95ABC6A
:10010000A81E693DF375393EB8955EBDF0A69B3DCE
:10011000639C3FBDADA5C0BD32388A3D6B6201BD59
:10012000257497BD072697BDDD5E52BB6D204D3E01
:100130009FAB8DBD185F34BDEE7788BDB4C8963DCA
:100140007D086ABDF4DE583D3926EBBDD253E4BDCF
:10015000664AEB3CCA6F51BD679E0CBE32B08EBD85
:10016000AB5A42BEF390893DD4D6383EC89A91BD71
:1001700085B61CBCCE8C7EBDBD3530BC1A18F93D91
:10018000D3A1F33DF7721F3BB29BB93D234A7BBE1F
:10019000C0B2D23C8F1D143D1973D73B3EE819BD48
:1001A000EB1BB83D3998ADBDC425473D7DE62CBC61
:1001B0005F0C653D0B26FEBAE10D69BD942E9D3D99
:1001C000B01C313E9BE4C7BC5C1B8A3D6667113D99
:1001D00023DB99BDACFD9D3CED612F3D355EDABE64
:1001E00060C8A2BEB5DFDABCEA096B3E7B4DAFBD8D
:1001F000239EACBD7B690A3B53AF9B3DB5874DBE8B
:100200003EEC853B3E75CCBE314579BD40F8003EA5
:100210006C98213C01F651BE718F253C8FA67ABEA9
:10022000008D523C2E55393E5A80D6BDE71890BD00
:100230004CC516BEFAF0AC3C029E943DB822213E5D
:10024000C11F0EBE9CBF493E6E135EBE9E0AB83DE6
:10025000FEB8FD3D7AA958BB90A21EBEC1CA113E90
:1002600014D1EFBD2BBD763DDC9DB5BC86AA583DB3
:10027000957E52BE3109D7BDC8EBE1BD6FF3263E76
:100280006380C43D1BD6143DBC3DE83DE0BB4D3C06
:100290006E35EBBC4167223E73D5B4BE64056FBEBC
:1002A000C6C082BE27DB203EA96A023DC7BBC3BDD4
:1002B0009755D8BB1689E93D0EDAA3BEC0CF383DAD
:1002C000B98AC5BE5303CDBC91D6283EAC39C0BD5A
:1002D000EB574ABE6935A4BDB37CBDBD863B27BE86
:1002E0007CD42F3E8FE29C3C8D610EBE49BD8FBEFB
:1002F000D55BC33D0341C03DA931113ED2C526BCEB
:100300001AC1A63D946C75BEFED6CE3D7C9B5E3E6A
:10031000B8235C3DC9E6AABD6682613E3FC8323A59
:10032000E7E1043EB0E8163D47209E3DEB70A4BED9
:10033000705DB1BCA9F55EBEF164773D471C323DEE
:10034000180A583D293E7E3D3F71803DB5C189BDAB
:10035000F67C0D3D079849BE2F1470BD49F7F3BDDB
:10036000DA8CB3BD2789853DE4BA69BDC0085A3D22
:10037000B37E933D4E9755BED0EF7BBDA1D88ABECC
:1003800016FCF6BDA1F4C53D93AC8BBE2B3400BE6C
:100390005E30B83BFAB8363D44888BBE6265743D2A
:1003A0002AC99A3D67B520BED3BFA4BD280E003E22
:1003B000F14701BEE84A143EDCB79A3DC91EA1BD13
:1003C000CC0BA0BE904D623E22C4153E10CB063E23
:1003D000603C833C6BF1893D6F822F3EAD86043DCE
:1003E000029BF33DA3736E3E3ACAE9BE060E083E79
:1003F00070619DBEB1A898BE68588C3C0A64163ED8
:100400005DF95CBEB58CD43D62BC663C45F483BEF0
:1004100076374FBDD1AF2D3CC9FF643CC1C7D0BEBC
:1004200079AD843CF568AA3CD3330D3E069CA53CCF
:100430007CEF7FBEFAD25BBEEC500DBE0795F8BDD7
:10044000B5C3BF3DFCAB9FBE166BF8BDA1DB0B3E39
:100450004E639B3DBEF571BEE6B07BBE6F83FA3D39
:10046000923BEC3D2507CC3D9BA9103D1F470FBF9C
:100470002D7841BE96B1813D24F017BE41BA18BD1A
:10048000329112BD60CC16BB92B2A5BD88BE7BBDB9
:1004900055DE8EBA3277AD3D3830393DB5A784BDD3
:1004A000C53C8B3D8B6B3C3D4910AE38EDF0573B66
:1004B0003DEF46BD6C5F003DFC53AABCC76647BD1F
:1004C000685CB8BC653919BE3BFCB5BDC3676B3B06
:1004D00072516DBD4644913DCCEFB43DE830DF3CF8
:1004E0000E2D323D40A45F3C085BEC3C5798BE3C6F
:1004F0008F705ABD2E72AFBDE23C9CBBCA6C90BDE2
:10050000D3A153BCE23FDD3B03CE22BEA6B604BE60
:10051000C89A513DBA66F2BDA4A91EBC07B64ABE30
:10052000560DC2BB81EB0A3C26FD3DBB5395B63A46
:10053000145D973CE50AEFBC04E70C3B2FC4EABC12
:10054000EAE8B83B01BD30BD3D0F6EBCCB9D593DC7
:10055000F27C063DE84E303DB7CFAABCED9CE63CB0
:1005600070CE08BCAD878FBDDC7E793C8FA7253D62
:10057000C3F3D23CF29881BBED465FBD4E60BA3CFE
:1005800056BABBBD1152B7BC66DADEBD54A959BC20
:10059000F5D9013DAA66D63CD671FC3BACC8E8381B
:1005A000685BCD3B986B113D7C6348BDF3CAF5BCDD
:1005B0002B321ABEFFB366BC670CB3BD6A32E33C94
:1005C00070B3383D33C100BE431A95BD3BAC303DDE
:1005D000C235F7BC6B994C3DBF0D01BEE815CFBCD1
:1005E000198F123DAC72A1BB7F8722BAFCE127BDF7
:1005F0003E25E73C2C616D3D97AC0A3B4A4222BD4B
:1006000018B064BDE257ACBC74EA4A3C6D73233D3C
:10061000CB30AE3D15E211BB5244863CF0A61B3DEB
:10062000F66052BD164B113B61E0B93C753D513D42
:10063000C89625BD9775FF3B08B048BC438E6DBD7D
:10064000C0AF113B637CF8BDBC3C9DBC0ABC93BCF5
:1006500072335C398578A4BC6971063D641FC43D62
:10066000FEEF083D63EEDABC7D5A45BD249A20BEFC
:100670004A796DBDFAB6A0BD7041363CEB8DDA3CCF
:1006800072A6A9BDD387AEBCE9ED4F3CBA4EA33CE0
:10069000DD22B03CADC17BBD3C6AACBD2104A43DB4
:1006A000EC6907BD33DC40BD9A5D97BD70EE2F3C11
:1006B0000282B93CAE6271BD49869CBCC425473DEF
:1006C000C7D71E3D9949D43C19CA893BC40A373B58
:1006D000A46F523CDFA7AA3B71E22B3C5F5FABBD2E
:1006E0000473F43C0DE4193DB75FBE3CBF6182BDAD
:1006F000BBD1C7BBDB32603C95460C3D4370DCBCD4
:100700008DEC8ABDF33997BDF833BCBC2E767BBB2C
:10071000C95AC3BCE86B963CCCB5E83CCA51803B97
:10072000490ED8BCB22C18BC1345E8BD20F0C0BAA5
:10073000984C15BD87A32BBD87F9723D102083BD52
:10074000F16221BD726D283B60920A3D9D9D4C3D3A
:10075000A7EA1EBDE04735BD2C9D8F3D785F553D16
:1007600071CBA7BD22FE81BD2EC7ABBCEA5D1CBE0E
:10077000A60A56BE6DE79B3D18D1B63DA3220E3D9D
:10078000DC118EBD8EE733BDE8DDB8BDF146663CB9
:10079000FF782F3C1232103D6F9DFFBD6A2E973DB2
:1007A000FF795A3D6214443D6DE1B93DA436F13CF8
:1007B000ED0B083E05C0D83D2F3542BD81246C3C71
:1007C000E0F2583D040388BD9D4705BD9835B1BC96
:1007D000882CD2BCD28A2F3D0A31B73D83C1753DEA
:1007E000EF55AB3D1A178E3DF27DB13D18782E3D89
:1007F000529E19BE768C8BBDDF347DBD0AA26EBDC4
:100800005533ABBD59FAB03D3E0415BD4A25DCBD9C
:10081000588F3B3DC79FE8BD8A1E983D0B7B9ABD14
:10082000B7EFD13D1B9E1EBDD02AB33C1764CBBC95
:100830003ECE343D04E320BE3A924B3D408523BD7D
:10084000A1836EBD9FE7CFBC8DEF8B3D20B6743B7F
:10085000548D9E3D6A886ABD2CBAD5BD7C64F3BCBC
:100860009DBC483CDCA1213DD99817BDD87F9DBCDB
:100870009D2A4FBEFDDADABDD80E063DA7C98C3DD4
:10088000FE80A73DC493DDBBA646883D041D2DBC5C
:10089000779F63BDB4ADC63D8BFA643D9D47C53CB3
:1008A000835109BD10AE80BB51166EBE26FEA83C1A
:1008B00014B4493D10B09EBE54E57B3D9B8D95BC64
:1008C00086010BBDEC6A72BDC938E6BD6347833D46
:1008D000A167B3BD4AF1313DA41BE13DF5F5FC3CF8
:1008E0005210BC3DF29AD73CBE839FBA6473153D4B
:1008F000FEB491BDD8286B3C0C93293DBB26A4BD0A
:100900003B54D3BC3465A73CDA918ABD1D91EF3CC2
:100910009CDB84BD60229EBD4B01E93C74EFE1BCD1
:100920007F87223CF7911BBD8D5D223D0E2C87BD3C
:10093000548C73BC9AD024BDB5A50E3D19E81A3D60
:100940002B681A3D315F1E3D90A0F8BCD7A19ABC20
:10095000F240143E0F9B483BCC600CBD5AD69DBD67
:10096000A419ABBDE1F13DBEB77B39BCD2FD5C3D06
:100970007C6037BEEF00EF3D63F19BBB45F1AA3CC5
:10098000E9B81ABD399AA3BD6D8EF33C9EB1AF3C58
:10099000AFCF1CBC0E11773D9E29F43C460CBB3CEE
:1009A00045B75E3D32AE383C12A026BD861B30BD39
:1009B0009FE323BCC72ED1BC9F1D30BDFA445E3DD2
:1009C000596A3D3C948705BD91B6713DBF0E5CBD33
:1009D000650153BD8E5BCC3CEECEDA3C5B2297BC0E
:1009E000473E2F3D9624CFBCDCD5ABBCC218113D91
:1009F000A5BCB6BD3F8E663BB85B12BCFF756E3DB5
:100A00001827BE3CE273273D6FF005BC910B0E3DED
:100A1000637D13BE14AFB2BB71E55CBEC66AD3BDC5
:100A20009CF82ABDC61642BD9A05DA3C13D5BBBD5B
:100A3000AD870F3EE5257F3C637BADBC130E3D3C8F
:100A40004CE0B6BD63B925BD28B9A33D57D0343CB1
:100A5000DDEFD03CF243A5BD83505E3DBB0E553B60
:100A6000882AFCBC13D2DABDE63D4E3B6380443D90
:100A7000187A443C39F0EA3C63D2DF3CA9F6693C81
:100A800028995C3DF46D013DF9F6EEBDF81701BD06
:100A9000BD8A0CBC9D84D23D6A30EDBD75029A3B87
:100AA0001BD569B99C6DCE3DF415A4BC40FAA6BC1B
:100AB000BAA07EBDB22C18BBD7BF2B3DDB148F3C38
:100AC00085255E3D745FCEBB4DA1F3BB7BF6DCBDDF
:100AD000B5FC803D7BF6DCBD5EBB943DDF1A183D66
:100AE0006C930ABCD369BDBD69377ABD8DB8803CB3
:100AF000A79116BCF2EC723C7096923CA6B6D4BCA0
:100B000025CBC9BC707D58BDCE39983DBFD6A5BD9B
:100B10008D2499BEFE9E98BD1FDA17BE28D3E8BD6E
:100B20008AE3A0BD7A6C4B3C99D83C3DF415243C3B
:100B3000FDBC29BD7C7E98BD89273BBDC2C1DEBB03
:100B40006C0A24BDB6842CBE969265BC569A943B22
:100B50001C5E303E978D4EBD475AEABD809BC53C1A
:100B60006EBE313E86E8F0BD7958883DD84AC83D12
:100B70002575A2BD363C7D3DF9DC19BE6F460DBD25
:100B800038A4D1BCCA51803D76C50C3D9C328F3E05
:100B90006491263EDFBF293E32CCC93D620FEDBDD8
:100BA0005F4300BE1DAA39BEB64C16BEB20EE7BDED
:100BB0000DE32E3DE4F736BDB79C1BBEDBC0BD3D4B
:100BC00040DAFF3BF12AEB3D261B8FBCE23C1C3A8E
:100BD000BBB88D3DC346293E9181BC3CCAFAADBD30
:100BE000DC9D05BE12BCA1BD1407D03C43A93D3B12
:100BF00095D534BE72E1803D73111FBE904D32BD5C
:100C00006649E03DC3D5E1BD7BF5F13C8AAEEBBD65
:100C100057267C3D2E3BC43CB6662B3DF69903BE61
:100C2000F294D53C59F7CFBDC8B3CB3D083E06BDC5
:100C30000F61DCBDE2390BBE45F3A0BD7714E73C84
:100C4000FCFCD73D98A1B1BDDC291DBE990E3DBE6F
:100C50004A7F0F3E340FE0BDEFADC83D4AF1F13D94
:100C6000971AA1BD4D14013E42CE1BBE3E213B3D15
:100C700057D014BEBEDA513D2FA2AD3DC2DE34BE08
:100C8000AC37CABD6806113E5F09243D98874C3DCC
:100C90001904F63D780BA43CC7D79EBDBADC80BDD5
:100CA00064EB19BD4431D93D8448C63D90F8953C6C
:100CB000DCD8ECBACB2E68BE38BB353C8108B1BD60
:100CC0008A22C4BD36570D3E1B7F22BDFAD2DBBC43
:100CD0004F5DF93B2E1BBD3D9C8A54BE22A72FBC05
:100CE000E36CBABD282DDC3CDD95DD3C0DC793BD22
:100CF000F0F911BEE7C3F3BD26E358BDF6289C3DCD
:100D00007F12BFBD90A018BE6D56FDBD4644313D5B
:100D1000C423F1BBC713A13DE8A3EC3D04E4ABBD84
:100D20008B51F73DB53201BEE621D33D7AC63EBCBC
:100D30004AEC5ABD679C46BDBE30193C6FA000BE50
:100D400056110E3E7DB1773DBC7A553D287F373D2B
:100D5000E50B5A3D53E701BEECDBC9BC234B66BC37
:100D600067282E3DF417FA3CD6AC333D2829B0371E
:100D700079CBD5BD9607E9BCCD026DBD4436903B1D
:100D80007409173E32746C3C07D02FBD89EC033BCD
:100D90003D9CC0BC3C83063C56D3753BED2909BE47
:100DA00008C942BD388169BB53CE97BC691EA0BD3E
:100DB000C024953C14E93EBD83C2A03B05C58FBD50
:100DC000BF9DA4BD87DF6DBE5F27F5BCB1165F3D3B
:100DD000E8154F3DB45B4BBD0212CDBC60AE253E65
:100DE000BCB095BD7B118D3DF1819D3CFBEA2ABCD9
:100DF0008E5CF7BDF165A2BA7FC219BD4EECC13D54
:100E000020B634BDED6385BC787A25BD43C6C33DAD
:100E1000695335BE33190EBE21201F3DCAC2D7BC4F
:100E20008FA7C53D4EB6E13D645B063D739CDB3B41
:100E300010759FBC7CB7793D8C67D03BA8350D3DC4
:100E4000728A4E3DE6B126BD7F69D1BC696EE5BDB3
:100E50004CC10A3E73115F3CA51103BE2E3758BD2D
:100E6000BCB120BA8BA8893DFCE252BDF511D83D3A
:100E7000A29AD2BDF2CFECBDF7E722BD40FC7CBC0C
:100E8000F2782ABE2523A7BD90BDDEBC94A2953D75
:100E9000863A6CBD45A09ABDF227CA3D5B06BC3DB3
:100EA0001E157F3C92AE593D58C606BCD8B8BEBD93
:100EB000FCAADCBC64CCDDBDE0BCB83CF566543CAF
:100EC00019722CBEC5AEED3CCEA9C4BD751F70BE57
:100ED00065716FBE0475CA3C46D3B9BD32AA1CBE4B
:100EE000829157BD19C99EBD16FA603D9599B23DD4
:100EF00021201F3E0D36953D0A0F9ABC7041163ECB
:100F0000A47293BDF5BD86BB99F07BBE87FDDE3D27
:100F1000A5155F3C6C938A3B5CFF2EBCE8DA57BD9D
:100F200080B6F53D6C4084BDC6FD073E8E3B35BEA8
:100F30004F07B2BD7CF1C5BDDA71133E98FB643B2F
:100F40000CCC0A3D51DC71BDA0FFDE3D06836B3D3C
:100F500091F39EBD282782BE5B0B133E9C8628BC66
:100F6000B7EE86BD545613BDA3AED53D96B4E2BCD4
:100F70004C8E7BBD09F9A0BCC5C589BE397FF33D48
:100F80002D26263E80D6FC3CEB39A9BD7C60473D32
:100F9000CAC39ABE438CB73DE201E53CBCAEDF3C20
:100FA0002540AD3DA3E9CCBD7C28B1BE5D70863D3A
:100FB000A4709DBDCA703C3DD82946BECC7D723D13
:100FC0003273C13DDFA5043EA01518BEE5B4A73DB0
:100FD0002E1DD3BDB96C443E9DB89CBE4AD40BBEF9
:100FE000D28E6BBE37330ABEA6B9953D12BEF73C12
:100FF000E5D022BECB0EC9BE5D5215BED045633EC4
:10100000F6CF133EEE04FB3DDCF37CBD1F4949BD2A
:1010100083F7F53D05C381BE26A98C3DBE6C3B3DE3
:101020002E1DD33DF0C3413DDDD28ABD915F3FBD52
:101030002575A23D1C0B8A3C075C573D61DDF83DE0
:101040006D028C3C6DFE5FBDB055823D46094ABEC7
:101050004A46EE3DE868153D29939A3C0CE79ABC58
:10106000E6921ABE5776C1B966BDB8BD2239B9BD80
:101070004739983D4FB1EA3C72DFEABD8CF7233D1A
:1010800056EFD03DCB843FBEF358B33C85435FBEA3
:101090006404B4BDB56C2DBC6C2469BEA71FB4BD7F
:1010A000663086BE7593183D3B010D3D274C18BD3B
:1010B00048E07FBE28B858BDFAB6E03D56478E3DA1
:1010C000EDBB823DE371D13CF8A5FEBC68D0403E4B
:1010D0002B4FC0BD0A31073E09F9A03C8A22643D6E
:1010E000B9FF483B27DA55BD1EC002BEB7F0DC3D54
:1010F000DC295D3DB5C109BCA12E523DC2137A3D2C
:101100007EFDB0BD8A3B5E3CD658C2BCF5D8D63D0C
:1011100051DB463D39D4EFBB840E3ABB569F2B3C86
:10112000728A0EBCB61064BA616CA13CA67CE83D24
:10113000558A1DBDE28F62BD8DF1813D3AEA283DA1
:10114000FB20ABBD8D2A433B4DF910BECD1EE8BC44
:101150009A0AF1BAFF2393BDAA2B9FBD0723B6BD00
:10116000392776BAEA068ABCBFEE74BDFB5B82BD46
:10117000317C24BE07435D3DDF51833D4985B13D50
:10118000D5E8553B287C76BD4887273E0CE6AF3C2A
:1011900034BE0F3EE0BE0E3D6D1E073C87DB01BE38
:1011A00055875CBDF9BE38BEC4B3A43D8D29583DFA
:1011B00076C5ACBDE7374CBD4963B43B72FBC5BDDA
:1011C000A08A9BBCA532C53BF7CDBD3DD3333D3C8A
:1011D0008EE89E3C8FDFBB3DA88C3F3D56F407BC9C
:1011E000C1C7203DAF07933B27D98A3DD0647F3CE0
:1011F000800F5EBD06BCCCBA1B9EBEBD0F619C3D80
:1012000075E8743D55F768BE38324FBD26378ABB46
:10121000FC6E9A3D84D558BD7A18DA3DB41EBEBC2A
:10122000151A68BE8C830BBD5E4D5EBD5B0A18BE91
:101230006B80D2BBD8BBBFBC8A027D3D253EF7BCCC
:10124000C4B0C33C0B7F063C5245713C3204A03D08
:10125000266F00BC9DF17DBD7D1F4EBDFB78A8BDF6
:101260005187F5BD6DC5FE3C751FA03D465C00BDB8
:10127000C158DF3C49869CBC516C35BE909FCDBDAA
:10128000FFE645BC8F7185BE7991E9BD758E31BE93
:101290005CAE3EBD9607A93DDB368C3D782A003E0C
:1012A000DEE437BB1BF510BD5131AE3D7764ACBDFC
:1012B000177E003E34109BBE484E663DEE78933D4F
:1012C000AF2439BD6D73233D39809E3DE89F60BCDE
:1012D0007896A0BD9433F43D75B01EBE97C792BEFC
:1012E000433DFDBC05E04FBE8962723C8FA9BB3C0B
:1012F000F77881BD4D2DBB3D5CFF2EBCC03F25BCAA
:10130000A4C45EBE5C8E073E58AE373CC28928BE80
:101310003351443DB08E033EDC64D43C3623033B62
:10132000E544BBBB2385FABE05DF043E452DCD3D1C
:101330002E1D433EF9F3CDBDBB26643EFC371BBFDB
:10134000D3C00F3D11FC1FBEE205B13DE947033E8E
:1013500010AF8B3DAE49F7BE2FC45A3E3F7035BE2D
:10136000F04CE83C2D402BBE5C9198BAB2B85F3E81
:101370005392253E2F8AFEBD3BFD303E86E6DABD08
:10138000C6F99B3D66F8D7BEFDA31FBE87FB28BEEE
:10139000E0490BBE726A773EF59F65BEF8E346BE34
:1013A000EA943BBF691919BE38D7903E079A5F3E51
:1013B0001FD6DB3D3FABCCBE26A90C3E9F000A3CAE
:1013C0009F03DBBEE77198BC9F74223E586FD43CEC
:1013D0008E3A7ABD3FC8323C8179B8BEA1DA00BEF0
:1013E0002D09103D6554B93D7D04FE3CF1D54E3EBE
:1013F000DCA006BEAE28253E8A1EC0BE7EE3EBBC46
:1014000000FEA9BC9E0B63BD068200BEC32BC93C77
:101410003A02383D8C66653D6458A53D3A078F3DDC
:101420009E5D3E3C58AE8FBEA643A73D6C424A3EF1
:101430008387A1BE49F21C3D554DB0BE7AE0BBBECC
:10144000C3676B3C7F34DCBE3AAEC63C2C9ACEBE42
:101450005722403E00A852BE08E6283DA0A8E4BEA0
:10146000D367C7BDA5F5373E0D72073E43E5DF3CA8
:10147000A16A74BD572767BDFFCA0A3EB8E7793C29
:10148000BF7E883CE57A0B3E2EC76B3DE1D0B3BEF4
:10149000F4DEB8BDB9C293BEF163ECBD14B4C93D6E
:1014A000DC2AE8BD9015FC3B9E40383E284987BEAB
:1014B000486DA23DA7B10DBE382CEDBDF569953D37
:1014C000847F01BED44798BE8673CD3DDDB4193EFE
:1014D0005FCF973DA053303E2CD620BE73115F3CAA
:1014E000D464BEBE32E543BD8F34F83D02A07ABE5F
:1014F0009223DD3D5C76F0BED9E894BE62F9033EEE
:101500008482D2BE6A34B93C2997D6BE13D3E53D56
:101510007576A2BE5D87AA3DA5BD81BE0B7D50BE7E
:1015200005176B3D452E783D53CDCC3D0B24283D12
:101530005A46EA3D6859F73D855EBF3D40FCBCBD5B
:101540005C55F63D8461A0BE406CF1BE2A0347BEE7
:10155000DC808FBE39B61EBD12871C3ECB2B67BE0A
:1015600065532E3BE02EDB3D8D7FA7BE41282F3DEE
:10157000F69632BDB283DABEAB08173EC59282BE84
:10158000EEB4ADBE89242A3EEA93BC3DDF32E73D8E
:101590003480673EE080C6BE977414BD4D4AA9BE34
:1015A000C8431FBDF4A78D3C664F02BEAC54F03D4E
:1015B000857CF0BE03EB38BE8D25EC3DBDA6B7BEE5
:1015C000965B1A3D10CDBCBD8192823DA703C1BE82
:1015D00010E6D63D45635DBEC218D1BDE90AD6BD51
:1015E000E31B0ABDB919CE3D52D3AEBC4E441F3EDB
:1015F00050353A3EB3B4233EFAB43ABE9A0AF13BB0
:10160000CC7EA5BE3C50BFBE295A39BD0610C6BE11
:10161000620FED3CAD87AF3DA4FA2EBEC232F63D5F
:101620000F7C8C3DF0C080BE1F30CFBD4E4314BE3A
:101630008AE639BF35EB0CBD791EBCBE53CE47BE22
:101640001AA29A3E1C7C513E6D39673E075F783E78
:101650005B780ABF74CEEFBD50AB48BE1F66AF3C8F
:1016600089ED96BE39B9BF3D17BC383EEE251DBE8B
:10167000B16E3CBD4B3C203CBC9406BF53B307BD90
:1016800074ED0B3E3927F6BA04FE04BF0284AFBDE9
:101690008655A4BEEB54D93D64902BBE153849BE87
:1016A0000B7A6F3E33C51CBD67B4F53DD74E943CF5
:1016B0009085283E941498BEA67C68BE179B563D24
:1016C0002CB679BE6781363D4B3DA3BEBDA647BD56
:1016D000F29405BE5245F13B59DB543DA5F78D3CD4
:1016E0005E839E3D69E162BE75CCF9BD6D01E13D51
:1016F000C25142BE6F4768BEBF81093D7CD6B5BCB2
:10170000314313BECEA8F93D22FCEBBD6C5E35BE65
:10171000D95CA5BE3DBA513D38D7B0BC3CF6B3BC90
:10172000E65D75BA25CB09BD180AD83D6DAA6E3D98
:101730008B71BEBD959B68BDCC27EBBDA58781BDD8
:101740007749ACBE2E8CF43CEF013A3DEFACFD3D49
:10175000CEC2DE3D31B30F3ED00ED83DE141B33DA8
:10176000BDA607BD4D6A28BDCCEEA9BDC0EAE8BD47
:101770002A1C41BE126A66BEE71D273CB668E13DE1
:10178000363B62BEC003833CE15F44BD6FBC7BBDA2
:10179000AE4676BD5873E03D58017E3DAB790EBB39
:1017A0004EEF32BEA06C0ABEFDDD2B3EEC6711BED3
:1017B000C405E0BDCDE75C3DD1E7A3BD0CCB9FBC2C
:1017C000D235933D4C18CDBD1897AABDFA8020BEE6
:1017D0005CE80ABD4CE22C3B11C7BA3B2C0EE7BCBF
:1017E000838AAABCA3730E3ED66F663D6B9B623C98
:1017F000567F04BDDBF738BEA5F5B73B144081BE6C
:101800009FC8933C7C27E63C9D65B63D1EDF1EBD10
:10181000E57E473D79B2FB3D5017A93D931ADAB7F3
:10182000217450BD2061983C2025D6BDBFF37BBEFE
:10183000E4BAA9BD3B199CBC395E813D1D71A8BDB0
:10184000D1B1C33D79215DBDBAF8DB3BC9CC85BCC4
:10185000309EC13D2CF0953DD73384BD3C1590BDE5
:101860003A08DABD6364893DD0B9DBBC3B3A2E3D12
:10187000BA679D3DBC20A2BC35971BBDE5292B3D19
:101880008274F1BD1E5397BD1380BFBD0490DABCB6
:10189000BA13ECBC3A5C2BBDB0E640BD069C25BD3E
:1018A0008CF4823D8AE4AB3C774DC83CCB4CE93CA0
:1018B000E63EB9BC16131B3D486E0DBE062E0FBC8E
:1018C000F3CAF5BBEE93A33C9CA38EBBDDB62F3DC4
:1018D000768C6B3D3465273DFFCD0B3CB4E722BED3
:1018E00074D326BD2DD204BD9CFB2BBD3AEBD3BCDB
:1018F0001B2D07BE1420AA3D5F0C85BDE6CA803DA6
:10190000AF087EBDFE433A3D33E157BD6E6EAC3D40
:10191000B60FF93CD07F0FBE0BF00DBED02908BD2D
:10192000478E343D261D653B0438BD3CC367EBBA8A
:101930009337C03C5E1091BB463F5A3D2E1A92BD74
:101940000EF8FCBBCBD58FBD63B74FBCE02D90B973
:101950007FA1A7BD3F36A9BD1406E5BC2923AEBCB7
:101960006C0638BCF9F5033D5707C03D0DA9223B75
:101970009678003DE35380BC1FD9DCBCD55EC4BC67
:1019800074EB35BDDEE582BD14B4C9BCC90286BDA9
:10199000BD3A473C00E52F3DF81CB8BD24F25DBDC3
:1019A000F14A923CEF3B863CAEB74D3B6A6C6FBD53
:1019B000DF6C733D4F5D793B5B22973C73F4B8BDA0
:1019C00062F3713D300EAEBD5FB5723DCF15A53DE2
:1019D000899A08BEFB3C16BEF48CBDBDDC1239BA38
:1019E0009E7B0F3D5918223D0F9B08BD6DFF4A3C61
:1019F00087FE893C9949943D1902E0BDE202503BC3
:101A0000C47CB9BDC499DFBD302A89BD20F11BBE9D
:101A1000D26ED4BD21AFA7BD7EC4AF3A8D2AC33AE2
:101A2000C30EA33D08C72C3D151F9FBB7CB5233DAE
:101A3000179BD63CBD3A07BD20D3DA3B15E211BB5C
:101A40003A5794BB3A3CA4BDFF41A4BD3E0716BC27
:101A500005C3B93C498230BD246400BEA305683D7E
:101A60004E44BF3BEED0B0BCDF8CBABDEC33673D1B
:101A7000637BAD3C2A1F823D6683CCBCE3543BBEF6
:101A800023F609BDFEB57C3D457FE83CF01929BE33
:101A90001C42F5BD151E8CBE0A4A513C33A660BEE1
:101AA000778453BE3CF809BDF8A6E93C9F727CBE22
:101AB0006D1A1BBDF9F438BE71037EBDE46981BEA9
:101AC00072E0153D4B2316BE72FB853D7A362B3CEA
:101AD00093E03DBEEDBA573ECA54113E183F2DBEAD
:101AE0003D7D14BE158E98BE3315C2BD5B3F7DBED5
:101AF000DD5BF13DEBE5773DBFD55A3ECA17643E4D
:101B000002A02A3E64CB723D7F2EFA3D5854E4BDBC
:101B1000AC1C9ABDF39194BD14B09DBC5FB2B1BD35
:101B20008FA9A3BE6D72B8BDBB274F3E10B189BE51
:101B30004948343EB83E2C3C1EFE5ABD8C832BBE19
:101B400008AB113E3A94A1BC5B7DF5BD5DA5BBBC65
:101B50007172B7BE7443D3BCACE398BD1B1217BE01
:101B60000307B43B710594BDEE3E473CDEE7F83A0F
:101B7000EAAE3CBE293F69BD789B67BED009213CD7
:101B80007B4BB9BD917D50BD0DC2DCBD9B7631BD97
:101B9000CF12043EB8EA0A3E632887BDFD66E2BC68
:101BA000E97E0EBE556A96BD2A021CBE6FBD26BCDC
:101BB000AC8FA73D4F79B43D67B8A13D3195BE3D8F
:101BC000D192173EB7D4413DA357033E981740BE6C
:101BD0005A2CC5BCF9BEB8BB8A00A7BC334F3EBE69
:101BE000D6E4C9BD19C7E83DF8A704BE3DD1F53D0F
:101BF000363FFE3B9415033D19909DBD8A3B1E3E2A
:101C000022C2BFBDB4215FBE76A4FA3CE63B68BEEB
:101C10009198A03C45DA46BDE59B2DBD3C6A4C3D04
:101C20007B1383BD6B66ADBC7EC4CF3D30F543BE38
:101C30001CB2A1BD2CD79BBD61A7B8BD47E827BD8D
:101C400057D004BE28B69ABE2E9020BD6B48BC3D2E
:101C500053799B3D34F8DB3D1DB06B3D359B873D93
:101C6000A3772A3D8E22ABBD2899BCBD76340E3DAC
:101C70008257EB3DADA66BBC8203BA3D1D73BE3DE2
:101C8000CD90AABC36B0553D5A6205BEF4C433BDF2
:101C9000A5677A3D577C83BD693BA6BD39B709BDB1
:101CA000DA1B3C3D655198BDD80F313C4F3FA8BD74
:101CB000F3565D3D342BDBBD029CBE3D0E49AD3C71
:101CC000527E32BE07B4F43C9B8F2B3D7FBDC2BB1E
:101CD000D1E783BD011338BCD0B61A3C653472BD60
:101CE000BAF6853C630B813D9D1230BE941759BDF9
:101CF000309B80BC82C822BE4A98E9BCEF1A74BDF2
:101D0000DE8E30BE4582293DAC00DF3CAA108FBC80
:101D1000976FBD3D6A68033E7CD45F3D4BC8073D6D
:101D2000BCCE86BB67D311BD41BCAE3C4759BFBDDD
:101D3000454A33BDD97CFCBDD57924BEAA7C0FBDF4
:101D4000D0B8303D06BDB73D53754FBDE0675C3D33
:101D50008BFC7ABC7C29BCBD32C9A83DF4FCA93DF2
:101D60004F3DD2BCEAD0893D2DB423BE61DE233D78
:101D7000D02607BE86C9D43CE6CD613CAB9654BEA6
:101D8000909F8DBB0F7E023EBFF38B3C84F1D3BA94
:101D90006D90C93C4D9F9DBC2445E4BCDF37BEBC63
:101DA0005F99973DCAA63CBEF94DC1BDE6AE25BDC3
:101DB0003718AABE494884BD7B87DBBD68222CBE8C
:101DC0006DE650BD9E41C33CB7EB65BD0A86B33D91
:101DD000020E113EE10DE93C734B8B3D16DF903D49
:101DE000F793B1BC05DEC9BC8EB0E8BDE01200BD02
:101DF000CAFC33BE3D6181BE38BA4ABD87152EBDCF
:101E00005E9F093E8BDD3EBE9BC8CC3DA2EB423CB3
:101E1000E2EAE0BD2E541E3E33FC873DA7CDB8BCA0
:101E2000EF8DE13D9CA223BD2C4562BE03D193BD45
:101E3000BDC66E3D5AF0223EF4A351BE92CEE03DA7
:101E4000F222A3BE09C48B3DB2BC1BBE5A9FB2BDD9
:101E5000B285A03C7A8C72BBB37B12BE24F0873D66
:101E6000459D81BE166BB83BA087DABDFE9E983DAE
:101E7000710429BED0D03F3DFA0927BDC8ED77BE19
:101E80002367913EB588083E3E7A73BE5F7FB2BD40
:101E900065A72FBE44A531BEC9FF643D445120BE95
:101EA0008F3563BDFE65873E855C813EB8E96F3E38
:101EB000F39194BB404BD7BC64066ABEEF7522BE5B
:101EC00016DA59BE42CCA53D971A21BD92CE80BDEF
:101ED000A5F622BDE658863EE2EA40BE9B58003E8B
:101EE000425DC43D881017BDE86910BE1EA4873D41
:101EF000BEBD2B3DE1EB0BBE529DCE3D1C7E77BEA1
:101F00001F6504BDC861903D09C611BE022D5DBDAF
:101F1000967795BD08ABB13D2F4FC7BD2B4D5ABE2F
:101F200063D5A03C20B2C8BCDA8C53BC5BD106BEE2
:101F3000DA1CE73C892620BEA64367BE1F2EF93D6A
:101F4000FCFB0C3E541CA7BD3B1831BCE37111BD1A
:101F50000052BBBD34BA833D0E6633BE1BF2CFBC0C
:101F60003ACE6D3E1426AC3D2027EC3DE527553D8D
:101F7000F69B89BD2063EEBB570615BD8C1575BD5C
:101F8000E7AAF9BC6AFA6CBC43AD09BE29B3A1BD8E
:101F9000791E1C3E5C1C55BE651CC33DC007AF3D91
:101FA000300DE3BDD1EBCFBD44C0E13DBE30193CA7
:101FB000833132BE37FAD83D05C24EBD76A846BE43
:101FC00046239FBCF5D600BD43AA28BD1EA768BD09
:101FD000D4F1083E414A8C3DF3AB19BE533F2FBDAF
:101FE0003BC8AB3D541A01BE471D1DBD80634FBCAD
:101FF0001213D4BDDE0033BDF949153EC009C53DFD
:102000007C7F43BD25B33ABDA1478C3BCC2AECBDB8
:102010008EB0A83D99655FBE9F728CBDAFCCFB3D75
:10202000BD3786395130833D77DC703C29CF9CBD6C
:102030005D3379BCA2440B3D4A08D63C492DB4BD62
:102040001A89D0BC58923CBE22539E3D2E8DDF3C57
:102050004661D7BD5CACA83C0FF10FBD83C04A3DC3
:10206000588CBABD10E8CC3CDC800F3DA26387BE23
:1020700098F9CE3DB3D01E3EE76D1CBE014D44BD68
:10208000E0F258BDE066B1BD8F8914BD55C213BDE5
:102090009D11C53D2FF92FBE26E28DBDFB92AD3DB2
:1020A0005F5E50BE3D29133D8BA6933D9D7FBBBD1A
:1020B000CF85513D0D36753D31D20B3C97AB5F3D21
:1020C0002BDE483D48C4B43D25ADF83B47E9923D81
:1020D000AED6A9BD787F3CBDF5A0A0BBD61C20BD67
:1020E00024EEB1BB60C905BE4548DDBBB22D033D42
:1020F000D333FD3D213E30BD95D213BE39EF7FBDB8
:10210000B83DA1BD732EC53D04AD803D67B5A0BDF2
:10211000DB4FC63A3ACB2CBE4EB5D63D075EADBDC1
:102120009221C7BD9432693D666A9ABEE84B0F3E64
:10213000041D3D3E62316ABDB4E7B2BC04903ABEB4
:10214000C10012BEB20F32BBAC8BDBBB2E760B3E96
:10215000A018F9BD06D992BD2F86923D23F7BCBECB
:10216000A9839CBD75012FBD2D7AA73BE5D5993D6F
:102170008FDF5B3C35F12EBE91EDDC3D319AB5BD74
:10218000F5A1AB3D1C25AFBD6DE2243E56F1E6BD89
:10219000848428BD3623B3BE2CD3EFBD77491C3CC5
:1021A000C1748ABEB3D139BD191BDABD69002F3E97
:1021B0005776C1B9FD9FC3BD6F8019BCD785DFBD00
:1021C000A9BCFD3D16BD933DCBBE2BBDE0DAA93DBC
:1021D0007A1CE6BD3C85DCBCA35919BEE38DCCBDA1
:1021E000164D173E20422CBE08732B3E083D5BBDAA
:1021F000E0D873BD7121A7BEB0CBB0BD5E67C33D53
:10220000B54F47BCB455C93C2B84D5BBE5F23FBEA6
:102210005D6EB03D2D439C3D73811B3E8A1FE33CA8
:1022200011390D3E9BAF12BDBA84BBBE1F13A93C32
:10223000596B383E992842BDB708CCBD514EB4BC4D
:10224000FB2407BE96971C3EC6E1ECBED350A3BB51
:102250007A19C5BB9B21F53DDA8D3E3D9A986E3DBE
:10226000C8446ABEA60A86BDE388F5BD48C113BE50
:102270006B9B223DC939713DEBE2B63C0002D6BBF7
:10228000128807BEFFCF01BEA87325BEFAD3E6BDF4
:10229000753D51BC28F284BDB3B27D3DA19FA93DDF
:1022A00032AC62BC0BEE273ED49AE6BD27A114BE29
:1022B000DB3383BE13B9E03B651D4E3D1E6B06BD8F
:1022C000A226FA3D0189E6BD33A6E0BDCDE71CBDDF
:1022D000043DD43B96CFF2BD2EC7ABBD2BF7823D5C
:1022E0004E995B3DCADE72BEA2EE83BD3810423EFF
:1022F000BC05523DEE2462BDDD7962BC29EB97BD81
:10230000C05BA03D45F285BE18B4103D9240133E1F
:10231000A9A2F8BC16165CBCF3ADAF3D77F42FBE96
:1023200047AE9BBCC07630BD06D992BD9B8E00BD2A
:10233000F418A5BD3AAD5BBA94FA323B30A1823CA9
:1023400019C7C8BD32AFA33D0AA28EBD280CCABBB7
:10235000276728BDEBE5173E486B1C3EA7EC34BD54
:102360003CA1173E58E62DBCB85C85BECDE912BE37
:1023700059A39EBD88BB3ABDBEDCA73CE449123DD3
:102380005FB4C7BD15CA12BE309B10BE4A28FD3CC3
:10239000DAE20ABE1442073D5E2F4D3D836C99BDC3
:1023A000956508BC3AE7E7BD728CE43C294094BCD3
:1023B000CA8BACBD15CA023EB267AFBD2C0EE73D5D
:1023C000FA9A25BEBC0211BD459BE33DABCD3FBD96
:1023D0009753023D59888EBC2656C6BC973C9E3BFF
:1023E000FD6B093EDE1CAEBC6001CCBC6E18C5BDE9
:1023F000D4812CBDAA9C963D1954DBBD723221BEFE
:102400007B9FAA3B680922BE7E733FBDB9FDF2BC2B
:102410006B2DCC3D4DF7BA3D83FB61BE11FF203ED5
:1024200090BD0E3E357B98BE19A9773BAF0A24BEFE
:1024300082AAF1BD6287713D5F7CD13C1CD2883D90
:1024400061A738BE257417BE0D6D003DC19055BE05
:10245000D9EB1DBD4ACE893C2671D6BC10408A3DC1
:10246000E57B36BE6C9495BD452A0C3DC8D091BD28
:1024700049BB213E626895BD33340E3E817948BC2C
:1024800096CC91BDBA14D73C2F35A2BD9C6AAD3C09
:10249000F8E21BBED097BE3D2AC7A4BD38F62C3E3D
:1024A0006DAC44BC16A3CEBD75B0FEBD4642BBBDEF
:1024B0006C92BF3DD4D4D2BD96796BBDBD3786BD7D
:1024C000EF7211BED20109BD7EFCA5BCA9DC04BD22
:1024D00006109E3D232DD5BE8E77473E807F5A3E07
:1024E000B1869BBE8D467E3D1C255FBEC7622BBE5E
:1024F00062DCAD3D36CCD03C2253DE3D790778BD61
:102500006952AABD22E2263D4B3E96BEA6D1E4BB4F
:10251000512E0D3D4B90913DC9588D3D64AD813D8F
:102520009BFE3CBE81B40FBEB3075ABE0CCE603CCE
:10253000478F5F3C675F393E58E502BDA8FCEBBDA5
:10254000DB4CF5BE72C159BE98F60DBD6ADDCEBE3C
:10255000B51B7D3D051AECBDF2D1523E6FF3463CF2
:1025600072BFC3BDA92FCBBDA5F4CCBD2E74153E43
:102570005E4B483C4D11603BCD3B8E3D1B7F02BE08
:10258000713BB43C61C2C8BDB18831BE89275B3E96
:10259000A20E5BBE4B765C3ECF48843BAF9693BEAB
:1025A000EC899EBE8BA99CBEEDB796BDF8C2A43D3A
:1025B00064E6823CCF13CF3D62F49CBDD6C7A3BD79
:1025C000E9451D3E75ACD2BC77D8E43D0684863E15
:1025D000B132FABD43043CBEE4A0E4BD50C6B8BD70
:1025E00023DA0E3C359670BE709A7E3D48FB3FBEA6
:1025F0005C928B3EC4EB22BF61C17D3D55BEA7BD41
:102600003BA6EE3B87A36BBDBA9F533D4DBF24BE97
:1026100082C5E1BC66A11D3DAF97A63C630DB73DE9
:10262000BB4746BEEB1BF83D650123BEA91320BE88
:102630002F198FBE72157BBE342B03BF8E407C3D9D
:1026400089EC13BEBB2684BDB210DD3D446A3ABEA0
:10265000AEB6123E142105BEC5769FBE42D0F1BD76
:10266000FC01CFBDE1464ABE0760433DF8C4BA3D18
:102670003BAB05BDA7AFC73D7A35E0BD9F22473DC7
:102680002271EFBD402FDCBC2BA5373E9528FB3CCB
:10269000439043BD952C67BEFDF9B6B9B262B8BB95
:1026A000C7D580BE344CEDBCEA051FBD39EE243ED3
:1026B000B686D2BE7BBFD13C26555BBC664D4CBEB8
:1026C000D82AC13B1E701D3E6CEDFDBC501B153D54
:1026D000BA30523D2DB0073D7A6C4B3D268F37BE48
:1026E0009949543D166837BE56D676BEA7ECACBEA7
:1026F000207A32BEA38F19BEF64457BC2EE732BEF5
:102700009B39A43C7A00EB3D24B99CBD64C91C3EB6
:1027100042D287BDD1C992BE7445E9BD33C130BE36
:1027200050A992BEC782423DF435CB3D28F43ABD54
:102730005D350F3D5A1115BE143D303DA6EF35BE37
:1027400086AB13BE726EB33D8CD73C3E6AA4253D6A
:10275000C0B177BE38A27B3D99D4103DC9E5BFBE5C
:1027600072184C3CF5BD463D8D0B473D94F53BBE84
:102770004EB601BD26E057BD323D51BEFA293E3E60
:10278000A06E803D2FDDA43DE9D4B5BD0186E53CBA
:10279000AD18AE3CF1B8283D6EDE38BEF9F8E43D28
:1027A0009D83A73D51A5BEBE48DE79BE6BD659BEFE
:1027B0006F2E9EBD357AB5BC01DE22BE1FBB0B3E1F
:1027C000596A9D3D950F41BEC6A6553D44F8273E2A
:1027D0000F999ABE876D8BBBFFCBA5BEDD7A1DBE60
:1027E000FDA49A3D5D8A8B3D75E5B3BB776A2E3DAE
:1027F000AF9736BE8944613D01BD40BE73D667BD0B
:10280000D480813D8291273E2C2E8EBB42AF8FBE5D
:102810009ACD633A6A3223BDF06DB2BEB667163CFC
:10282000261CBA3D78ECE73DA8C520BE6DAC04BEC1
:102830002C638BBE325726BEC30F1E3EABCD5FBE90
:10284000B9FD123E4DD7F3BD8A57193E77F47FBDCF
:10285000FF08433B09A63ABE87DF8D3D0801693E6C
:10286000EE3F42BE95B5CDBC7C2871BEE57FB2BDC2
:10287000236AC2BE085BACBD3596D03DF8E28B3C06
:10288000EBAA98BE0F5E2BBE58707F3E223909BF5F
:10289000C903213E00C485BEABCC143D8F19A83BB3
:1028A00091B5C63DE8A394BE5BEAC03D0A1421BEC3
:1028B000ADDDF63C12A492BD475814BD5649A4BEE6
:1028C0008B4F713EE528A03D46B2E7BD45D50FBE12
:1028D000B5C0DEBEF75787BEEECF453D8D7E243EA8
:1028E000C230E03DC7F444BE41442A3D676513BF92
:1028F0005FCF67BE7CEE543E31CFE2BEF6ED343E94
:10290000D97785BD1E4F1B3E9964643C234B66BB43
:1029100052460CBEC3BC87BD44A61C3E3468C83DAD
:102920004B3D8B3D8EE5DDBC7A6EE1BD896242BEDA
:10293000F986E2BD255BFD3D8108113EDD4081BD8C
:10294000083B45BEFDBBDEBD4793933E1C5C4ABEC3
:102950008AE847BE9318A4BD71C7FB3DED0B88BE46
:10296000137F943DAB4108BE97E480BD7EC53ABE5F
:10297000481B47BD0AA2CE3DB6D9483EFB93D8BD01
:10298000624D9DBE6479D7BCEE5D833BD7A205BE88
:1029900074D3663DD55C8EBD7BA401BD65C26FBEA0
:1029A00033523F3E8C4BF53D09C09FBD1F4A34BC9E
:1029B000274F19BD0F0F213D02F5563E22386E3DBF
:1029C000079A4F3C1EA813BDCE8842BEA0354FBE0D
:1029D00040A55ABE00C75EBD6765BB3D2C9D5FBE6E
:1029E0001A1924BEA2B61D3E4D81CC3B4C8899BD20
:1029F00044A3BB3C4B037F3D3FE041BE44A466BDC6
:102A0000CAA521BEECA6643E4F5AD8BD41B6ACBCA7
:102A10008A0358BEA48AC23D938C2CBEE10B133DA1
:102A2000744694BBA299673D2A3BFD3BAF0BBFBCEC
:102A3000323AA03D82E4FD3D6BD4A3BDC74B67BED7
:102A4000EFCB99BD3DD5C1BD8D2AC3BB7BDD223DFA
:102A50006E69353D92929E3CB0C53EBE3D7E3F3E86
:102A6000D0D5D6BCC3491ABDA60DC7BD1213D4BB61
:102A7000DEE3CCBC986D173EFA5E033DC05C0BBC38
:102A80008C6730BE2EC941BE79E8FBBD4ED59DBDD9
:102A90004BAEE2BD9085A83DEA208FBD459B13BE9D
:102AA0004C1C293E727069BB5B28D9BD0DE2433DC9
:102AB000B746C43D1023F4BE38848A3D238768BEE0
:102AC00023F6893E562D69BC3E9729BCECC21FBE39
:102AD000890CABBAE50A6F3CDD25313D020E213C85
:102AE0009AEB743D2B4E353C6A6B54BEC7800C3E4E
:102AF000522CF73D46B3B2BD11903FBE3F1B99BD6E
:102B0000B494ACBD6A1412BBC095ECBBA25FDB3CB5
:102B1000AF5A19BC0FF18FBDC4E8193E02488DBEF3
:102B2000CBBE3BBE38DA31BEF089D5BD0FD69F3D56
:102B30007AA9F83DBB7B003C402FBC3DBDC67EBEA4
:102B4000670ABDBD8B5117BDFBCD44BBC36525BE18
:102B5000F032C33B4CDE803CCD3CB9BBCC7C673E05
:102B60000F0BB5BB2D06EFBD95F25A3D38F68C3DE7
:102B70006FD9D9BE677E053E72DD04BE8BA74E3E7F
:102B8000492E7F3CA180ED399982B5BDE6EBB2BC00
:102B9000B936D43CE739A23CC1A7D93DF8C34F3D73
:102BA000BEA4B1BCD0EE80BEC05F0C3E73F6CE3D7D
:102BB0004777903CEDB736BE87FB18BE41D5E8BDE0
:102BC000FD825D3B7D5EF1BC917D903C20D35ABB84
:102BD0001EA592BC588F2B3E077E84BEF50F52BEB9
:102BE00048174BBEB72A39BE836BEEBB151AC83DDA
:102BF0003F1D8F3C6CE8563E873680BED57ABFBD00
:102C0000037A613CF86B323D593021BEB8CC293D86
:102C1000B7B585BCB6D6173DA1BF803E2BD9913D37
:102C2000E0134BBEDFE2E13C8C6A513DCB80ABBE92
:102C30001C7C513EFF3E93BE5FB5F23D2BA652BCBD
:102C4000D7C2AC3C26FD3D3C76C6B73D8446303C01
:102C500045813E3D2025F63DD636C53D1EA768BDC3
:102C60001AA490BE01C3123ED9CFC23D79CCA0BDFB
:102C7000BAF700BEA54E40BEB43843BE742718BD97
:102C8000CC7B9C3DED80EB3BA75A8B3DDAE6A6BDA5
:102C900066D8183E46095ABE207F91BECCEE09BECA
:102CA000207F29BEAA622ABED670113C3A05793D22
:102CB0002A1ACBBD745C6DBEC79D52BCFAEC803C39
:102CC0001B49023AFA413DBECB68643D8F35233D36
:102CD0003E95133D20B8CA3DC74C32BEDD239B3D17
:102CE000FA28A33C5BD2B13D4C6B133E0D6C35BE54
:102CF00091D482BDF9D6C73D9E0A18BE98A2BCBD2C
:102D000091B586BD7AA9983DC500A1BE3109D73DD0
:102D1000191E5BBEFC389ABCF8A5A6BE3272F63D01
:102D2000EF74E73C58E1D63DD4D7F3BD33E117BE8D
:102D30000D38CBBC6EC3A8BDCF835BBEEC8758BC3F
:102D4000151EB4BDB8B0AEBDDB8691BD6C771F3E1D
:102D500013F1163EF67AF73CD5AE893C7C48D83D57
:102D6000D3F4993D1E8C183E745C8D3C295FD0BC19
:102D70001A4DCEBDB4E5BCBD809A5ABD363E03BEE9
:102D8000346527BD43C8093EFC3624BEFC1C3FBE4B
:102D9000022B173EF433753C376D46BC365A0E3D58
:102DA000B8B0EE3C5DDC863DC8EAB6BDAD4BADBD0E
:102DB0001493B73C1FBE1CBE8AAC353DBCAD04BEEF
:102DC000DA8E293D15C626BE3E7AC33C0BD5EDBD35
:102DD0008196AEBA3049E5BC05866C3E68D0503C61
:102DE000C66DF43D9A266CBD747A0EBE9C163CBB33
:102DF000581DD9BDD9CF82BDB7B8C6BCC100423CB1
:102E00000CAC63BC13B6DFBD82CA083E030B60BDC9
:102E100039D0033DB8746CBE5663893D0FB6D83DBA
:102E2000F3022C3D3FACB73C054D8BBD113591BD38
:102E3000A9C134BDC6FC9C3D09181DBDAA7D2ABE92
:102E4000FFEA313D6D020C3DF41514BEA2B7183EE9
:102E5000CA8C77BD478D49BDF9D8DD3CD5B05F3D03
:102E60008EC8F7BC63F286BCD5AFA4BE5ED5B93DB3
:102E7000750084BD15719A3D0E49ADBDEECE1A3D6B
:102E8000B092AFBDED478A3B2FDBAEBDBE86A03D05
:102E9000958183BC9D2F563EEE06D13D2575E23DC2
:102EA0000D1C503DC04246BE1B7F223C40504EBED2
:102EB0008693B4BDC2A438BDFD2F57BD4E9BF1BD56
:102EC000CD03D8BC1617C73DD13EAEBE1C5C92BE2A
:102ED0001C5E20BE25AFCEBCC7F1E33D321F103DC6
:102EE00004C6FABBC39E263EDD06953D94679EBD93
:102EF000FD881F3D5FB2313DD3128BBD1FF5D7BC9E
:102F0000A4AB743D6494673D8351293E4D82B7BCA8
:102F10005B94593AC0046E3DFFAE0F3DB0CBF0BCA0
:102F2000583B4A3DF62987BE85EEB23DD122DBBC37
:102F30001E347B3DB29D6FBD3480373B6E8AA7BD8A
:102F4000381529BBA83638BDED802B3D240902BDBC
:102F500021E9133E15190D3E5B25083EB405C43D1D
:102F6000FBCE4FBEB8CDD4BD6B9C2DBEBA6B89BD18
:102F70001747E5BCDB8651BD79AFDABD1213B4BD8E
:102F800074D3C63D25EA75BEF7225ABE67EDF6BD7D
:102F900016DF00BE4C1AA33CEB1ED93C3A083A3D62
:102FA000268F473E0C234D3EF56654BBCEFD15BD26
:102FB000C4EA0FBBACFF333DC4B299BC3B36023D03
:102FC0007C2C7D3D5AF1ED3DF4E1593D014F6ABE47
:102FD0005AD5923BDEE7F8BC0B962ABE2F14103E62
:102FE000022A84BECEC5DF3B693BA63BC7625BBD00
:102FF00070615DBC7235323C60915FBD8C2CD93DF7
:10300000DC9BDF3A9AB69F3D3831A4BC6FBA85BDD0
:103010001A6F6B3D4D85D83D38D9A63DA0E17DBEE8
:10302000DAE6463C03099ABE2D3F903DBB63713DF5
:103030007CD5CA3B7383C1BD636188BD9560013E89
:10304000F2B296BE21AF07BE16DEE5BD369525BEAF
:1030500083FB81BD1C06F3BC473C193DA60F1D3DFB
:103060002D978DBB87C0113C87C0113B4DA21EBD63
:10307000E48233BDE17C6A3D6DACC43C8C9EBB3DBB
:10308000E71AA63D693B86BEE09E673C32E884BDF8
:1030900034F279BDFB3E6C3E9ACDE33A207F81BE8F
:1030A0006286463D6D710DBDB059AE3D16A6CFBDD1
:1030B0002C0C91BEC2A19FBE1AFD683DF4A527BE8F
:1030C000F86E933D585898BEC8CF46BDC45DDD3DEF
:1030D000B7EFF13DDC6329BEE06506BD8E3ABABDAF
:1030E00066DC34BECF8230BE9F1F06BEA4E27FBC2A
:1030F000690295BEAA43EE3D0E102C3E1D04DDBDB7
:103100003BAC903D46240A3DBE693ABD800E933DDE
:10311000E5F1443E583CB5BD535ADFBD0FF014BE37
:10312000B16F273DB4C9C13D54A9D93D30629F3824
:10313000280CEA3D5859DB3DDCB71ABED80BA53D3B
:103140001CB7D8BD6133403C8945ECBDC3BCC7BC8E
:103150002235AD3D569C6ABDE9994EBE59BF993A9C
:10316000B07509BEB2F4613D575B713D5C3BB1BDCA
:103170001F4B1FBEA56910BDBEF521BD84F3093EDE
:10318000790522BD82C9AD3D137CD33B8B538D3D68
:103190000CAE19BE6D53FCBD5359F4BD55A171BEA3
:1031A0003BC7A0BD2E54FEBD49BCBCBDA4345BBE14
:1031B000FCAB07BD3485CE3D4CC3F0BCE3A50BBED4
:1031C00070227ABDE6EA47BC130C673C39D0433D18
:1031D000A110813C74F08CBEBA9FD33C7D5B703DE6
:1031E000BB9DFD3D4146E03DDC2F9FBBA1478CBD13
:1031F0002EC9013E7B4D2FBE7AFFFF3DE1EF17BD8B
:103200008B4ED6BDCD23FF3CF436B63C6BD5EE3DA0
:1032100005C3B9BBE317BEBD420547BDFB5CEDBDB1
:10322000B742B83DD7FBED3DCEE205BD92E9B0BD5A
:103230006E6BABBD8E5CB7BC925C0E3E8A3F0A3DA6
:103240002D09203E35243EBE87A7D7BCE6B1E6BD9A
:103250005112B2BDAD1698BD44A872BE40DE8BBD02
:1032600021CA973CDC2E34BEDE9307BE740987BCAE
:103270009A93973D6610FFBD67BACFBEB5FF81BE7A
:103280005798DEBDB22FD93BB668813CC764F13C8C
:103290005B94593AB64B5B3DE813793DB075893D77
:1032A000D80D1B3D24257DBD9CA504BEDC0DA23D93
:1032B000491199BC4A791D3EE5F1B4BCB6A162BD85
:1032C000A3E6ABBBA94C313D4700773D8A58C43CCF
:1032D0003E5C92BD87A3ABBBD2FB46BDC68A5A3DBE
:1032E000823AE53D417F613D944E44BE7498CFBD26
:1032F00074D326BDF4320ABC780C8F3C34852E3E44
:10330000A0FF9EBCFF062DBDA2B562BD4F5D99BD5D
:10331000B3D224BDE7A823BEFA7E8ABDCAC4AD3CA1
:10332000FB0711BEBE8826BEB01D8CBBA29B9D3D77
:10333000AE661DBE3EAFF8BD1D22CEBDBB2905BE8B
:103340009AB2533C43C9E43B5AF1ED3D211FF43B93
:1033500021053F3E98E0D43C622EA93BBABE0F3D0A
:103360003752B6BBDF6B48BDC921C23D97AC8ABBA3
:1033700042B2103E008B3C3DCFC0C8BDFF5BA9BD33
:10338000D7A41BBD6EA5D7BCB152A13D4A5D32BDCD
:103390007E54C33BD9CD0CBD85D257BD2EFEB63D64
:1033A0000EF6A63CE02B4ABE06BEA2BC147ABDBDFA
:1033B000A12CFCBCB9DE963D78EEFD3DDF87033DD8
:1033C000FC6D4F3DBDFD393BACC5C7BD357C8BBCED
:1033D000B70A22BEC7D49D3D6E87E63DD75195BD45
:1033E000193B21BEFBCDC43BFBACF23DB7EDBBBDF1
:1033F0009E0A383C003620BE8D7FDFBD6F4522BE61
:10340000B2F2CBBD76344E3D5305A33DF6790CBDEB
:103410004641F0BA45BA1FBDC9AB733DCF10AE3DB2
:103420006EC4B33DCB9D19BA50A6513DA2D19DBCEF
:103430001478A73C984CD5BD572210BDAAB61BBB2B
:10344000E9450D3E0263FD3CAB5B2DBEF0A22FBCF7
:10345000C7D613BE020D36BDF817A1BD9D132BBEF6
:103460003AE892BCC022973E97C6AFBD4D6511BDEC
:103470002CA000BE0E4DD9BD69FC523E3750003E17
:103480006FD876BEEFE5BEBC56B885BE6FD7ABBD74
:10349000F7B182BC55185BBE1E6F523EDBE0ACBE7E
:1034A000E469993D5472AEBD7EC41F3E8849F8BDA3
:1034B000FD86093E01BDF0BC4303B1BBF565293D66
:1034C00043FE593DDC67153DBD3706BA016E163D1A
:1034D0008333B83D5517B03D3A4090BD535ABFBDF8
:1034E000A531BA3D64573ABEBA81023EB9FD923D5C
:1034F0004A7B53BE6F4AF9BCA395FBBCC217A63DDD
:1035000001BFC6BC7E55EEBDE412C73D1F2FA4BC53
:1035100076A9113D9D6641BD7BA306BE772BCB3CB2
:10352000FC346E3D2829B0BACBD5AF3D103E143BDC
:10353000A67B1D3B2F33EC3C9548623D21AF57BE27
:1035400083DA6FBD4AEF83BE0F9D4EBE14EDAA3DD8
:10355000137E29BDE4BEF53DB878A8BE5706D5BB9D
:10356000D61A0A3D2D60A23D10E917BE0B2513BCEB
:10357000D15D92BD51F6963D9BCA623D59198D3D74
:10358000B8EA5ABE28275ABC431EC1BCF41AFB3DF8
:1035900047CC2C3D713CFFBD80607EBE1DB06B3DB5
:1035A000894160BEA4E0093EEB8B043C895F51BEBB
:1035B0009E7ED0BC19E3833DBBEC973D151D09BD34
:1035C00020EF95BD4358AD3D48C2DEBD9DBA323DAA
:1035D0004702CD3DC6A6153DEC30A63DED48F53C75
:1035E000D6E2133DCD04E33DDDD014BC68EB003ED4
:1035F0002FA699BCD5EA0BBE4D32F2BDB8C9A83C86
:1036000033C51CBE6DE565BD89B5783B508AF63D76
:10361000548E49BC1CEEC3BD70943CBC070901BE6E
:103620009BE35C3C526588BE83A5BABD18B3A5BDBB
:10363000944B233D705C463C395E413D0804DABD45
:10364000EF9298BDC66E1F3C98A7933D9013A63C81
:1036500086FFF4BD1FF7C5BEF67B823D752241BDD6
:1036600079240E3E35D2D2BC76C180BD84B8F2BC7E
:103670004209B33C6459D03D95615CBC84D6E3BD3E
:103680009CA2233D89B227BE55DA223D8A57F93DD7
:10369000C383E6BCEE76BD3C3737A6BC7E5699BCEC
:1036A00007431D3D3F532FBCC139033EDE8F5B3DB9
:1036B000611820BEE998D3BD82C5113E77F4BFBD25
:1036C0001902003C7F6DFD3C72C1B93DBADBB5BD4E
:1036D000C442CDBDF702B33BB96C44BEA6BA00BC30
:1036E000B1A642BE2A91C4BD5F0A8FBC5FB271BB56
:1036F0001B2C5C3D6458C53DCD58B4BC70434C3D5B
:1037000040A3943DB24A69BCA038803B5C72DCBCEB
:10371000F9BF23BE4166E73C86E399BD39D18E3DB2
:103720002DB2BDBD507091BD92088D3A3BFD203D3C
:103730002C0C11BDD0F151BC42EA36BD331A99BDF3
:10374000651A0DBDC45BE73C959BA83DB9E262BB21
:10375000DD42173DED82A1BDFB4002BE6D01A1BD62
:10376000E754B23D321C8F3DFE29B53D2E0439BED3
:10377000AC0275BDCA8B8C3DBF7E08BD82531F3D18
:10378000629E15BDE09CB13DC251B2BDC0956C3B7F
:10379000C2D92DBD9E7A34BED106803DCF6A813C10
:1037A000D7A330BD80D2103D6076AFBD8672623D3A
:1037B000C8790F3EDB52073DE1464ABD2619793DE7
:1037C0000F6312BD5DFA97BC54FC1FBDD7DE673D89
:1037D000C971A73B81EA5F3D3468E8BC64AF973D9F
:1037E0005DA9273D9EB646BD9FCB543B43CBFA3DDA
:1037F000554BDA3D685D233DA27D5CBE3F8E86BDA4
:1038000012C05DBED2A6AABE7061DD3C4030C73D8D
:103810000DE4193E7E379D3D6E35EBBDFBB2743D28
:10382000B32480BE795D6F3E438DE23D59FB6BBE94
:10383000D1AFAD3DADDFCCBE070A2CBEBD518B3D37
:10384000BD6D86BE9C14063E0D35B2BE8CDB883D38
:1038500046D0F0BE0AA22E3EA86E2EBD130CE73D48
:10386000AAB786BD9818CBBC02840FBD14CE2E3DDE
:103870006BF4CA3D1B65FDBB0859963D83DC053DD5
:10388000E318493CAD876FBED1221BBEB26238BC83
:10389000302AB1BEA86DE3BD05A7BE3CC99063BD8B
:1038A00092EB263C8369983C4AD2353D46B11C3D9B
:1038B000C041FB3CE78C08BE0589EDBBE5EE73BD5E
:1038C0006D745EBE32AD0D3D546E223C2A534C3DAC
:1038D00007B25E3DA5DD883DC902A6BC1BD915BE59
:1038E000BA12813DDEE3AC3DA19D13BE0C40233DE9
:1038F0006F8297BE48A78EBD2ECB973DC70D1FBECA
:10390000C9CA6F3D9FE882BE9889A23C08048ABE5E
:10391000245E9E3D978B38BE992E44BD6CB0B0BDE1
:10392000AD85593DDAC69FBCABB2EF3C13F2813D89
:1039300077F3D43C8F8A3F3DDC623E3D0F7C0C3DEB
:103940002A19A0BE272EA7BE5F954B3DCA53BEBE07
:1039500059850D3E282C713B740CC8BD702791BC55
:1039600074995A3DCB67993DABED263D52D2C3BA0F
:10397000111A01BEDE57E53C05176B3D2FF95F3D7F
:10398000A25EB03D48E2253DD49D273D8368AD3C15
:10399000ADA7D63C62BE3C3BA8C8A1BC08AA463D28
:1039A000CBA1453DB916EDBDF29AD73D080234BE14
:1039B000861C9BBD187A443BC5750CBDD8D8A5BCE8
:1039C000ACABA2BD96D01D3DB5C254BEA4A7C83CA9
:1039D00078D28ABE7349D5BD861BB0BDADC0503DFF
:1039E000D3691D3D6A17D33CDFF85ABCC938063D80
:1039F0005ED81A3D08228BBC7EE1153D9A444DBE2F
:103A0000BB48A1BE7504303DD68E82BE6CB49C3DD1
:103A1000FF420FBCCAFC83BDA96A823C4E60BA3C1F
:103A2000999CDA3DA73B0F3DF12EB7BD12BF52BEA8
:103A3000E5EE333D6C96CBBB33A9213D45F6413DC8
:103A400077314D3D309EC13C3FFF7D3DA708D0BD45
:103A5000257417BD97729E3D427A0A3C9946933D64
:103A6000D90844BDB938CA3DA8C415BE992D19BDA1
:103A7000C34403BD9B1D693D1AC1A6BDC1551EBCF3
:103A80002670EBBB22C580BE5B2899BCDEE60DBE6E
:103A90004791B5BC9291333BCDB0D13DC901BB3C00
:103AA0004DBD6E3DF660123DEB00083C3E08813C8A
:103AB000A1F445BD4F06C73CB37CFDBD680516BEED
:103AC000AE661D3C7EC85BBDD97BF13C61A66D3CFA
:103AD000CC9AD83C0B29BF3C98F778BD9F1CE5BD1C
:103AE000302F80BDDE3D60BE3F6F6ABEFF5ADEBD37
:103AF0004548DDBDCD1D3D3D6BB8A83D67F0773D28
:103B000026C45C3DCCEB883C266F50BECD78BBBD57
:103B1000596D9EBDD6A9F23DE290ADBD7078C13C15
:103B20008DB60A3EADA3EABD4433AF3D21024EBD82
:103B3000734B6BBD933996BD25ECDB3DB68351BD10
:103B4000A06B5FBE548E493D4BCD9EBCD1B2AE3D05
:103B5000E03051BA6B7D113AD5CBCF3D471FF33CD6
:103B600044DFDD3CACA98CBDCFF9A93D105BDABDCB
:103B700090C18ABC1C7DCCBC73B9813D6440F63BCE
:103B80003430D23D1B4BB8BD31410DBE340FA0BD0A
:103B9000EA7B3D3E96431B3EA394903C6B6221BE64
:103BA000F88A0EBE3CF9243ECFBFDDBCB6F894BD0A
:103BB000414989BE9E2372BCF71DFBBE718D4F3BF0
:103BC000B9387ABEAF0919BE92AF9CBE93718C3BD7
:103BD000FDF7E0BC6990C23D802818BDA4A6DDBDFC
:103BE0002122B5BCB5FE06BEBA86A1BEA27DAC3A06
:103BF000EC68BCBE73F127BE28F49ABD666A123E1B
:103C0000ECBF1E3E0B42293EFBE789BD62DCCD3D89
:103C1000A62B383EFF420F3EED64D03DC092ABBCB8
:103C2000970107BE5A2FDEBEB81E9DBECF1224BD1F
:103C30005BCE253B1D580E3D35EFB8BD9C3021BDF8
:103C40000611893DD61FC1BD51DB06BDE8DB523EE2
:103C5000A5D95C3E3B1D38BEF81606BE416637BE90
:103C60007BF94D3ECCED5EBDCA155EBDBAD8E4BE53
:103C70009F3DD7BD5890A6BE2463353D033E87BE09
:103C8000A52CA3BE03095ABE6F8405BE2A029C3C24
:103C9000618D033E94A09FBD75029ABC618927BEC9
:103CA00069AB92BB7E53C8BEF78EBABD6B7D71BE49
:103CB0001D1EA2BEC423F1BDC1E1353E52F0243E1B
:103CC0002BFB8E3D363E53BDA99F473E6ADE913E9B
:103CD00028D3383E4930F53D278905BEDA7379BED1
:103CE000CA1BD8BEE71A86BE65AAE03D3C4D36BE6B
:103CF0008BA4BDBDEB74C03DED834CBE06499F3B1C
:103D0000419D72BC26E51EBEA7AF8F3E4ED58D3EAF
:103D1000DA909FBD276CBFBC0872A0BE62BB3B3E61
:103D2000681FCBBDFF3F8EBDC2C3BCBE668231BE25
:103D3000821B89BD819799BCC4B2B9BD5A6546BE84
:103D400026AAB7BCB876A2BCBE88F63D226D533E0B
:103D50009BAA5BBECDAC25BEB746E4BDA3AD0A3D74
:103D6000A69A39BEFA2685BE41659CBD7025CBBE9C
:103D70009A5E12BE9E95B43D99F2013E9B7215BEAD
:103D80008A8E64BC9373223E6682A13EEFE26D3E52
:103D9000AF7C563D452D85BE6CEA7CBE069FC6BEF7
:103DA000048F0FBE06B90B3E47743FBEDAC940BE52
:103DB0005055A13D11392DBECAE133BE492A933D6C
:103DC0002C462DBECE6C973E1E33903E562B23BE06
:103DD000CD9155BDB6A172BEB708AC3DAA0E19BEB5
:103DE000F52BBDBD8D4127BE581D39BEEC30A63C1C
:103DF000227064BD349F333D5644CDBC3F8BA5BA81
:103E0000A2CF873D4F5D493E1C61313E698E4CBE5D
:103E1000D78785BE3EAF28BE7DB34DBC263534BCAA
:103E200083F705BEA60AC6BC4FE805BED28DB03DDD
:103E3000876A0ABE7C9A133EE21FD6BD66BE83BD6A
:103E4000F81BEDBD43732D3E378B673EB2A030BDEE
:103E50007EAB75BE38A0E5BD140760BE8BAAFF3DE2
:103E600072DDD43D70EB9EBEB6BF73BD34F700BEAD
:103E7000094E3DBDF583BABEFDBBBE3C22FD36BD3D
:103E8000807F4A3DFCA79BBD50E03DBEA471283D0C
:103E90000E2D92BE0B42F9BD9B1DE9BD4B227BBA94
:103EA0009BE788BC62BCA6BDC1E01A3D2EAD463D75
:103EB000632BA83D9967253E2BF7023E6286A6BD7F
:103EC000A296663C31411D3E3A233ABE562842BE78
:103ED000954511BEE694A03D84833D3DA85489BB21
:103EE0000090F33DA5A231BD6895393EC6C0BA3CED
:103EF000CFF7533D46B217BEA181D83D3486D9BD18
:103F00004D6A08BEDE1D59BD2043E7BDDACB26BE93
:103F10009DBDD3BD4487A0BDCDE6713E55A482BDF5
:103F2000B05778BEDC4859BDB0925FBE1AC1863D1D
:103F3000D6C501BF03424BBE20D2EFBCD40EDF3D3D
:103F4000F2EABC3D04909A3DF222933D622D7EBE82
:103F5000711FD93DDAAB0FBD4355AC3DB325BBBE98
:103F6000BD5612BED7D9D8BEA73F7B3C0C78F9BD51
:103F7000742582BCAF97A6BE18972ABDCCCF0D3D45
:103F80000EF9673D39EF2FBEE65733BD360562BEE9
:103F900046604CBED6FE7EBE5C8DECBBA5F4B4BEC6
:103FA00029E72BBE59DFC03DAED7B43DCDB0B13D02
:103FB00026A7B63DDEE582BD4C546F3DA390E43D9F
:103FC0009CFDA13D86AAB83D26FB07BECAE2BEBD48
:103FD000BADC90BE16F8AABDDD99093D577AEDBD51
:103FE0007250C2BB1BB92E3DB66716BC3925C03D09
:103FF00023A3E3BD2651AF3C51A01F3EA697B83D79
:1040000004CAE63D8D24013D16A396BEBC92E43D54
:104010000B2814BD0F2BBC3D4A07F3BE28F149BE47
:1040200077BDB4BCA6B82ABDDA02C2BD42E840BE24
:1040300029B2D6BD55D957BE09336D3D7AE2D93D77
:10404000F702A3BE5298F73A4ED181BE524446BE03
:10405000984E0BBEEA7731BEF79098BE390AB8BECB
:104060004EB3403DD9CEF73D8274913D7B698A3C89
:104070005298F7BD2FC3DF3D1C45163EDF33B23DDE
:10408000C7A0533EA1BFB8BECA88ABBDD506D7BE38
:1040900035B3D6BD9EEEFC3D478E84BE5B41B3BDBD
:1040A0004C37E93D7B4DAFBD58FEFC3C77A0CEBC04
:1040B000F59DDFBCE17A543EC7471B3E71FF11BC42
:1040C00068E6093D73814BBEB4E5BC3DB98B70BE5B
:1040D0003048DA3DFA0E8EBE22FD56BE2C7EF33DF0
:1040E0007DEC6EBD4D81CCBD4F232DBE72E0D53B26
:1040F000E65CCABD693B663DB552083E906B8BBE1F
:10410000E6B166BD94891BBDA246213E800C9DBCD4
:104110001EC69CBE4226B9BD1BBBACBEBDC884BC7E
:1041200030F1A73D817CC93D10CF52BD77646C3D15
:10413000E333193DF38F4E3EB5E0153EB30C013E1F
:10414000A800E0BEB13480BEC1703EBEC076D0BD16
:10415000CD5B253E6ADEA9BE0515F5BD7B82043E1A
:104160004A2752BDB48E0ABE0E4F2F3C0DE2A3BDAE
:104170007C0A403E6B9CAD3D6ADA05BDE886263B75
:10418000145F6DBC516683BB1FF652BE5B5DCE3CB7
:104190004F3E9DBD07D225BEDC7F843D390B9BBDC4
:1041A0006364493CC66D943DA834623D8D7A08BD78
:1041B000C6A3D43DFB07F13DCEC3E9BD00E2A6BED8
:1041C0002D7811BD5298973D5E64A23D5F9A72BEF4
:1041D00031CF4ABD931874BEFB1F803D8A00A7BC37
:1041E0001EDC2D3E9127493DD238D4BC9E7B0FBEAC
:1041F000419C673E0AD7A33DE371D1BC2F697CBEC9
:104200000B2884BEB5154BBE6440763DDEE8033E08
:104210003D7E3FBE3ACBCCBD0517EBBD65FB003EF6
:104220009B044FBE611A863C06D887BD0CB17ABD8F
:1042300086E369BEAE1141BE8A20CE3C14EDAABC15
:10424000912A8ABEEE5C08BE23DDCF3CDEAC71BE97
:10425000CE1688BE8E3D0B3E1840F83A24D5F73D69
:1042600013D3353EEA7A223E4966753C06F357BDC4
:1042700040A58A3DDF1B433DA033A9BEFB9679BD17
:10428000C2F9643E7808C33D7F1756BEB9162DBDEE
:1042900008CABDBEE1CE253E0EF83C3D93710C3BF5
:1042A0006539893D7920923E058CEEBD40BDB9BD92
:1042B000A130B8BE35EBECBDCEE00FBE060DFDBDA6
:1042C000884CA1BE69E3283EBA30923DE5F184BE38
:1042D000348077BDBB095EBEC311543E3ACE2DBDBE
:1042E000D07B23BE506FC63CB4942C3E12C1D83D47
:1042F0004D810C3EC652C43D144277BE40A1FE3DE6
:10430000F1121C3C6E16AF3D0403B0BE124A7FBED4
:10431000069CA5BD155369BCCF85B1BD8F360EBBBC
:10432000DFC583BE35434ABE15AB063D8A04133D47
:1043300049D78CBE9C5349B8BC4039BEF9BE88BE33
:10434000BDC6EEBDF9119FBD589151BC92588ABEB1
:104350004CA4F43DECA49E3DD4B9223C60AF303C6B
:10436000E8A4773DBAF8DB3CC9010B3E93E1983DE8
:1043700059F8FA3C640309BE6FF29BBE80BBECBDEA
:1043800050C6783ABF7F933DE274D2BD7E9025BD82
:104390005FD16D3D280CAABD6726983D316019BEDE
:1043A00035CF113D7EE2103E3A41DB3DB518FC3D74
:1043B000A660ED3DCFDC63BECC97973D401321BD99
:1043C0003C14C53DEB6EB6BE8EE753BEF0690E3EA3
:1043D000852423BED72F98BD67F24DBC9B59ABBD3A
:1043E000807EA7BE81962E3D774DC83D9225A3BE07
:1043F0004914DA3CC24B903D914798BEEDD6D2BDF0
:10440000B873A1BD66144B3C774CBDBE2DCCA23D0C
:104410007A720D3DC1521DBDBEA4B1BC70B122BDAA
:10442000104155BCDA38E23D2DCC123ED89D2EBD50
:104430002F5195BE8D9954BE8658FDBD3DB53ABDF0
:10444000069EDB3D86C964BE020EC1BD4303013E2C
:104450007EE08ABD446EA63D621319BC6F63333C97
:104460001AA6463ED4B8273EBE6AC53DA3E6AB3C7D
:104470000517D3BEB8EABA3DD02918BE8B6D123EDF
:1044800067B4A5BEF4164FBD8E3F213EEBE12BBEB7
:1044900014CC28BED76D00BEC3A0EC3DAF9821BEA2
:1044A0004BCADDBC25EB30BDCFF80EBEDD3F16BDDF
:1044B000AE80523E7FF9243D50C8AEBDB875B7BD41
:1044C000B0A903BEBA135CBE8272DBBC4D6AE8BD04
:1044D0005AD813BDE31C953DD4B9223DD2ABE1BD02
:1044E000A967013E24D4CC3D40327DBED19312BE9B
:1044F0003CFA0FBE6F675FBE8D5DC2BD87C2173EBF
:1045000044186FBE629E953B09FD1C3E5FCF17BDF0
:10451000E92C333BE56121BD164ED2BBE0F6043DEC
:10452000E067DC3D6407B5BDBAD834BCD1AF5DBE31
:10453000B2F637BEEA202FBE1A5245BD375030BE04
:10454000BB25993DE28F323E8E1E3FBD67D351BDE4
:10455000815C123EE90D073EFA2B24BD25E7C43BE2
:1045600023C0693CCEFA94BD150364BECAE1633E24
:104570007D92BB3CAC3C81BC761728BE4CC79CBD31
:1045800054A8BEBEA14B783D745C0DBD588D853DD1
:10459000EB52A3BDC8B5813D274E6EBDE603123E6A
:1045A000F3054DBE3DEEFBBD76538ABD23831CBD96
:1045B000327381BEA9A5293EA88D0A3EC09411BEC2
:1045C000DB4FC63BF9D637BE4F90383ED4B74CBD13
:1045D000F0A22F3BF931E63B9065A1BE705C46BD71
:1045E0000150C5BD62F3F1BC6DC89FBD82E2EFBE54
:1045F0007B2E73BE1A89B0BDCD0473BE73BC02BEE0
:10460000CE8B833EA5BC16BD6153473E45666E3ECC
:104610001348693E0E160E3D224F92BD020F8CBC10
:10462000FCA886BC2E1AB2BEFBCC993ECD78DB3DF1
:10463000F2B5E7BCDE048FBE44A69CBD309E09BF28
:1046400048DE813EF702B33C7504F0BCA8572ABE91
:104650005950283EB7084C3D3C4E91BE6C06A0BE5A
:104660006B4A22BE35ED42BEE0A1E8BD83F888BEAC
:104670004A974E3E4C8B7A3C7FC16EBE7808E33C35
:10468000BC4029BED5B2653E946A1F3DFCC5ECBC5A
:10469000A1F786BDF1F5353DB130443D38D8DB3D5D
:1046A000D2DF8B3DAB3FC2BCA6819F3DDF8959BDA8
:1046B000BFF04A3DE7AAF9BD69C682BDBBEEAD3B7E
:1046C0002C9E7ABDC74680BD717154BD6BF129BD6A
:1046D000232CEABD815C22BD1D71483C857C90BDC8
:1046E00002814EBD74B76BBCC03CC4BD3868AF3CE2
:1046F00021201FBE6B0DA53CD2C2A5BD3B1AA73D14
:1047000000C71EBC99F5E23C2733DE3C9A27173DD3
:104710006347A3BD23A16D3D103D893DBEF6CC3C52
:104720000AF895BDB83BEB3C7AAB6EBD7EABF5BCF1
:1047300071AD363D4F3E3DBD360106BC7633633D1F
:10474000B2D991BC49F7333DA64713BD7BFAA8BD4A
:10475000B420943C847FD13D0EDC813DC024B53D26
:1047600015E512BD6669A73DA5D8D1BB083B853DBF
:10477000028023BEFB93F8BDC5A9163D01F9F2BD29
:10478000EF9082BD6A3439BBB4AED13BD47CF5BD69
:10479000D906EEBB59311CBD117389BD8B8CAEBDE2
:1047A000B2105D3D5793273C3FC8B23C1C41EABD67
:1047B000F10D453D422704BDE772033DE77283BC1E
:1047C0003F5806BDDDB504BB9528FB3C2A90D9BDFA
:1047D0008996BC3CB763EA3B07ED153DBABCB9BD51
:1047E0006BBB893CD0F111BDE7E35ABC643E803D10
:1047F000D108B6BCF0C4AC3CFC1BB43D60924ABCD2
:104800002E56543AA2B7D8BD68CA0EBD959B38BE85
:104810002028073EF8E28B3B3DEE1B3D575C6CBE0B
:10482000B08D18BECAE048BE86AA983D368FC339FF
:104830002CD806BD16F6843E6B994CBD37A948BEF0
:104840009A95ADBDD1CC933CA0C63D3CEB74203DC8
:10485000399938BDA2B5A2BC7AC6BEBC1268203E4A
:10486000B69DD63D6F81843C7AC5B3BD2CD6703DD4
:104870000CCB1F3CC0E8B2BDFB7527BDF73E153D14
:10488000B519273CED2B2F3E90DB2FBDA9173CBD62
:10489000645BA6BDC79B7C3C25CB09BED31441BD40
:1048A0006DE4DABD1C7E77BD3A048E3C5298773CAD
:1048B00006A19C3D8A02BD3DEB70343D4B7797BD10
:1048C000A0FF1EBEDEAF02BDC0AE16BE13471E3D2A
:1048D0004BCB58BE553220BE58FECCBE784776BE74
:1048E00019AFD9BD4C5384BD683DDC3DCC98A23D89
:1048F0001440993E63F12BBE88F10ABE7E3B89BB12
:104900005C02D03D18CC2F3E0B4625BD30D7A2BC53
:10491000C233813D7D5D06BEA54C5A3E6DFF0A3D0A
:104920001AA345BE8AC9BBBD689684BD952790BCB5
:10493000F31F92BDDC9C0ABDB8E60E3E0FD2F3BD5C
:10494000304CC63D0F430B3E8EE703BED8B648BE83
:10495000BC23A33DC3496ABEB5C31F3D4110E0BDA2
:104960003ECAA83D37188ABD2849973D573EAB3D02
:104970005DC116BEA12D273E1D911FBEC16F83BE16
:10498000423E883DF5100DBCAD6BB4BD8E3A0ABEFB
:10499000F86B42BE1C401FBE78F186BE93578FBE97
:1049A00055DBADBD2FC2043EDD27E7BDA227A53EE6
:1049B0004DA23EBE8BFB8F3CB285603D3257463DDB
:1049C000ADA7363E4B3D7BBEED478ABA4F58823D80
:1049D000CEDFE4BDD465913E10CEA7BC018780BE7A
:1049E00093E213BE933906BE05C0F8BCA2B281BDE6
:1049F00052D419BC8411DB3D5F4398BE44FCC33BD9
:104A000064022E3E90A474BE33C2DBBDA2CF373EFB
:104A10000B2A1ABE83142CBEF7E51CBE19C64D3EE8
:104A200088B904BEED0E093E0327DB3DAFB391BE4E
:104A300049D74C3EF7CC02BE6939D03C75C8CD3B56
:104A40001F13A93C554CA53C6F63333D0933EDBCA6
:104A50000B9C2CBD8FDEB0BDD178A2BCAB26083C30
:104A60003830B9BC5CC60DBD40A4DF3BEA08E03C71
:104A70006E16AFBC4AD18ABDFAD306BDEB3AD4BCA0
:104A80003E42CD3C6630463DE0BDA3BCBDC62E3D9A
:104A900022FD763C2C2937BD3E7AC33CFED2E2BDD6
:104AA0001041553B7EFCA5BCA5306FBC077B53BDB8
:104AB000F1BA3E3DB3614D3D4F59CD3C4D32F2BC54
:104AC000240F44BD0951BE3C8BA9F43C6F498E3C78
:104AD00008C8173B3DB8BB3C3DD34BBD5F27753C79
:104AE000CEC7B53C62670A3D75CCF9BC2DB047BC5A
:104AF000CE1C923C8BE16AB85C5576BC64CA87399F
:104B00001827BEBB76383A3C452CE2BC0E828E3B61
:104B1000DC4AAFBDE1B6B63BA81B28BD9EB345BD80
:104B20007044D7BD62A1163DE355563C54FF60BDAD
:104B3000BA8659BDB49000BC999E30BB624B8F3C85
:104B400004E4CB3C158EA0BC3A5A553C9BE4073D8F
:104B5000554FE63CC154B33CD1E939BE679DF13CA9
:104B6000AB75E2BCE40F86BC98DF29BD1991283DE6
:104B7000BB7FAC3CB553333D5A9BC6BCEC4DACBD82
:104B8000B308C53B3E21BB3CAED94ABC79931F3D1F
:104B90002848EC3C463F5ABDFB5A97BB4DBA2D3DC9
:104BA000857B253D0938043CD386433C8B1ACC3C9D
:104BB000D87F1DBD1E1800BD83F92BBD1E70DDBD45
:104BC000B2F3B6BC7C9DF4BDA2EEA33DE580DDBD95
:104BD000C780ECBC82E2A7BDDCF1C63D3430F2BD3B
:104BE0009BFF173D9CDB44BDBE2F2EBD93382BBDD4
:104BF000BCAEDF3C2600BF3D3F1D0F3C469797BD36
:104C00003CBFA83C1422E0BBE526EA3D76AABC3DA9
:104C10001FDB32BD4391EEBDBCB120BA78B89D3CDC
:104C2000C74CE2BD107A36BD9B58603D37333A3DE4
:104C300047E4DB3DCC962CBCE833E0BD596E89BD22
:104C40008141B23D40DDC0BCC5AB2C3CE700413CDE
:104C5000ADF630BDAD6D8ABD9351C53D06F2AC3D9C
:104C60006002B7BC78D38D3D38DB1CBD06D8AFBE23
:104C7000DA20933CFD4D683D34648CBE6490BBBB30
:104C8000410B99BEA4AA09BEEF2096BD117153BE77
:104C9000D0D09FBD6536C83D699062BEFB21963D70
:104CA000223377BED2FFB2BDD0259CBD6A16283D07
:104CB0004547D23D98C2033D58C741BE791FE73DE5
:104CC0001D02C7BCF819173EE57BC63DB09184BEF6
:104CD0008C69C6BDFA7FD53DE069D23DD3155CBE77
:104CE000E29178BD7CF1A53D3EB2793D54ADE53D04
:104CF000B2D5853D7826D4BD863D6DBC33DDEB3D18
:104D0000938E82BE82A87B38BA8358BD14B108BC8A
:104D10005857C5BD2D09003E21AFA73D2E1E1EBD13
:104D200068CB993D81D1E5BC2926F7BE8CD71C3EC6
:104D3000E8310A3E48FDA5BE5AF3633CAB97A7BED7
:104D400065A8AABE1EA8F3BDB83EE4BEAFEA6CBD1E
:104D50004E411E3ED864D5BEF207E33D9BABC6BEB6
:104D6000BB6206BE0F9D9EBD5B79493CF1F6003EDD
:104D70002EE326BC8FDE80BE1327673E6AC2163E36
:104D8000F2966B3EC6C1253DA22709BFD00D7DBE60
:104D9000598AA43D5E685E3EE4F7B6BEB29E9ABDF7
:104DA000C45C123EFBB1C9BDED45343D200B113E44
:104DB0000DC638BE7AA7E23DAF7D113EFF1FCFBEC4
:104DC000512E8D3C96AF0BBD5CE509BDF62490BD20
:104DD000A8712F3EBF2CED3DA2ED18BD2A8B82BDE0
:104DE0000DFC08BE5986B8BC6ADAA5BD6B0DA53BA3
:104DF0009BE39CBD6CB49C3C36CBA5BDA29CE83D1E
:104E000001A7373DDA3A383D2B68BA3D79E53ABD1E
:104E10000F095FBD15C56BBD316039BE9755D8BD53
:104E20006E16AFBCF303273EFFCB95BD375321BEB3
:104E30009D103ABEBF80DE3C6AF7ABBA68CC24BD99
:104E4000BFEEB4BD4A40ECBDB455C93C761C2F3E04
:104E5000EC4BB6BC923D42BE780E25BDF168033ED8
:104E60006CB070BDF27D813E392B02BE9468C93DA5
:104E70006F9EEABD67B5A0BD668477BD06B91BBE4F
:104E800074B6A0BD4208C8BCDF53993D185F343CDE
:104E9000E19815BE55A28C3D5C9283BDF73C3FBEA8
:104EA000D3F5E4BD91D6183D9BE708BD87333FBCE1
:104EB00098A4223E6FBAC5BD64216A3E0B43A43D4F
:104EC000B75F0EBE9D642B3C984C95BD2CEF8ABD00
:104ED0003FE257BDF9841CBEDAFE25BE81CEC4BDBB
:104EE000CF81E53DAF09C93D2522ACBE2711A1BD4B
:104EF000AFEE483E9A26CC3D4C361EBE12304ABE1E
:104F000091B72CBE211D9EBC537B913D0FD61FBE79
:104F1000068165BE3E5E78BE82C4763E0AD82E3ECD
:104F20003203253E67D4DCBD3481423EA0FC3DBE49
:104F300095466CBE9F1D703D8D616EBEDB8681BE49
:104F4000E42EA2BDC1E185BD37C1F73D909E32BEC2
:104F5000AB798EBB9868D0BD20450DBEA4C16DBD98
:104F60008D7B333EB378B1BB61C1FD3B8FFF323ED9
:104F70008BFF3BBE2234723E338CDBBD3C33A1BD84
:104F8000BF9C19BEE59B7DBE2BA17BBD50E2B3BD8E
:104F9000B5FF81BEB74313BEA9F7D4BD8D0B873DC6
:104FA0004242043E36C90FBB3354453D677B143E35
:104FB000711F293E724F07BE789A4CBD65AA70BE1C
:104FC000CC5FC1BD2AC8AFBDEAAF27BEF5BA45BEAA
:104FD000E6CB8B3CEF8C663E7442183E6615163E5F
:104FE000F5F3063ECDAE0B3E42761E3E464411BE64
:104FF000D5779E3DAE82D8BDEDD682BE01A1F5BB70
:105000007DE862BE6404F43DD9CCE1BDBFBA1ABEEE
:10501000BEA5BCBD4E7E3B3E1EC539BEBB5F153E28
:10502000D2C47BBD92AE693EF548033EF051FFBC51
:10503000BB25B93D41B7F73D376F9CBB6BB9D3BDBD
:10504000CFBCC4BE8F5334BD2B6AD0BD84D6B3BE93
:105050008B4F01BD29B4ECBD1EE1B43AE948CE3D09
:10506000DCD9D73D18B5BB3D8752BB3DAABAA73D99
:10507000942E2DBED6E293BDB64C9EBE3882B4BDF2
:1050800087A426BE3179C3BDBAF946BD395F2CBEAF
:105090002B4B743E2994053EDDB283BDF5BE413EE7
:1050A000FCDF213EB936343EF64186BEE141333D58
:1050B000A1DA603B520EE6BDBB6206BD5CCC0FBE02
:1050C000166D4E3D64E69ABEE7C8CA3C8CD887BED2
:1050D0002E1B5D3DFB0583BE8733BF3DDDB544BD63
:1050E0003029863E97FEA53D920637BC9982D53D74
:1050F00056F2513EBFB8D43CF25FA0BC0000A8BE3F
:10510000BE4B29BCE10C9EBDAD1519BFF67E233CFC
:105110008E5C97BD41F464BDC9E3E93CCA32443CAE
:1051200043C78EBD666AD23DC3D4163DCBDB91BE6C
:10513000CBF2753D7287B5BEFD885FBD74D2A3BE4C
:10514000A3E5A0BD130C67BC187919BE2C11C83D8E
:10515000959B483EAA652B3D10E7E13D1FF71D3E9C
:10516000A8FC2B3EFDDC88BE43E1333DFF07B83D84
:1051700041472B3CB14D6ABD16DEE5BCAD307D3DEF
:1051800059DF90BECE8ED43CCD205EBEB7990A3D8D
:1051900029B1EB3C8BAABFBDADF7FBBD548D3EBE24
:1051A0000E69043EBA6888BD240D5E3ECEE3D03D54
:1051B0003A08DABD63B78F3D136098BD7CD19E3D40
:1051C00050C88E3D725353BE293EDEBD920306BECB
:1051D00013444D3E4F3B7CBD8CF668BE3CA498BE4C
:1051E000EBA8CABDC4B033BE904C473D6FF27BBE46
:1051F00096AF4BBA10AF8BBDA514743E789C62BDC0
:105200002B6EDCBD86E329BEE0D97E3E187CFA3DDC
:10521000A92FAB3EE3C48FBE768A553DFE4776BECE
:1052200013D4703DE38C21BEE8F49CBDBEDC17BEF8
:10523000B22F99BD2A029C3C24F112BE4F06A7BD95
:1052400032E5833DE736613C86C613BEF2E931BCE8
:10525000DB16253D7E1E633DA470BD3C0D17D93D78
:10526000AF2223BDD811E73D2C9E5A3E78975BBEF6
:1052700017D6ADBDF817C1BDF7CC523DC992793DE7
:10528000D7DE87BDD1AD57BE8BC0B8BD91EE273DEF
:105290008E3E66BCA91506BEE29085BE71E617BDBE
:1052A0003ECEB43C6210D8BC427709BEBEF6CC3CC0
:1052B000F1A019BEA8C5203D2FF8F4BD02A05ABE2A
:1052C000C6FA06BD07CF543EDAE10F3EED652B3E30
:1052D0006B2825BE371A003E7FA2B2BCCAA95D3D2D
:1052E0002713B7BD50FB8DBED45F6FBD6495D2BD93
:1052F00054FFA03C956332BB4295DA3D800D88BBDC
:10530000FD84933D99B7AABDC425873D2C67EF3D29
:1053100005A73E3D581F8F3C8EAFBD3C153819BECA
:10532000E6227E3D990FE83D65171CBECF81C5BDC5
:1053300071E712BEC6A7003D0BEE473DDBFC3F3CCC
:10534000D49830BE639CDFBD6C930A3D23A0423CE1
:1053500096430B3D4A7F6FBDCDACA53B8EB1933CD0
:10536000EEE92ABD56BABB3B8334E3BC5DC3ECBD5A
:10537000657014BBAA628ABD5A7FEBBDCAFC233D8F
:105380006893C33DED9BFB3D11C68F3D62F9D33D54
:10539000639AA93DFF05223E5F99B7BB50ABA8BDFC
:1053A0005662E6BE06BE223D9087DEBD0647E9BDD9
:1053B00018B3A53CC214853D228BD4BD014D043DDC
:1053C00013809F3DC2DC6EBDAA466F3D8812AD3C86
:1053D000CA87C03D7636243D143F26BE4DBE993D5A
:1053E000DD5CDC3D6F9E6ABCE694803CE4DA88BEFE
:1053F000AF0969BD0D1D3BBDAE9AE73A938B11BE57
:10540000E9EE1ABE26C3F1BCC2C334BC486CB73D3A
:1054100029ED4DBD4D4B2C3D3F90BC3C2BC2EDBD0D
:10542000F5BBB03D29E73BBE460B50BCBE87ABBDCC
:105430006E88313D9739BDBD202837BCA320F83D8B
:10544000B402C33DE1602F3D95B5AD3DB9E2E23D0B
:105450002382D13D01F6D1BC44A591BCDE0003BE40
:10546000CE6F583D0A4DB2BDC58DFBBD1A33493DC7
:10547000F6D3FFBCA471283D4D0FCABDF701C8BCCF
:1054800087A8C2BDF739BE3D7D96673D1B46113EDC
:105490006E8786BCBDA722BECA6C903CFAB8D63DCA
:1054A0009A2496BBAF0793BC2BFC29BEFE6577BC44
:1054B0000038763CB41F19BE0A6737BEB24813BE27
:1054C000FF0582BDCD7259BCE5B5523DDA00ECBC9A
:1054D000EE21813D8AB0613DC87A2ABE361DA13DCC
:1054E000E8302FBEB98A053DF7220ABEE3352F3CCE
:1054F0002E0499BD59FC26BD4D0FAA3D8849983D03
:1055000093E1983DD63A713D8542C43D7FF9C43D53
:1055100032746CBDF8C5A53C68B3EA3C575C5C3D91
:10552000088FD6BD3F549ABCC0B07C3D3C678BBC55
:10553000B2493E3DFE46FBBD8CB92BBDA60DA73D35
:105540005070D1BDC24F6CBED045ABBE4626E0BC4C
:10555000E06817BEFB04203E429635BE3D9D9BBED3
:105560007C45D7BD51D930BCCFBEF23916FAC03D0B
:10557000F96A37BE0B9810BE7D1F1EBE21E43C3E6B
:1055800053AF5BBD302D5ABE6F2AB2BEAB9248BC42
:105590002B2FD9BDF6B2B53E779FE33D57ECAF3D1B
:1055A000FC8D96BDDBFC7F3E970252BD7E527DBED8
:1055B000EF3875BE7E1C5D3E0341103E9FABA53E9D
:1055C000C0220FBE81B45FBEBE84AABEB493413D6B
:1055D00044C12CBE5A0F1F3D7A5682BE37332ABEB5
:1055E000E8BCC6BC3EE934BE32E62E3D7ADE8DBC58
:1055F000172829BD33A7CBBD49F6083DC749613DF2
:105600001F480EBE63D3EABDD350233C5A1135BEAA
:10561000CE18663B3BE5113D3C15D8BE205DECBC89
:10562000A3071EBE91F213BD4D0F0A3DA1BB643D01
:1056300050E263BEE258D7BD677CDF3C922232BDA8
:10564000492A33BEB1E1C9BD4853FDBD6399FE3C53
:105650009F3D973D85EF7DBCCBD50F3D4AED45BDC8
:10566000880F6C3CF22855BD5A1270BE0E828E3DDA
:105670006361C83D7DCB5C3DA779473C9C1822BE49
:1056800047B0D13D0A9F2D3C4EEF623C545217BEAD
:10569000A81EE9BD58E221BE3FC8323C7FDA683D12
:1056A000B537383D8A753A3EC287923D8ACB013E76
:1056B000D9D00D3E2CB7B4BBDC62BE3D8DEDB5BA82
:1056C00037C7B9BD2DEB7E3DE6EA07BE7B88463D78
:1056D0006343B73D0CE66FBE7B88A63D3AAD2BBE5B
:1056E000D06053BDC7DADF3C7AA9583DD9EE0EBE73
:1056F0004BE8AEBD46270B3DBA82EDBC8995513DC6
:1057000010760A3C89788BBD1F4D753D7CB5233BD7
:10571000CDCCCCBB555011BD9A7992BD520F51BC26
:105720005D510ABD61A66DBE01FABD3DFA7B893DA2
:10573000C078863D55C0BD3D957FCDBD0437123D37
:10574000B47144BC2673ACBC9083B2BD24976FBEC9
:1057500022DE9A3D999AA4BD2ECA8CBDD177373CE2
:10576000D23A0A3E62F9F33C478E743D9C310C3DBF
:105770001B0D60BD76344E3D643DB53C348463BD45
:10578000AA2D353D5AD7E8BD92B3303D9A25413D0B
:10579000D76A4FBD28B5173D09FB56BE098C05BE1B
:1057A0003755F7BAF90FE93CB284D5BD49680BBE4D
:1057B000439003BDB1FDE43C32E7593D23F51E3C67
:1057C0001D015C3B77137C3D5DC38CBC05F9B93D85
:1057D000618987BD357C4BBD3A074FBDA52F043B82
:1057E0008A8FEFBD2EAD06BB5E0F263D6ABF953D8D
:1057F00066F5AE3D9296CABCB742583DD3DC8A3CB2
:1058000070B58EBDC0770BBE5E1011BC340EB53DB9
:105810002175BBBD5D1A3FBBE3C36CBC4CE3173DB8
:10582000DFA4293D05DC73BC12F7D8BC0AD7233BA3
:10583000C9E3693DECA5A93CF085493BC5C6BC3B25
:1058400077D749BEF3CBE0BD53EA923C9DF5A9BDA5
:10585000B933133D581DD9BDA6604DBDE562AC3DC1
:10586000399762BC8F549FBDA1BF10BE797463BDD0
:10587000D2E20C3D48179B3C9D1185BDAED4B33997
:10588000B7D28B3DAE67A8BD3464BC3DF8FBC5BB49
:10589000514FBF3DA664793D3AAE063D2497DFBD2A
:1058A000B649E5BD22C4153D30A1823D95289B3DFA
:1058B000E814E4BC30BC123D503A11BCEB8FB0BCD4
:1058C000003981BDEEEE813DCE6DA23D219106BE37
:1058D00046093ABDE3FD78BDC4060B3D5A9B46BC64
:1058E0005F0DB0BD14EBB4BDE42E423B2F8973BDF8
:1058F00009DFABBEDCF64DBEADFCAABE46608CBE79
:1059000019A9773C50E3BEBE89D444BEF4F9B8BEB1
:1059100006132F3E274EAE3DB37EB3BC9F1FC6BCC1
:10592000938E12BE72DD94BD6B80B23D083D4B3E3E
:10593000C00975BE24433EBE1711A53DA56865BCD0
:10594000DA399D3E36941A3ECF143A3D38878BBDE6
:10595000B6811B3EC7D8893D9B705FBE11FFF0BD6D
:10596000BFD7203E62F9F33DFB3A103EBBF0433D0A
:10597000350833BE7F8998BE37C2223D4C1762BDC1
:1059800017463ABD8CD7BCBE1C0633BE045478BE45
:1059900038BD0BBCD386533E98C02DBE0B0CB93D11
:1059A000E5EE13BE2C80293D4D68B23DD6535BBE5B
:1059B000AD4B2DBEF2429ABD0F0CA0BC68CDAF3DE1
:1059C000AF053DBC827015BE30633ABEC634533C51
:1059D0009B3A8FBD5B23023C2E8EEA3D41444ABE7A
:1059E000EF8CB63BC025C03D7DCC873C1EFA6E3D9A
:1059F000C8B1953DC557BBBDD46185BC042119BD57
:105A00005839343C992A18BD2F6F8E3CC6FBB13DE6
:105A100082380FBD785F05BE1B9E9E3DC1A7993D94
:105A2000B7CFCA3DB6BF933D9C1591BDD9CE773C4B
:105A3000809DDBBD7444BEBCFE9D6DBC174705BE9A
:105A4000F65D61BEB98AC5BC738527BE666B7D3DB8
:105A5000CA18DF3D0B7ACFBD357C0B3E1134263D95
:105A60007270693C035BC53D3EEA6FBDC9E54FBE40
:105A70009B3C653D5B0B33BBEA94A73DBFD2793BB2
:105A80003FE683BD0A2FA13DFC5154BD242AB4BD7D
:105A90009DB81CBD4CE1013DEFAEF3BD8B54D8BDAC
:105AA0002844E03DEB3BBF3A20B2C83DFB76923D37
:105AB0000A841DBEFC566B3D130A91BD9E41833D79
:105AC0000DA70CBDFA7EEABCDE740B3D4965AABD8C
:105AD000F8182C3CF2EF933D80B7C0BC3AAFD13DF3
:105AE000FE0FB03CD4482BBE8237A43C3140A2BD4F
:105AF000B2F401BE834C92BDACA9CCBD56D3753C6B
:105B000021AFA7BDF0A5703AC66C093EC6E1AC3D19
:105B1000C24C1BBDF88D6F3DFF3C4D3D8750A53CF1
:105B2000A5D8913DE59A82BC185A1DBB96438B3C83
:105B30002635B43C71007D3C6BF33F3D0307B4BD9B
:105B4000C7689D3C39EFFFBC336B89BDD74B13BD94
:105B5000D90583BC0E2C47BD4390E3BDE50A6F3DDC
:105B600052B6083D75AD9D3D3CF9F43A342EBCBDAE
:105B700066325C3DA8C475BD9AEF803DAE0E00BC98
:105B800006A17CBDC0E9DDBCAC00DFBC7922883C4D
:105B900023BF3E3D200D273BB0568D3DC15348BC31
:105BA000D95DE0BD1747253DFA415DBDCC7986BD85
:105BB000F294D5BB0AF409BBCDE41B3CFFCA4ABD35
:105BC000444C893B16A2433D87C2673D2F85073D64
:105BD0004F90D83C616FA2BD8B8DF93C0EF3E53C34
:105BE000BB2539BD4661173DB81D1A3D40FA26BD9B
:105BF0005474843DE3C2813DD6FEAEBDC05DF63C2B
:105C00006C09793CB2670FBD57E803BCA5F4CC3CE6
:105C1000C72FDCBD569D25BEA81ABDBC20D22F3D86
:105C20009AB4293DB1A206BD33522FBD87FD1EBCDB
:105C3000EDD371BD4AB4843DDE00333D539360BC67
:105C40002C448739E1615ABD9032E23BD42BE5BC4C
:105C500074232C3DB724C73D0491453D73F5C3BD66
:105C600024F0073CA79502BE3ACF98BD41D7BEBAF3
:105C700047E952BC177FDBBC2C0F02BE40DA7FBB6A
:105C8000E928473D7E38483DC03DCFBC26AA77BDB8
:105C9000792002BEDDB439BE6536483B3466F2BDBC
:105CA000A320F8BDCBBBDABECDAF06BE3CFA9FBE8B
:105CB000C9E309BEEDD828BE68EAF5BDDE02493E5B
:105CC000AF0BBFBC185A6DBEDE57E5BD249AB8BEF7
:105CD000132C1E3E33C283BE728A3E3E4B1EAFBDA6
:105CE000944D09BE3C4D863DD3A153BD2F8B493EFB
:105CF0005E69293EA35753BEBCEB1C3E836D64BE58
:105D0000755A373DD55A98BD3352AF3D1954DBBD56
:105D1000F12F823B44C40D3E4F90983D984D803DFD
:105D20002C49FEBDCFDC63BE492BFEBD069F26BDC0
:105D30004D4CBFBEAC8DD13D037DE2BD6C051D3E1B
:105D4000BB7B403E4DD83EBE9A24463E1420AA3D21
:105D50003E21DBBD8FFD6C3DE35295BD4CFB06BE85
:105D60004AEC1ABDB98D563EB1C433BE5E67433DA1
:105D7000AE46763DA087DA3C2DE9283D90120BBE59
:105D80000B2749BECA6DDBBDBEF995BE3944BC3D8B
:105D9000EE7738BEFF40393DD8105C3D417F713E03
:105DA000ACE398BD0C40233DB9ABD7BC048D593D45
:105DB000F67F4EBE84BB733D3C1104BEEFCB99BC55
:105DC000A377EABD17109A3D7E8D24BDD47C053E95
:105DD0008319D3BC6E8A07BD36CEA63C57D08CBE85
:105DE0007E5483BD823C6BBE1DE425BE00E6B2BE80
:105DF0008C84B63D78D08C3D96B0B63D2574D73DA9
:105E0000433A3CBD6404243E61A8C33D077B93BD77
:105E1000D49CBC3D99D7D1BD2F89B3BBC828CF3BFB
:105E2000F33E2E3EB3B7F4BD0A82873D137E293D73
:105E300083FBA13D27878F3DACC923BE22C6B3BEDD
:105E40009B8EC0BDEF3C81BEDA71033D601F9D3B60
:105E5000A9F6E9BC97E3B53D39F00A3E8C8436BE1D
:105E6000664E573D917C15BE2B6945BDF4C5DEBD20
:105E70004D309C3C06D546BD33C5BCBD8E40BC3BB9
:105E80001101073DB3EDF4BD6687983D3716F4BDAB
:105E9000EB8E05BEDBFC7F3D628666BE0F0E06BE46
:105EA0005F7F02BE978BB8BD47E3C8BEB70D233CEA
:105EB0005CE6F43D2332AC3D9AEDEA3D677C5F3D04
:105EC000CD91B53D1D90843D37548C3C5E471C3DC3
:105ED0009BE31CBE6F9BA93DEC689C3CECA2C83DBB
:105EE000E884F03DAC52FA3C4F22823DF437213D2C
:105EF00091D016BC1C252F3C6D743EBE821D7FBC0C
:105F000029B311BEF72044BDEF017A3D401622BDF2
:105F1000EFFF233D3719F53D0DFA62BEDA20133C41
:105F2000BE15E9BD3DD280BD9128343C5A7EE0BD0E
:105F300048179BBD73BE88BEE6917F3D1C7B763CB7
:105F40001FA211BDE4BAA93D1689A9BD738381BE04
:105F5000ECDB493DD600C5BD5FB241BE44A4E63D81
:105F6000093282BD784382BEC2F8E9BC2FBE683DCB
:105F7000A59E453D46080F3DDE3EAB3B1976183DDC
:105F8000CFBD87BC1E888C3D53030DBDE2C833BE18
:105F90009D13BB3D2B6905BDF7001D3D8D250C3EB6
:105FA0002656C63C29266F3DB212733B94C23CBCB8
:105FB000098D803D371C56BDFB79533DC85B2EBC17
:105FC000696E15BEE44BC83DC652A43CF35407BDF0
:105FD0000ABF943DC7A17EBE1BA0B4BD732E15BEE3
:105FE000F642013D1EA7C83DBAD729BE4BAEC2BD81
:105FF000717184BE7991A93D5D35CFBC2C2C383DA3
:10600000027E8D3D38F32B3DD8EF59BEDAC78A3C6E
:1060100020D1E4BD674409BE0E66D33DB70997BDE4
:1060200099BCE1BD4A60F3BD65A88A3CE8672A3D9A
:10603000E770AD3C2B8AD7BCEF730CBE537725BD00
:1060400023119ABD8885DA3C689343BDE04DB73B88
:10605000B951843D575EB2BD6281EFBD03CC7C3D3A
:1060600001C372BC153B0ABEB30B86BCE9D32A3D03
:10607000D0B6DABD2B33C53DCCB3B2BDED66A6BDFF
:106080005A6827BE9FABAD3C1F2B783C058B433D28
:10609000EE401DBCB83A40BDD66FE63D8925C53DF2
:1060A000FC56ABBDB0E4AA3C54ABAFBC7EFF663C33
:1060B000815D5DBE09C4AB3DE17B7F3D8E02043D49
:1060C000B9E2623CEC4C613D6FD6603D61C43E3D3F
:1060D0007E8D24BD485167BDFBEB95BD6BF33FBD85
:1060E0005DDFA7BD0ED855BE889C3EBC3673C83D4B
:1060F000BDAB1EBEBEBC403D00917E3D1BF63BBD10
:10610000BCE740BCEBE682BD72FD3BBDAA9B0B3DEC
:106110006807BCBD5E4ADDBD6A30ED3DD13C003C48
:10612000A69A19BD1C09B4BC1C7E373DE751B1BD10
:106130007D76403C56BC91BD819884BD9D1210BEB9
:10614000800D483D69A726BD8C31303D85B105BA2B
:10615000D0B69ABD5FCF973D4CC75C3DBD5256BD92
:106160006CEE28BD399D64BD2750C43CE23EF2BDB3
:10617000B64AF03D1877433DBD8A8C3C3275973D59
:10618000E9F17B3D6FB9FA3D2F338C3D238592BDFC
:10619000AEB878BDCB9FEFBCAF25E4BC3789C1BD9D
:1061A00023A2D8BDE597E1BDA12DA73DB8C89DBDEF
:1061B00014CD433D1974023D3EAF98BDB553F3BCB9
:1061C00075928DBDC4EB7ABC639B943DD332123D76
:1061D00014596BBD5FB7883C8F1CE93C875065BD87
:1061E000A4FDAFBD3F9167BDCEFB9FBDDBFCBF3CB7
:1061F0004E2503BD01BDD0BDC1A9AFBDE8F5A73D8A
:10620000A299A7BCC3D68C3D855E3F3DE29479BD83
:1062100033DCE03D54547D3D9CA8A53CED9FA73C5C
:10622000AE61A6BDB8EA3ABD21CAD7BDFA089C3D09
:106230000A13C63DBC58F83DF792063EB62F103EF5
:106240002122D53D34D67EBC9FAE6E3B62674ABDEF
:10625000B72592BD0B7E5BBDFC1DCABD79AF5ABD93
:10626000679D31BD0E10AC3D22FE61BDFB3B1B3D69
:10627000EACBD23CD3F970BDF701C8BC3A3DAFBD03
:106280007CB799BD506D303D01F9923C0118CF3A71
:106290001BBE05BCEF74673C793D18BB2DB087BDB4
:1062A000FE28EABD3BC2E9BC70ED44BD09C3003C19
:1062B000AC587CBC319A15BDBB44953D5EF5003CA5
:1062C00036B1403C40DB8A3DC1FD003C492E9F3D3C
:1062D0002907733D6D8FDEBC3D4764BC77672DBDDC
:1062E00085EAE6BCC00905BCF67A973D07EE803D1D
:1062F000096F4F3D88F5A63DB0CA853C5DDEBC3DCB
:106300004C6DA9BCE28FA2BB97E26ABD8B6D12BD3A
:10631000AF3F09BDD33212BDB61365BDFCC8ADBCDD
:1063200072E0153DD253E4BBE294B93CA38FF9B8B7
:10633000E90C0CBC20ED3F3DAEEF43BD25B3BABD2B
:1063400077DB053CD68DF73C1BBA593CAFD1923D6B
:10635000471E88BCD21C59BD454B1EBDDE599BBD96
:106360001781B13B682181BD84A0A33C00378BBC61
:10637000F9BC223D9372373D323C76BCE15D2EBDC7
:10638000CE51473D225253BC5C58373DD4EF423D7D
:10639000A11217BD4A09A1BD18B27ABD16C22ABD05
:1063A000677FA03B9198203DFAEDAB3DE5F1B43C11
:1063B0004E64663DFA43B33DF0185E3D105839BD5A
:1063C0006A3263BD51A49BBD27DBC0BCD1E9F9BCD7
:1063D00089EC03BCD5E855BC390925BDBFD10E3CBD
:1063E000F4A361BDF298013DAB05363DEB570ABE03
:1063F000B2F58CBDED99E53D61C1DD3D085B8CBD1D
:106400008A1ED8BD852681BEADFC223E016D4BBEE5
:10641000DF3312BEC8254E3D09C2153DE21E0BBE3C
:106420004B2190BD7B6649BE7C983D3B774D68BE55
:106430000A31973CC11DC8BD3FC7873D9CFC163D36
:106440005B5D3EBE9BA9503EB7F0BC3B0AF409BE63
:10645000D2FB86BD8C8436BEFD169DBCE2C9EEBD66
:10646000DCD9073E1684923DAB988A3D3E76F73DD7
:10647000FA60993D70B1823D703FE03D2A9019BDB0
:1064800092CDB5BDB11A0BBDA5F78DBC8449713C49
:1064900074B43ABE962219BE3160093E238497BE79
:1064A0009BAAFB3DB952AF3D2A1D8CBD451017BEBE
:1064B00080D2D03C4F92AEBC5BCD3A3D124F36BD40
:1064C00054E6B6BE87A8123E4167D2BDE273C7BD8F
:1064D000E7E22FBDE201E5BC88B9A4BC3884EABD7F
:1064E000CB83D4BD999F9BBCF1F610BE7079AC3CB8
:1064F0009181BCBDBE9F9A3D293EBEBD083AA2BE59
:10650000F817E13DE57E473DCB487DBD2A74DE3C72
:10651000DB1314BE7688BFBD8BE04FBEBD53413E3A
:10652000C18D543D06D75C3D9301103E5FCFF73DD2
:10653000F54CAF3D0CB13A3DE8F9533C416677BEAE
:10654000B308C53BCCCF0DBD715559BC76A72BBE4A
:106550002F4DA9BE61A4F73D30812BBEC39B053EE4
:106560008B35BC3D94C27CBD15E19EBE4ED452BC61
:1065700076FEADBDFA41DD3D5298F7BCAD4FF9BD99
:1065800032AC623C348609BEC6F9BBBDF4356BBE85
:10659000D4BA0DBDFBAC32BDF2D3F8BD7825A9BD90
:1065A000F162A1BD657094BB7EFE9B3D92CFABBCFA
:1065B00033FCE73D1FA2D1BC7EFCB5BE12A0263E37
:1065C000EFAC9D3DB613A5BC61A4573DD9B57D3D4B
:1065D0000F9807BD209728BE68E7F43D5A9EC73D37
:1065E000BB25793DB1FC393E4E7A1F3D86AF8F3DCC
:1065F000541EDD3B23119ABCCE0007BE3A02383D43
:106600001C6191BD0326D0BD261D05BE2976D4BDD3
:10661000384EEA3D2102AEBD4969963DDCB7DABD90
:1066200027DA55BDF72094BECD5B15BECB12BDBD9C
:10663000EFC858BDC2163BBCEAB0C23C558932BC5B
:106640003FC8B2BD4050EEBCE5EC6DBECFDACDBD6B
:10665000D40B9EBD4D68F2BD8928263DEC142B3C21
:106660006249B93D7FBEAD3C20EE6A3CD82D223E4A
:106670007901363DBD726DBE321E053E193DF73DB6
:10668000ED7D6ABDAF9811BE3F55C53DDD45B8BD36
:10669000CC0B30BC2426283DC477823DE95F123DF7
:1066A0000439383E46270BBDA987683D876D0BBC72
:1066B000BDE52ABD503966BDB22F59BB8D0D1DBD3C
:1066C00045F0BF3C50C24CBDE09C11BDA113C23C83
:1066D000E99EF5BC26E057BCF31BE6BD19E84ABEAF
:1066E0003E07D6BDCF12E4BD639B34BE4F2282BDB0
:1066F000E2CD1A3DF25DAA3D9692853D2311BABDC9
:10670000BAF4AF3DC4EA2FBE7270C1BE26E5EE3DBD
:106710004F93F9BD69AC7D3DF912CA3DD2FE273ECB
:10672000A9BF3EBE47C92BBC834F933D5AF4AE3D33
:10673000F419F0BD8B359C3D47CC6CBC024657BD6F
:10674000882AD4BE87FD9EBDEB3658BE2A01713D16
:10675000BC572D3D27A4B53C28BAAE3C7E71693D9F
:106760007EC9463DDAC69FBDF584253D0E2F08BB88
:10677000593071BC9E2786BE84471BBD1FD9FC3D86
:10678000F2410F3DF168E33AD34A813D0C01403DAF
:106790006135D63D66DCD43AF832C1BE44DC1CBC5F
:1067A000CC5E163E569D153E7E1E43BECC240A3E50
:1067B00016FCB6BE7C81193E31D140BE5BCDBABD60
:1067C0004CA59FBC44C3E2BD4C1B9EBE0AD7233CD4
:1067D000EBC881BEDB6E823DDB6F6DBEC87C80BDC9
:1067E0003750803D26E5EE3D74624FBD00C73EBE8A
:1067F000836A433DACAB82BC0DC5CDBE4A98293DF2
:10680000EB909BBEE10747BE2098233EC921823D05
:1068100053B4F2BC7F83F63CC021D43D59BF19BBB1
:106820009F392BBDA400513DA1BFD03CF75664BD9C
:1068300077DC70BC705E9CBA0AF5943D506DD03D1B
:106840007E01DDBDF10DE53D790417BE34DAAABC49
:1068500054FCFF3D6B276ABE9642A0BDF6402B3E1E
:10686000C422863DC26D8DBDE773EE3DDCD791BE7F
:1068700082540A3EE9D26FBE0DA596BDE4DA10BE81
:106880004E63BBBDC21756BEA1D6B4BCF700BDBD9A
:10689000FB58C13DC8B5A13BDF16ECBD9F22073BAD
:1068A0007E38183E5B229FBEE44ABDBEF46DC13DFA
:1068B000B900B4BC0F2AA1BE5FD46EBD4DBCA33DD0
:1068C0000FF064BEF162A13DBC96903CC11E33BE88
:1068D0000B457ABD016A8A3EB7B8A6BD5309CFBC45
:1068E0009E62553B8E02A43DA9BF4EBE1096713DDF
:1068F000D7F9B7BC7D09D53DB4C8763D51BC0ABEB9
:1069000019006A3D1C444BBEEA59903CC26A2C3EB9
:106910008A7384BE24979FBEF9119F3D505436BDA3
:1069200058E201BD4B77D73C3FE081BCCAFA0D3D30
:10693000626A6BBE07F056BDFB0335BE2B8841BDB6
:10694000A0FDA8BDAF0733BE21201F3DD28984BC66
:1069500017829C3DDE8D05BD5439CD3D82FF0D3E35
:106960008010E9BD7FBF68BE4F3D523D365BF93DAB
:1069700058AC21BECA194ABDEA3F2B3EAC70ABBD34
:106980002D95D7BD6AA009BE1B2A76BEF4DF13BEC3
:10699000C9E49C3E9B9036BE753EBCBC03CC7CBD1E
:1069A000DA8C53BB93FC88BC22FC1B3E511513BDF3
:1069B0008449B13DF393AA3D09C12ABCE52B01BE30
:1069C00034D513BD4AB2EEBD8CF6F83DD73314BEB4
:1069D0002D5FD7BD65AAE03CA323D9BD44C237BE15
:1069E000CD932BBD4FB1EA3C7A6E11BE6C051DBE36
:1069F0007E56593DA96B4DBED87E42BE21CCEDBC22
:106A00009A0B3CBE7B332A3D70ED843D78EE7D3D94
:106A1000309DD6BD3B51623E2D08653DB725F23C09
:106A2000D386C33C8F6D093E13BB36BC74B640BEE3
:106A300036ACC9BDE25C933E6C3DC33C2E04B9BC90
:106A4000FAF197BDF22855BE575DA7BDBB97D33E5F
:106A50009C3588BE7E51E2BDB537383D24B891BB28
:106A6000C9C944BDB610643D4CDD553D59528E3DFB
:106A7000635FB23CD270CABC6FD8F6BDA14877BC88
:106A80006E6E1CBE71E4413DEECDFFBE81CD393D41
:106A9000DA01573D6E173ABEF03283BD8E2015BC29
:106AA0005281B33DA470BD3CD0D275BE423FD33CB1
:106AB00055A6D8BDF46DC1BE9B1E343EE9EDE7BEC0
:106AC0005168D93DF0E0C73D1DABD43D361E5CBEDC
:106AD000EC178C3D56D20ABCCF682B3C4819313E8E
:106AE000603C43BD560FA0BEE9D3DABE9832A8BEC3
:106AF000E59C583C7365903DAC8F073C11C4293E22
:106B0000EE5A82BDC2A438BE2941A7BEDC82A5BC14
:106B100045D52FBDE49FD93D651D4E3D73B941BD9F
:106B2000B13034BEF180423E50C3273E9CA64F3D5B
:106B3000EC84973D1287ECBCE2007A3DF1BCB43D99
:106B40000E2FA83D4F96A2BE8C109EBCF9BF433EAF
:106B500091D23C3E4B06403DD2DF1B3EC49997BECE
:106B6000D732993CC7836DBE5914F6BC48DFA4BD2B
:106B70008202EF3B4087B9BE8106FB3DA5F3A9BE6B
:106B80000F9B683E927A4FBE7CF01ABE8DD3D03DEB
:106B900089B5483E13B7AABD4FCE60BE253C01BEA5
:106BA000BC77D4BC815FB3BE608FE9BDD86207BE3D
:106BB00053B4C2BE8D7D393E971B8CBDC92172BEB8
:106BC000DACBD6BD84294A3D96D1C8BC433B073EAB
:106BD0004625F5BCD26D29BE61E2CFBDD5B10A3DD7
:106BE000C7A1FEBC4DBB083E5281133E1840D8BD24
:106BF000B807A1BC0CEAFBBD14D044BE95D74A3DF2
:106C000081CD91BE2EAA45BD9318243E7783083EC0
:106C1000A2EFEE3CC4AF383E6ADC3BBEF17E5CBC0A
:106C2000DCD593BE240E593A9E9990BEEA9186BD5A
:106C300034104BBDF67DB8BC973747BDB5C3FF3D9B
:106C4000E38C21BD05509CBEA0E1AD3DF4F9683E4A
:106C500040682DBED3A4A4BE4A5EBD3DB70CD8BDCE
:106C60000A1306BE130A01BEE815AF3D3672A5BE73
:106C7000A73E003EB683F1BDCD205EBE7C265BBE46
:106C80001B2F4D3E306821BE6C22B33C3E93BDBDF0
:106C900058E562BEA2D092BDE92B083DFD69C33D17
:106CA0001686C83DB8CD343EA033C9BD1C42F5BDE3
:106CB000284741BD008D22BE629D6A3D027E1DBEF9
:106CC000A516AABD0FD32E3E6682E13D261DE5B96D
:106CD0006440B63D8B1B373B817AB3BDD6E4E9BD3A
:106CE000ED99A5BD469872BEB262B83BB000263C95
:106CF000D47F16BE530523BC9BE35C3CED9BBB3DA0
:106D0000C09732BEA81BA83C3FE5283EAF5A19BE2B
:106D1000CC272BBDD1587B3D315BB2BC4608EFBDC3
:106D200059A2B3BC9C51833E8995B1BD16346D3DCB
:106D3000E6CD11BE64939CBE73BA2CBEE5F0813ED5
:106D400013299DBED93DF93CE3A51BBBE44962BEB6
:106D50003E59B1BC5D4FF43D2BF782BC30629F3988
:106D6000D05FE83D8BFC7ABC7CD44FBE88BEFBBDB7
:106D7000056E3DBEADDBA03DE97C98BDC43EE1BDE6
:106D800030D4A13DB2BE813CEBAD71BE419A01BE93
:106D90000935433D359A1CBD8C4D5BBE3CF6B3BBFB
:106DA000A4FEFABDB4B027BCC79FA83CDB698BBD6D
:106DB0008962923D15A8C5BB9CFAA03D2442C3BD83
:106DC00003CFFD3D3335C9BDB79A35BDE2E8CA3DB5
:106DD0005186AA3A05C484BD628385BCD7A06FBD25
:106DE000B16F673E678136BD473D04BD9432C9BD72
:106DF00047C888BE9335EABD50DFD23D9D4B91BD5B
:106E000048E04FBDF224693C0839EFBD07F056BD9C
:106E10004E41BEBDDEACC13C6DE40A3EF1B73D3D26
:106E2000B189AC3DB13315BE452FA3BACE50FCBDE0
:106E3000EA780C3ECFBF8DBE66C1A43D11A7933D3D
:106E40000D1B95BE5167CEBDD9D148BE74D3E63D6A
:106E5000096BA3BD4980F2BEF70449BDE84BCFBD25
:106E6000A48D93BE4F744D3E75E8B4BE7B6A253E3B
:106E700033164D3D8AE3403D433C12BE4B5BDC3D47
:106E80006AA1C4BE0EF7D13D65A8CA3D9B3D90BD29
:106E9000C1E092BEF774CDBE8AB001BE738226BE39
:106EA00003990D3EB0FFDABD5F24B4BC0F432BBC89
:106EB000265626BEBF0E00BF056F083DEE7718BEF2
:106EC000A629C23D60AF303A84D3E2BDB41F29BDCC
:106ED000D2511E3EE5470C3EA229BB3C2E1F693E07
:106EE000D922293DA4A7C83D7C64D33D88F7DC3D69
:106EF000132CEEBDE99AE93DDFFD313DC45A6C3EED
:106F0000A720BF3D912C803E2F5290BE10EC18BEA2
:106F1000BCB2CBBE6553CEBD64E913BE0D6EEB3C77
:106F200000A9CDBDD311C03E80B9D6BD30121ABD67
:106F300075AC42BEF1F5A5BED4F28B3E8B1B973EDD
:106F4000DB1344BE674489BDF583DABD4F3FA83CDF
:106F5000E4D955BE4B1D54BE808180BD14B233BEF2
:106F60009F39933E4FCEA0BE213A04BDE2CBC4BCB4
:106F7000EC8A093EF564FEBCF9F3AD3D1AC35CBD75
:106F8000DEAACBBDBFBB15BCEE941EBE566143BE90
:106F9000D3C17ABCD810FC3D73692CBE1C5EB0BD59
:106FA0002D3F90BD7AA56CBEA3AD2ABEBF47FDBCE8
:106FB000787A853DD311403C6A2E373EB3D00EBD62
:106FC000973C4E3E0C2385BE54E583BE2DD2ACBE0D
:106FD000158C4ABD3E07AEBEC68ABABD3A90753D15
:106FE000849EED3D780C0FBD98F8233B2673ACBD15
:106FF000FA27C0BE5647AE3D8F37913EE76D3CBE87
:10700000CDABFABD8D43FDBC2445C43D80D3BB3B15
:1070100006B9A3BEC0CF38BD15713ABE554B1A3E56
:107020007EAA6ABE38117DBC7FA147BEFCAADC3DAA
:107030005F263ABED2A7553D2843D5BDE50AEFBB32
:10704000ACA92CBDF581E43C661536BDC095ECBA03
:107050000DFF393E0343D6BD50197FBC80BBECBD4C
:1070600023D838BEAEF254BEED2D653B86E6BABDE0
:10707000A2B281BD9E28193E985081BEC4EB1A3E33
:10708000B79C1BBE2042C4BE5A82ACBDCCD1E3BD6E
:10709000A9834CBE61165ABCA450263ED1CBC83D34
:1070A000EA58253E8B5167BE6F2967BCFF5C54BE12
:1070B000F8E035BC9BCB8D3E55FA09BDA9FBC03D20
:1070C00027667D3DE00EB43DA86E6EBD14050ABE78
:1070D000403172BDF1BBA9BD5248B23D9F3A76BE68
:1070E0006E8B12BE7C6285BEAD31683C26555BBDA1
:1070F000C0CFB83AB91A593D4BAD37BDD9AF9BBDDA
:10710000CF863CBDCC457C3D051A4CBE63D0093EC4
:107110003E4007BEC02194BD6213D9BDC09441BE9C
:10712000B614503D6823D7BC0E8810BDD193B23C35
:107130003BA7B93D7E8BAEBE726D283B6117E5BDA6
:107140003ECAB0BE9DD542BE8E075BBEBB80F7BDBA
:10715000128556BD3CF75E3ECF324BBD7D97723EE9
:107160005CE47EBEE0DBB4BD69A8D1BDB328CC3DF4
:10717000A359D9BB8598AB3D4985713E0185FA3C41
:10718000681FABBDA697D8BD6E88F1BDA4ABF4BC9B
:10719000DC2E343D147BC8BDCEAA8FBE776A6EBD8F
:1071A000060EA0BE093458BC817B5E3D93382BBED1
:1071B000D82C373EE750063C82759CBDBAF4CFBD53
:1071C000E6222E3E150043BE1D2018BD1A53B0BD49
:1071D0000D350A3D80600EBCB9A6C0BD0CCDD53DB5
:1071E0004CC4ABBE164CFC3CD13D1B3EFA0C18BE49
:1071F000AF9736BE38DC87BE944B9BBE4CC1F2BE07
:107200007E37C5BEE7DF4EBE8D99E4BD2BA6B2BD6D
:1072100021AF973E849F90BE40C1AD3E9A0AB9BE51
:10722000E63DEEBDC686EEBCFAF2023EE15EB1BEC0
:1072300013D4503EDDB1903E81ED103E156FE4BD9C
:107240006BF3BFBE5B7D35BEC746E0BDC18C793EEA
:1072500097E13FBEFD13BCBE3A06A43D403463BE79
:107260000F2645BEBAA2143CE31673BE5C72A43E60
:1072700052D7BA3D570780BEED474A3D5D52153E95
:1072800078B53CBEDDCE8EBE5C58773EDA918A3D45
:107290004606B93DC268D63C103B133D0709F1BD17
:1072A0007F311BBD9ACDE3BBD6AD9EBD3CF994BDED
:1072B00058A815BE861C5BBD0ABEA93D6D91343D24
:1072C000724E0C3EC66988BB82708D3E740987BBC6
:1072D0000D712CBC7711A6BA2A0387BD315DE83D3C
:1072E00029B2D63A520DFBBC936E0BBD98F8C3BDC4
:1072F0008B1ACCBD0EF8FC3A74447EBDC0CFB8BB2F
:107300001213543BE71CBC3D3C4A053E7860003DEF
:107310004836173DB96EAABD50C84EBD158DB53C57
:10732000C6FCDC3A1B62BCBD6D1A9B3D666A92BC12
:10733000F7580ABEC16FC3BCC7D79EBCB0C50EBE4E
:107340001BBE353E1DC9C5BD24EE01BE49D7CC3D8F
:10735000B0C5EEBD28457BBE61DF4EBD73D86DBEA6
:107360002E3883BC42EEA23D0E68E9BB54E3A5BDB6
:10737000DBC39EBD9D9E07BE0938C43D94F9073E00
:10738000C497093D6616613E8BA974BD8941E0BC76
:1073900013D6463C94F85CBD0073CD3D9DD5A2BD8F
:1073A0000DE118BC93C8DEBDFF75EEBCCE1931BE31
:1073B000942EFD3C6E509BBDA3B1B6BD74230C3E14
:1073C0007786193EB3072A3EDC9D353D6F9EAABDE8
:1073D0008B3687BDD5B3E0BD88669EBC08940DBED4
:1073E000F644F7BDEFC76D3C9A2280BDCCD339BEC1
:1073F0003C4ED1BDD0B9DB3C1FF858BDAE47513E25
:107400003D497ABD11A743BEEC16213EF19E53BE05
:10741000CB4762BEBDE2C9BD5796B0BE5DFB82BC24
:10742000E36B4F3E23A40EBE2104643C2F89B3BB03
:10743000FE9CC2BD00AE143E573F563E14B2D33D33
:10744000B5875D3E2DCF03BDE201E5BC527D273EF1
:10745000F08A60BCC781573DFD4B62BE2590B2BD2E
:10746000F38E43BEA60D47BDAEB7B5BECBBBEA3C5F
:10747000D80FF1BD0BD317BE5A64FB3DA836083EAA
:1074800097E4103E09E1113D6F832ABE0D8E02BEC6
:1074900048A869BE9B9189BEB62F90BED05F78BECA
:1074A000E276A83D5435013D948745BE6DFE2FBE62
:1074B000E8DA173D297509BDD524483E51BFEBBD1B
:1074C000C285DCBD971C373E96CF52BE458023BE99
:1074D0008E790DBEFC8A95BEB8011FBCB66A473EC8
:1074E000ACA9ACBE6AA5103DB22BCDBD3F5806BDC0
:1074F000BA4B123E74F06C3E8E941D3E61C43E3E0B
:107500008A77A0BDFC70103C1077553E4547D23DB0
:10751000679A003ECF139FBE1B47CCBD535E1BBE78
:10752000E146AABD47027DBEC6A88BBD90D959BE13
:107530003468A8BD05FB3F3E7D96E73D7B4C243E6D
:10754000B9DFA1BC8BC2CEBDEEB2C7BEF870B9BE6A
:107550004C509BBE2E1D83BE8E5C57BE0341C03D6A
:107560006971C63C2FF729BEFCC38EBEC85D043DC1
:10757000A3409F3CF8C41A3E5518DBBD737F75BD10
:107580000EF7713EF1F43ABE4622F4BDEACBF2BDED
:107590004BAB89BE21AD313D5306AE3DFD6888BE83
:1075A00002D98B3DFEB83DBD5FB788BD70B0D73DF9
:1075B0007231163E41280F3E7A004B3EE7C49EBC16
:1075C0009F3D973C1442173E2998013E45636D3D0F
:1075D00045F0BFBEB0E42A3D1B1277BC6666E6BD2F
:1075E000DE745BBEDE1EA4BD99621EBE910E8FBC12
:1075F000C138583E78B9083E4375733E2CD505BE58
:10760000B9C23BBD4EF1C8BEE8BE6CBE6EDF83BEE4
:10761000A70725BE3FAA31BEA418A03C0AF5743CBA
:10762000E59C28BEE59B85BEC7A17E3DD28DB03DC1
:107630000340B53D917D00BE8F6E34BE9FCCFF3DB3
:107640000E6633BEC32DFFBD68588C3BC652A4BC2A
:10765000778714BE724D81BD59E0ABBDD27175BD47
:10766000EA40B6BDF92F10BD8F89943DA472B33D99
:107670001C7A8BBD6B29603E95D5B4BD0C04A13D31
:10768000147A7D3DAEB612BE1FBD313E1D3C13BD0A
:10769000ED4960BD7C2B52BD414A2CBD115207BE45
:1076A0008672A23C0FB919BEAB25DDBD282CF1BBFB
:1076B00073111F3E978C633DC0262B3D2E9236BD25
:1076C000C4068BBCFCA5A5BD944F0FBDED4A0BBDF8
:1076D0000151B0BDEE5FD9BCB517D13CFA0EFEBC6E
:1076E0002A57D83D616FE23C4B3B25BE029D193EB7
:1076F000BC4009BDEB3AB4BD0D892B3E50DF8ABEBC
:10770000F3560DBEB858D1BD6CAFC5BD98F778BD66
:1077100050C6783B60B1463DF46BEB3CDE21C5B80A
:1077200020EB19BE702791BC0B7E9B3DB79B20BD03
:107730006BEF933D3F1F45BE5B25D8BC3E25E73C24
:1077400009A95BBC20D0093E5986383DDB16E53CD3
:10775000464130BDFBAF733D4F95CFBD77BAF3BC0B
:1077600071AD96BD65E3C1BDA8712F3DE012303EFD
:1077700027A4D53D9D48B03C481630BD809D1B3C9C
:10778000DE8F1BBD1267A53D94160EBE68E90ABDCB
:107790000B9A96BA1FD706BD5988AE3D601DC73CEF
:1077A0007C9BDE3DBBD69EBDCC41B03DE84BEFBDE2
:1077B000B22A22BE0ABC933DB9A555BEDA035DBE0E
:1077C0000534F1BD3A3C24BE3B704EBD13D3E53DBC
:1077D000CC634DBBBD8DCD3C8940753DC72F7CBD75
:1077E0006CEBA73D35D37D3D91B41B3D2239D93D8E
:1077F0004D4C27BE444F4A3C492FAA3D50A8A7BC38
:10780000F8FBA53DAF97263CB9C5FCBB3A225FBC4F
:107810003961A23DC00965BE514CDE3BDEC8BCBD2E
:107820009AEB34BE3A1F1E3CED7F203E0919E83D1D
:10783000AB7A393DF52B9DBD1D5A243DDEC606BEF3
:10784000941498BD452FC3BDA182C33C8BE16A3817
:107850003A94A13C0D6DA03DFCFF38BD4A7A583DDD
:107860007D9150BD33A9813DAC72213C632611BD91
:10787000139C7A3D09539CBE90A1E3BD3B8BFEBD9A
:1078800034F46FBE228D4ABD98C1583D8E3E26BD50
:107890003E3C4B3D39B4083DE202D0BB2ECB973D78
:1078A0004930553D76C58C3A6265143EB7B71BBE6C
:1078B00021560FBE897B1C3E6B82683DE1ED413D48
:1078C000895C30BDC7D79EBD730F09BD804A553D49
:1078D0008F7260BE747A5EBC72FC50BEB4914BBEB7
:1078E0005C729C3D4AEE703D6C0A843DD28DB03B8B
:1078F000E42C6CBCB09099BDD9EA62BED1AD47BE54
:10790000693A3BBE1408BBBC8811E23DFED7393D45
:1079100021209F3D8F3513BE0E32A93D67800B3D60
:107920006537733DD238B43D200CBCBD1AA7813DEC
:1079300099656FBE976F7DBD8DD1FABD3A085ABE6D
:10794000B5FBD53CFB0791BBEBAA00BD2E1AB23CA0
:10795000BFEF2FBEA916913D29EDCD3D2217BC3DAD
:10796000522B0C3DFA5E333E0C236DBE6C76A4BDEB
:10797000541C173E96B2AC3D51A3D03DE61EB2BD9D
:10798000E17E403CCDC94BBDCA51803C2288D3BD6D
:10799000C284F1BDC44132BEB1350BBE5C1CF53DA5
:1079A000143EBB3DA914FB3D4DDBDFBDBF61E2BD15
:1079B000219241BE828E46BE6212EEBD5BB420BEF5
:1079C000C66D74BDC4241C3DC4D1B5BD5AF6643D1A
:1079D0009D4870BEDE015E3D8849783DA779473DF0
:1079E0007BA0553D62F321BE51F82C3DB6119FBEE0
:1079F0000B44AFBD3CDA78BD2AAA7EBD0CE9B0BD10
:107A00007DEBE3BDCFD8D7BDFEB53CBC8DD265BD07
:107A1000B1DCD2BBFB740C3E9754ED3CA4DED3BC6E
:107A2000BF7F73BC32E3EDBD38DB1CBD69AB923B5D
:107A30001DAED53B8CDC933DEDD2A63D03EE39BDAA
:107A4000BCCEE6BDAF98D1BDEB1C43BEDDEE253DFF
:107A500042D227BC58AE97BD90DBAFBD27665D3ED6
:107A60008F6D99BCE5B93E3C6FF0C5BDF208EE3CA8
:107A70001FF76DBDC289683D56291DBEB70D63BD98
:107A80004791753D28F1093E56659FBD17D30C3EC1
:107A9000EFC6023D213F2BBE2601EA3DE41508BD9D
:107AA0008C8436BD9980DF3D8E7822BE6A6D2ABEF9
:107AB00073DB0EBE43ADC9BDDF53B93C54008CBC73
:107AC0004773643D57CFA93D48A3823D3E3D36BC38
:107AD0009F1FC63CA089B03D8E93C23BDE58D0BCF0
:107AE000EB0123BE74B595BC543A183D0951BE3A1A
:107AF000F4DD2D3B30660B3DE204263D077B93BD54
:107B000012A191BC1F823ABE35B56CBDBDA81DBD8A
:107B10002F4EBCBDB7291EBDCE17BB3D1539443D08
:107B2000C233213D6B63EC3CA032FEBC0F4501BD6E
:107B3000D866E33CB05833BE63273CBD4A9BAA3DA0
:107B40003A20893C4EF0CDBC7C45B7BB3BE2103CB3
:107B5000670C33BD1267853DE42E42BDDCB79ABD8C
:107B60008A3B5E3D4BC952BE5E10F1BD1D7148BDE2
:107B7000C21756BE2F3417BD6A50343D1C7BF6BB6E
:107B8000F777B63CFDDA3A3D378B973C7D91D03C98
:107B9000245FC93D93DFA23C045ABABB95D564BEAD
:107BA00066BB82BDF419503DA9FB803C48DCE33C38
:107BB000F0A22FBAFE648CBCF7587ABC4F91033DFB
:107BC000C1FF36BECF134F3CEF1CAABDC93D1DBE41
:107BD0005055A13CB11A8B3DB01B363C89B48DBCCD
:107BE00076FBACBB3ECD49BCE8889CBDD7F937BC21
:107BF00076C346BEA626413DCCB43D3D8544DA3B26
:107C00004223B83D88846FBC2577583D7E8A63BB8C
:107C100011C6CF3D2EAC5B3DACC4BCBDD576933D0B
:107C2000F7B1E2BDE86A6BBDBCB336BD63F0B0BE70
:107C3000535B6A3AA741D13D882AFC3C7A36AB3C7B
:107C40004E2B85B976C50CBDF06AB9BC543802BC60
:107C50007383A13CA19EDE3DBFF416BE5DE0B2BDC4
:107C60008E5CD73DD591A33C19E78F3D6075E4BB91
:107C7000D8648DBBB5E085BD876F613D514F2FBE88
:107C800075E5B33C971CB7BD7863E1BDC98E0D3C6B
:107C900099D4B03D56D8AC3D93E439BD27A1943D6D
:107CA0009468E9BDA242F5BD5AF383BD920441BE7A
:107CB000CC26C03A19AA823DAC6F80BDD865B83DCC
:107CC000A33C23BED0D03F3D0C3CF73B31EBA53D60
:107CD0000BB8673D6F9B19BECD3F9A3D0EA02FBEDE
:107CE000DC7E79BC360447BCBB7D86BEC8959ABD98
:107CF000B29FC53B6E3400BD3E9769BDCD781BBDBC
:107D00006B2BF63C9834463D74EF813D8997673D77
:107D10006A2F423EC16F03BE9BC9D7BDE509043E31
:107D2000B612DA3D2F6FEE3DA1D694BD75E408BDC5
:107D3000DF6BE8BD44FC433C53E957BE425A633D08
:107D4000C3A0ECBDE4F3AABDD63BBC3D687A493D77
:107D5000B0E33F3E4BAB81BDF60C21BD87F952BE6F
:107D6000A79457BDD6C783BD55DA22BE240F04BEE3
:107D70003CBCE73DC6C4A6BD5740A13B0FEFA1BE2A
:107D8000E19B263DA185843CE90D773C5913CB3D11
:107D9000273148BD3F70953D6E1845BED6C8AE3CF4
:107DA000670F34BC217305BEC1C7803DFF779CBE01
:107DB00091B8C7BD6F45E23C569A94BB31230CBEC7
:107DC000EF56563DA8902B3D908352BDD55E843D25
:107DD0003E5C72BD8A55033DC1AAFA3C30F1A7BD95
:107DE000F06CCF3D1EA5123E6000E1BDB7EBA5BC17
:107DF000BD7102BE0EF9E7BDA2D5C9BC5DBF20BDF5
:107E000038C0CC3C213ED0BDF145BB3D397F13BECF
:107E1000D0B444BE1AC2B1BD556C0C3D99B9003DF9
:107E2000D941153E1E373CBDF19B42BD9D12503DD0
:107E30007A002B3EBF9C593DB894A33E855F6A3DB6
:107E4000C91C2BBE14773C3C239E6C3D0D70C1BDFC
:107E5000FB05BB3C079653BEBCCEE6BD105C653C43
:107E6000492D54BEF018FE3DC3B7B0BDB4B0A73C19
:107E7000151FBF3D8C81753DB37BF23B0760833C92
:107E8000DCB9703DFB053B3DB8ADADBCBC240EBEBE
:107E90005457BE3DE8F7BD3DC07806BD13EE15BD95
:107EA0008C66853D118E49BE5C91983C575F1DBD27
:107EB000BF6463BC7349D5BBC18BFEBDD6C6583CFD
:107EC000850838BD125061BD25CF05BEDE21C5B87D
:107ED0000A9F2D3C535D00BD85438FBDC713413DB7
:107EE000579472BEF11006BDCFDA0D3E7099D33CA7
:107EF0003448013E751F203ED7C3B73DE59A02BD09
:107F00005E4D9EBCD2182D3C98F60DBE7764ACBC7D
:107F1000323D31BEE0645BBD2A029CBCA88BB4BD7F
:107F2000130C873DFCC82D3C0F0CA03C2EE5FC3CFF
:107F300059526E3D37A9C8BD74D190BC8716593DC2
:107F400032E36D3D2E3C2FBD6806F1BD1D71083D2D
:107F50004A28FD3D4E4269BCC6C2103DF486FB3C3A
:107F6000E8A2E1BDA089D0BD231546BD8BA849BDBF
:107F70001EA6FDBCE90EE2BD41D392BDA1F39ABDA0
:107F800066F54E3DB9A7ABBC014E6FBC23D8B8BC5B
:107F9000A7E933BDC64D0DBDE8A30CBB1EA582BE2F
:107FA000BAF59A3C2029A23D2847A1BDF7E82D3E0D
:107FB000B610E43ABC91793D8C2EEFBCCA50153D09
:107FC000857A9A3DD1E6B8BD76FC97BC8BDDFEBDC7
:107FD000EA2205BC65A5093D912B25BEA227253DBA
:107FE000EDF3183D24B811BD14EC3F3CDF1BC33D3D
:107FF000EB8B04BEEBE0E0BCC556B03DF228053E7D
:108000008065653DF6B28DBD7C6007BD501D1B3E91
:10801000BC3D88BC5E0E9B3DE17B7F3D5BEE4CBD75
:10802000778629BECD73043DB62DEABD280A943D5E
:10803000FC3985BDFCC52CBD82A8FBB862D98C3D3E
:108040009FE89A3D7156C4BCCF6700BD79794ABE9E
:10805000D8F50BBE1C2359BCFC8F5CBEE2214CBD85
:108060007077D63B50500ABEEB6FC93D73F709BE1F
:108070006E87A63D408ABABC80D6FCBA6804DB3D58
:10808000C72D26BD3EE8593BFA997ABD6A84FE3C6D
:10809000C0956C3CFCA535BEF48B92BDC0AF113BC6
:1080A000EE409D3CFC35D9BC4375233EFA471FBDCD
:1080B000E3FF0EBCD8D64FBD5FB2913DB3790C3E05
:1080C000F1D54E3D124D60BD1CB4473E8CF7E3BB6D
:1080D0009DA1083E64752B3DA182433DBF0A10BEA1
:1080E0002176263CA8723ABE03CE423E60E63BBEF5
:1080F000BEFAB8BD81966EBD6E19F0BC09C4AB3D29
:10810000DBA4223D6DA818BDE56337BE6FD58DBEDB
:108110001B2A86BDC1C996BD3F7095BCCF9ECB3B87
:10812000CCF0DFBDD977E53DF8FB15BEF27BBB3D5A
:10813000FDFAA13CB56E83BC7ADE0D3DD1B1833C26
:10814000C6E14CBC11AA14BD4300303D94C2BCBC76
:10815000CD903ABE2827BA3D8CF628BE8318E83B5E
:1081600087342A3DDBC3FEBD8C2BEEBD2D26D63DCC
:10817000F339B7BD4A44F83C295C4F3DFD4F9EBDE5
:10818000904DB23D2D23F53D3C6921BD5001B03CE1
:10819000B7088C3CD174B63DECDD9FBC4F23ADBD20
:1081A00043916EBDD33187BD9A7C23BEC3D581BDBB
:1081B000F65DB1BD098A9F3C41D77EBE03090A3DE9
:1081C000C37E97BE9B21153E78EE9D3DDACBD63D12
:1081D000446CB0BB4AF006BC315B92BDB4E4D13D07
:1081E000F8DEDFB94051293E99477EBBF6D1E9BDA3
:1081F00081D07A3D95464CBD281036BEA24360BC66
:1082000099D741BE8F6D19BD638004BD149317BE0D
:10821000AC8BDB3D41110B3BC0417B3D92209C3D33
:10822000A168BEBDB248F3BD01BFE63DF1D7243D14
:108230001E6CB1BC01DCEC3D999B3FBEA6B8EA3D8B
:10824000A7B2683DD575A8BCCAF9A2BD0BB6913DD1
:10825000C66988BD95EF993C289EB3BD76A866BDDA
:108260005743A2BD384848BE0839EFBC7043ECBD47
:108270000B27E9BCAB221CBE4087F9BCD82B1CBE27
:10828000AA7CCF3C336F153D734C963C57B429BE46
:108290007B875B3DE944123E7AFC5EBC0A31D73DE8
:1082A000CBF3C03D44BE0B3D6687783C54362C3D35
:1082B000344B02BD13F0CBBDCD207E3D0BD181BE32
:1082C0001BBE053D86CBAABDB3068FBD446FF13BF7
:1082D0005471E3BBC1AC503D7367A63DC991CEBAA2
:1082E000A708B0BDE9D4553DB266643DFFB0A53DD9
:1082F000E8DB823DC6C240BE32022A3D6D569D3D3E
:10830000F7E88D3C57ED9A3AF243653D8CDC13BD9E
:108310006D7599BD2CF4C13CABEDA6BDA7AF67BC94
:10832000316114BE9160EABD8C8200BE9C86A83B80
:108330009E98F53BA75A0BBDD07F0FBEBF4953BADD
:10834000FC72C6BDE541FA3CA9F53EBEBC05923DB6
:10835000861E013E4E7A9FBD1360D83D03B683BC96
:10836000DD25F13CEB1C033DA54F2B3D029D893DD6
:108370006E5146BE2E581A3E71210FBEBFD2F9BBB8
:10838000B074DEBDB22F593B8FE387BBA48C383766
:10839000431B803C4ED026BDAFCC1B3D55A096BDA7
:1083A0002FDC793D32388A3DDEE64D3D5F28803D49
:1083B000D1035FBDF18208BB2E72EF3DB951643D20
:1083C0004A9A3F3DC98F983D166BB83C8FE111BE6C
:1083D000B1E07E3DB8CE7FBD191F863D419E1DBDDB
:1083E00090DD05BE3CA498BD4B1D243DF3ACA43DDF
:1083F000A98592BD59C074BEE6EB02BEA85180BEED
:108400008DEEA03CED28EEBD2FC254BDD480813D41
:108410006CE9D1BD31D0753D56F146BDD1CE193E86
:10842000D95DA03B946B8A3C1D5B8F3DF18333BECD
:10843000404E983DAB225C3B577817BD471E48BD68
:10844000B5545EBDCE38ADBD11A7133C0187D0BC7D
:10845000518755BDCC61073E7C6368BE077A683D95
:10846000062E8FBD9CDDDA3CF838D33D46D359BD8E
:1084700083FA563DB3D2143EDC83103D3945E73DC7
:1084800079EA913DF5F6873D8290CCBD0DC21CBDC9
:108490007101C8BD9F92033E9FAC18BEA112F7BDEB
:1084A00031411DBEA0178E3D151E743D70B20DBD2D
:1084B00071006DBE6C95E0BDA4A99EBE09547F3CC1
:1084C0007D9421BE4293C4BB172E2BBABDC38DBD74
:1084D00008043A3D7E013D3CD7670E3E9C163C3B6E
:1084E00014CD433D1C43803C360417BEB857263D8F
:1084F00035ECF7BCE23A86BD9F903DBE86AEA4BD8A
:10850000581FAFBDF7941CBDE04DB73D2862A1BE1A
:108510006F835ABD24977F3AF6464DBEC5ACF7BD72
:10852000CC7A01BEB4E918BE4BCC93BE89D173BDE1
:108530002C29B7BD77F798BE0F2A71BD6808073E92
:108540007A7017BED7D9F0BD37E0033E5FEEB3BDFA
:1085500013EF803C5C20013D209B44BE451027BEAC
:108560005C1EEB3CF12C31BE0E863ABE4D9F0DBE1B
:10857000F8C5153EA417353E1E87613EEBA8EA3DBF
:108580006D537C3EEFAC5D3C3A088ABE51F4C03D71
:10859000FACF92BEAF4385BE880F4CBEF772BFBD07
:1085A000064B753DE5B467BD596C03BEF73E55BD3E
:1085B000B8068EBEFF5E5ABE5187553DB1F82D3EBE
:1085C000BEDC27BDAC03203E8A3E97BEAF97263C5B
:1085D0001B6668BDD34F38BD94BF5BBE628636BE96
:1085E000933700BE249CF6BDF9BFE3BD6326D1BC22
:1085F000C669A0BEC537543DEC15063EF6B318BD9E
:108600001634EDBD533C8E3DC87894BCF16522BB59
:1086100064AD613D24F2A5BEC3D63CBEFE7C1BBD4D
:10862000496790BE6E6915BE1213B4BDD00C823D71
:10863000A5F9E33DAB04AB3D75E874BC6990023E1F
:10864000FDC0D53C680992BD41623B3CAC1FBBBD3F
:1086500093713CBE43C859BE255987BD0DFD533D9E
:1086600024805BBD1970963C12C263BD1B0D20BEF9
:1086700083C220BE7175003DB873013E897DA23D65
:10868000C1CA613DA16A34BEF295003DA7CA773CDC
:10869000C5C7A7BC27A21FBD5A49ABBDC34784BDF0
:1086A00020D019BC151DE9BDF1A0193D5FD10DBE4B
:1086B000BBD6DE3C0D36753D6F1283393811FDBBDC
:1086C000931A5ABB577B583C65713FBDB3403BBCC6
:1086D0000BD141BE0EA42BBEB8025ABEEC140BBE89
:1086E0008A01F23D029D69BEDE71AA3DC45B873DF1
:1086F000B821C63CB1A71DBD4A9BAA3D0FEFB93CAE
:108700008D4127BD802CC43C6380A4BD040388BD7B
:10871000FDA199BD904C873B209B643CD734EF3B37
:1087200093AC033DD714C8BC8F17D2BC7D7A8CBDE7
:10873000BABB0E3D5C1EAB3D9E064C3D022806BDFD
:10874000A41860BDE65D7539B188E13C067F3FBD88
:10875000E25CC33B0C95FFBC193DB7BBB0E33F39AE
:1087600060E93CBDD177B73BEEB1343D6F45223D6A
:108770004B0600BCC9E3E93C316134BD27A34A3B49
:10878000F92EA5BB2EE4D1BD67437EBC863BB7BDA9
:1087900058FF67BAE59D83BDF5D600BD89EE593D0A
:1087A000E25BF8BDE679703DEB8EC53C5A9F72BD29
:1087B000BDAC09BD0C3DE2BCB61490BCC345EEBCDB
:1087C00011548D3BA7E993BDDFA8B5BDECA2683C71
:1087D00057ED9A3A6B0E903C5C90ADBC1F671ABA8D
:1087E0006D3A02BD9A44BD3BAA9AA0BC3C4E51BC16
:1087F000A584203DC0922B3CC9C683BC124FF6BC59
:1088000008E7133DECFB303D857AFABB96E917BCCF
:10881000BA4DB8BC5853D9BC81781DBD1F6A1BBD69
:108820005721653C6DABD93CEEB0093DA2B30CBD00
:108830007DCEDD3B8810D7BCAB59E73CA2B3CC3C26
:10884000B1E09EBD11001CBDFB73D13AA224A4BCB3
:10885000CB660EBDF87009BD9F1F063DBD6D26BDE0
:10886000E62494BBC8797FBCECA17DBD37C5633CD1
:108870002A3BFD3AE7C2C83CBCCADABB75C7E2BCBA
:10888000F25F20BDEB3793BDB075A93CB85C7D3C71
:108890000AA3D93C48DD4EBCC57336BC85221D3DBC
:1088A0008B4E163CD1402CBE38BB35BDC68799BD1A
:1088B000FC6E3ABD48C0583EBC2218BE38F561BEB9
:1088C000C1C976BD87E028BE467D92BD768CEBBDE2
:1088D000C2BF88BD369545BE2E0243BE9C3663BBE3
:1088E00048C133BEE81123BC070A5C3E02634DBE9B
:1088F000664F22BE923FB83D388650BE5C74B23C93
:10890000618A32BD095269BE658B24BDCFF6E83C51
:10891000B85BD2BDE78A32BE55517CBD670E493E79
:10892000780C873E6F10AD3E1898053EA511D33DDB
:108930005F0B9A3D9F02B8BE732C6F3C9CDBA4BEBC
:108940008F545FBE9EB741BEBC9179BDDB3496BDEE
:1089500060911F3D081DB4BD1CB542BC5B0A88BEBA
:1089600022AA70BE36759EBC3E963E3D441754BC4E
:10897000A7EC8C3E698EAC3DB37D08BE34F44FBD90
:10898000164B51BD6AF72BBC399C69BEE59701BEF9
:10899000BC572DBD3C4B50BE4DD7B33DB32626BE74
:1089A0005F260A3C8CF3F73D484E56BE15C58BBD7D
:1089B0001F666F3DCCF0DFBD1C2484BD5D15A83C57
:1089C00011395DBE5C7703BE1DE821BC4758D4BC9D
:1089D000A31EA2BCC4B013BE2C7E533DEC6DB33DB0
:1089E000035B853D817A333D4DF4D93D99650FBDDB
:1089F0002574B7BDC30DF83C6535BDBE53CB56BC21
:108A0000F0FAACBDED474ABDB402433D1B7F62BDE9
:108A10007A53113DA1F4A5BDC7D588BEE23A36BE52
:108A2000D0D1AA3B4353963D15C4C03D0EA2053E8E
:108A30000FB52D3DCBF275BDAB070CBDEC6DD3BDB5
:108A4000F6B7C4BDEED0B0BB0917F23CBBB4A13D34
:108A5000D65456BEE4654D3E90C10A3D139BEF3D92
:108A60009D9C113E0FB919BD9ED0ABBD240C433D5A
:108A7000157225BCF2D102BE97757F3B4FCF4BBE1E
:108A8000B2673FBE6EFA03BE59341D3CA4FC243DC0
:108A9000095344BEC494A83DB5A4233C3C4AA5BC9C
:108AA000003620BEE2AFC9BBEA58A53B1539C43C2D
:108AB00074ED4BBD6C779FBE19C5323D8C67503C41
:108AC000CA349A3BFEB7523D2C6519BDD02B1E3DD2
:108AD000A29947BE978C03BEC05A95BD787A25BB34
:108AE0004984C63C3F91873DC64E78BD0806103D7F
:108AF000F94ECC3B5D6CDA3C2B6A70BD5133A43C23
:108B00001E1B01BB15E09B3D84BD893CB9E3ADBD97
:108B1000E333293E8EB20E3E0D33743D202A0DBB49
:108B2000EBC811BC3A1F9E3C31998A3DC0CD62BD55
:108B300027882ABE016CC0BC7D1F1EBE57B138BD40
:108B4000A7CC4DBD50A8A7BCADDA753DE86950BEB5
:108B500093C57D3C471D1DBD847EA6BB147847BED2
:108B60006C937ABEBA2EFCB9D3F62F3BD3F9F0BB87
:108B7000BE8585BE006F013C74EC403E2AE3DF3CBD
:108B80009A93573DA12F3DBDF31C913CF0A65BBDD0
:108B9000C98E0DBC06499F3C1A8825BDB284753D1F
:108BA00087C5A83D2B6B1B3CC9B00ABC1B7F823D0F
:108BB000DDCE3E3D6B9DB8BC6344A23A9D0D393D70
:108BC000A38FF938651D8E3C2270A4BC0BEFB23D1B
:108BD0009ACFD93D0BB8873D3690CEBD912834BC95
:108BE0004697B7BC3DD5A1BC87342ABD952710BE9A
:108BF0001A87FABDE33404BDF0332EBD4277A9BD18
:108C0000D5773EBDF470423D6FD7CBBC4E97453B08
:108C1000B9882FBD2DEA33BEB72A09BD3FC6FCBDBA
:108C20004D10353DE82D9EBCC782C23B9A983EBE92
:108C3000103F3FBD43E5DF3DF1B7BD3C1B48173D4D
:108C4000D61E76BDCD72593B7B4FE5BB4AB4C43DC1
:108C5000506EDBBDD73003BEA01578BEE5D44E3DC7
:108C600085B04A3E725383BDEF3ABBBD9832B0BD6A
:108C7000FA2728BE419EDDBD518755BDA512FEBD18
:108C800011E1BF3D406980BE33897ABDAD2FD2BDB1
:108C9000247D0A3E08001E3ED2C671BEC8950A3E1B
:108CA0009A238BBD84627BBEF695073DD28FE6BDCD
:108CB000E55E80BD5AD6DDBD5C56213E978C23BD56
:108CC00003EE093E336A96BE98F97E3EFCE0A43E70
:108CD0007712C93E77DBC5BD33893ABD6C2233BDFF
:108CE000A31D27BE85B105BE63453DBE9CC19FBD8A
:108CF00099BAAB3C2B178ABD210379BD4FE5D4BD92
:108D0000263960BDE3E2C8BDA75A6BBEF184DEBD63
:108D10006F0ED73B0FB7A3BD6BB6923D4C8DA03EF7
:108D20005FEE433E685997BD663387BB61C644BE5C
:108D300016BE3EBC7C0CD6BC36AEDFBD3E4162BD2D
:108D4000D76A4FBDD7FA023EFB05BBBD212300BE4B
:108D5000A565A43DB2100DBEDFA5F43D9A7ADDBC39
:108D60003C68F6BDFF2353BD5DDD313E583CF5BD8B
:108D7000F12D6CBD1ADC56BDDD265CBC4CE0563DC9
:108D8000062C49BE69739C3D5C38F03D5C1E8B3DF2
:108D90002DCD2D3AD9D178BDF5BD06BA5BCD9ABDA2
:108DA00024D507BED2E2CCBE06495FBD1171F33CAB
:108DB000D0EC3A3C6C7B3B3D16F8CABD5B247DBED3
:108DC0008B18B6BDA60BA1BE618E9EBDA0FD083D51
:108DD00022E010BE467B0C3E9E97EA3DBCAD243E91
:108DE00026E4E3BD77829DBD3BA804BEF0C2B6BDBC
:108DF0000D5270BD662D85BE36945ABDF3CAF5BDC1
:108E0000191FB63EE833303EDEE542BECADCFC3C0C
:108E1000C7BBA33DCD21293CD9066E3DB83DC13C21
:108E2000CE8B03BE93A902BC8E7416BE01C10CBECC
:108E3000C05EE1BCB5360DBDE3C5423C8D97AEBD0D
:108E4000E92CB33C5E48473D8EC9623C08948DBE18
:108E5000183E12BE320355BD8542043D4F79F4BC25
:108E60009FE6ACBE8FC7ACBD0344313EB9A9E1BD9E
:108E700074CE2F3E8A1C62BD59F71FBE4969B6BD2C
:108E8000076249BEEFCAEEBD2EAD86BD392580BD55
:108E9000B29E1A3E88BA8FBC62BBBB3DADC3D13C0B
:108EA000FA7E4ABE1F1038BEA56825BE919AD6BD6F
:108EB000F775A03DA794D7BDA8AC863D10CB763EF4
:108EC00031412D3E0ABC93BC007478BE664C013D16
:108ED0006347633CFDBCE93D2D7811BD3CBE2DBE12
:108EE0002BA49CBD7CB739BEFB0470BEEF7251BE93
:108EF000C45C92BD4B3D8BBCEF03F0BD37A792BC69
:108F0000DF6B88BEDE5765BC57EEC5BD8C2C91BEAD
:108F10008DB8A03DF45186BDF584A53D520CA0BE90
:108F20006362F3BDA9A5493E6BBBA9BD0C22F23D0E
:108F300079CBD5BC2026A1BDB85821BEFE9DCD3D24
:108F40006FB80FBD68EB80BD157265BD7041B63D51
:108F500050E4893DADFB473C75C7823DCFBC4C3EDC
:108F60008FAB11BDD97A06BA1D38E73C3BFE4BBD2D
:108F7000C1ABE53B1A5205BD64751B3E67471A3EFF
:108F80000BF05D3DB8E60EBD74D190BCDFFB9B3CA1
:108F9000DC68003DD0D6A1BDE6B231BE01C0C1BE85
:108FA000172ECBBD3E969EBE6A3449BE7B9F1ABE2D
:108FB0002F4D513D9928023D32AC82BD736382BE74
:108FC0003046C4BE4B768CBD884AE3BD2A8FCE3D69
:108FD000755B22BDAE4A823DEBC68BBE452DCDBD35
:108FE00092EC213ED89A2D3B90C1AA3DD55EC4BCDF
:108FF000D673D2BC1328E23C5A100A3E3F1ACEBCAC
:10900000F241CFBDC72F5CBE3ACFB83D117193BDC1
:1090100080F237BDFCFCF73B3D80C5BD3F7015BEFF
:1090200055BD3CBE916280BBF390E9BD2E3AD93D5F
:109030007AA83DBECDC820BDBC94FABDAE62313D1C
:1090400022501D3E471E58BE87A5893E22C32A3D99
:109050003448C1BD297AA03D1D1EC23A92929E3D60
:10906000527DE7BD7D925B3EC86085BD8274893EBE
:109070004E98E8BE051A8C3DA9A14D3DFD493C3EE8
:10908000C1C7E0BC2C48B3BCA453D7BDAEF45A3D15
:10909000A65FE2BD68AED3BA378DEDBCDDB504BDC9
:1090A0001B68BE3C7EE3CBBD6094C0BDB62E25BE22
:1090B0009D85BDBDCB869DBE8318E8BCEB383EBD0B
:1090C00032203BBE90DC9ABCB4394EBEC367EBBACB
:1090D000B29C843C433921BEF910D4BD9B8D55BD53
:1090E0005D37A5BBDF5078BD88F5863DF52BDDBD2E
:1090F0009FCC2F3EAFE9A1BD0284CFBD5DF9943E68
:10910000CCD4E4BD3E25073ECA33CF3D975297BB32
:10911000B2BB103E79755E3E4AB7A5BC1EFC24BEAC
:109120001806ACBD7EAA8A3C4EEDAC3D6C414FBEEC
:109130007A398C3DDBC2733DD525633CACC7DDBDC0
:10914000DEAC413D596BA8BCE01200BD3B552EBEC4
:109150002CF431BE4A4563BD74ECA0BD33526FBCE4
:10916000AA2BFF3D2BA2E63DC05F7CBE3E5A9CBDB4
:1091700013D26ABE50A9B2BD7FD9FD3DC00995BECC
:109180004C6C7E3DB7ED8BBE9E5C033EF59DFF3D76
:10919000621038BE11C8E5BD6B819DBEC5E6E33CDB
:1091A00081E9D4BDF563B3BD82E1DCBCB458823E35
:1091B00013F1D63D0D1A0ABE158C4A3DAA80FBBCA0
:1091C0001285B6BD8598CB3D0E2D92BD05FD053DA2
:1091D000FAB8963D6BD649BEFA0927BE50563CBE3A
:1091E000BD3AC7B87D2425BD0AF74ABB9CF955BCDA
:1091F000CAA99D3C941282BCA4DFBE3C6C5F00BE39
:1092000016A32E3CBE114DBE34BFBA3DCDCD8FBE90
:10921000C13A0E3D465EF63D5A2A0FBEB6B9A13E92
:109220008DD5463E34DB55BE4CE1C1BC8FC275BC0A
:10923000E25952BE3BC52ABC6E3480BDF167383D51
:10924000FA290EBDD175813D1B2BF13D61DD78BD45
:10925000EC898EBDCE71DEBE695325BE265731BB6B
:109260005FECBD3C00581DBEE5265A3E7EE31B3E2A
:10927000F5BD863BB98D26BE56D20A3C0918BDBD48
:109280004C18AD3D70253BBDD8288BBD08AE02BE45
:10929000DC7F9CBE9DA03DBE9E277EBE93FD733DA0
:1092A0007EA99FBC4E25833DF2B45CBE37C2CABEC8
:1092B0004A6073BDED832C3D23D75DBE137C533DC7
:1092C0008E9518BEED28AE3DDB155ABEED0CD33C95
:1092D00036AB0E3ED82C67BECD76553E5CE333BD33
:1092E000E31633BD4F94843C7E70BE3D6A3128BE88
:1092F00031EB45BC0648B43C8A3F4A3DD1AF2D3DD9
:10930000897AC13C72E1E03D959BC83DAFB236BC65
:10931000A56825BEA373FE3C5CCCCF3C24B9FC3CC5
:10932000C11A57BE1C42053EF222D33DB000263D75
:1093300032746CBD63F2A63D03CDE7BC80D7E73C39
:109340005FD46E3D3C3226BE103CDEBE8B8C4EBEE2
:1093500066A2D0BE9DD67DBE9144AF3CF0E0273DD5
:10936000FD2D813D795868BD9E3FF5BEB9AB1FBF4D
:109370007C42963D73D53CBEDAC61F3B0D3675BDAB
:1093800005A8C93D564904BE87FBC83C56D4003EDB
:10939000626A0BBD514ED43DC8CE5BBD244439BD7D
:1093A000967800BD611AE63D5C55D63D8E21A0BD84
:1093B0002E04D9BDBB62863D0F0C60BEAF97A63AA6
:1093C0007C0F973C9F21FCBDD350A3BA83C383BEBF
:1093D0004E61253D2670ABBD2FFA4A3DE23A86BD6F
:1093E000BF27D6BDDCBB06BEE5B728BD656F893E8D
:1093F000118BB8BD0454803EB20DDC3D765009BCE3
:1094000037393C3D170D593D2E0283BD2D970DBCBC
:1094100059C16F3DF39114BDBC3E533E3EB2B1BE47
:109420006E33953C7A5311BD5DA365BBAA9AA03CEF
:109430004C33BD3D30F39DBD25E8AFBD751E95BDD8
:109440004606F93D29262FBD620F8DBDC311243E6E
:109450000EBCBABDA9C1F4BDCDC94BBEE46939BDCE
:109460008943F6BDF374AEBA829197BCCE3647BE3F
:1094700044A7873D9F939EBE9065A1BD745F0EBEBD
:10948000A5660FBE8F17523C52D386BE164D173EAF
:1094900016165C3CD923143D06681BBD88F75C3D5D
:1094A000895EA63DA0C62DBEB939D53ED72F38BEA0
:1094B0005C8EB73DFC6DCF3C539601BEDCF03BBDEE
:1094C000BF7F733DF9113FBD012F733D2F15FBBDCC
:1094D000A9DD2FBCA566EF3D1B9DB3BDF65D91BD1B
:1094E000F1BC54BE43AC6EBE2A90993DBBB4E1BD05
:1094F0005342303D0D369DBECD5C20BD41114B3DEC
:10950000D5920EBD5858D03D1008943DFF0582B944
:1095100041299A3D0F7E52BE813F7C3CAA27333DB4
:10952000E42F3DBEE3DD213E89235FBECC0D86BD29
:10953000424139BE65E080BC4DA0C8BD7E8DA4BC53
:10954000E4A2DABC8AAD90BEE8821A3E791FC7BD9C
:10955000A6EECABC3F546ABE488C4E3ECAC3E23D2A
:10956000505125BE618ABA3ECDAFA63DE125F8BD7A
:1095700089D1433E17EF073D4A4137BC202962BDE0
:10958000153879BEC53AD53C3AAD83BE91600A3EE6
:109590002237C3BDBABB4E3D25916DBE197600BFC3
:1095A000999EA8BE79AE5F3EBE6B80BE3D61493DCF
:1095B0002AE4C2BEE0F634BE022CD2BDE179893D78
:1095C00083DD303ED00C62BE016E663E81B0D33C7E
:1095D000E2C92E3D82FF2DBBCFF83E3E2194C7BE8F
:1095E0002B14193E9CC3B53CC4E8F9BDFFE7D0BDC0
:1095F000F6D3BFBD1D1EC23C3BC7C03D317D8FBDF4
:1096000058569ABD3D0AD7BDB761D4BD60CC163C53
:10961000CC5EB6BE97AA243E213EB03DD11EEFBD22
:10962000B799CABDD1C9523DBB287ABE4BC9523E7B
:10963000F99DC63D4E634BBED55B83BEFEB80DBFE4
:109640002578C3BC2ECB97BDA5D92C3E579327BEFA
:10965000AE47E13CBD70A7BDB2111CBF4ED0BEBE2F
:109660001AA3653E365672BEC1C8CB3CBBB7E2BD3D
:109670009D2E0BBDAC39C03C08CA6D3DE3FFCE3D0D
:10968000375331BE0C22023E29208DBDDFDDCA3C9E
:10969000C85CB9BDC633E83D17BBDDBEF225D43D7D
:1096A000AD6E753DB3EF2ABE691A143D22C30ABEE2
:1096B0006478EC3C759403BCC9E53FBD954737BD64
:1096C000AC3AABBC89EBF8BD20EF553DB45BD3BEE3
:1096D0001F86F63D1A6BFF3CF1630C3D34F710BB5F
:1096E0004CAA963D37DE2DBE06A0013EC5FE923D3A
:1096F000A417B5BCCE89B5BE535E17BF4BB1C3BD71
:109700008753E6BBA2D3033E59DD6ABD685CB83C13
:109710003FFE123D0212F5BEFA2A39BF8179A83DFB
:1097200024436EBE147B283D9F030B3DB7F167BDFC
:10973000D3DEE03CACADD83CD0EC9A3D1B65DDBD42
:10974000FE63E13D01C3923D18B410395F0D50BD79
:10975000D07D993D41B7973D581E64BD614FBB3DDB
:10976000F224693CCB11B2BDE4DB7B3DE144F4BDA6
:109770002A1DCC3D7A53B13D5B0C1E3D84F0A83DC3
:10978000304CA63C234AFB3C90DD453D40DE2B3C63
:1097900025CE8ABBDB4FC63A9F5887BD58AAEBBD82
:1097A000A1655D3CD28B8ABEDB8566BD7BD7003E62
:1097B0001138123D13D6C63C1EFE1A3CBC5B593E06
:1097C0002786E4BCFFEC87BDC426D23D40F93B3C74
:1097D00010C9D0BD33C471BECF1585BDE773CEBDF2
:1097E000EF5701BD093884BCFF4154BE1096D1BD6E
:1097F0004AF086BB043712BE14920CBD96EA12BE24
:10980000EA59F0BD26AA373C99F04BBDA2983CBD61
:109810002E59153E1FBB8BBDEA92D13D0B7EBB3D41
:10982000BC3E53BE4E7FF6BC6A5034BE39B3DD3DFC
:1098300024F0473D98A2DC3C9912A93D48DC83BD49
:109840004BCBA83DBA4B62BB33C25BBD51BF8B3C17
:109850004701223AF8FA8ABE8B89CD3C884C793D83
:10986000FB90BFBE2AC50EBE4F03863DCE1B673D93
:10987000B70B0D3ED0803A3D7025FB3D728C24BD68
:1098800065DF953D1134063E01151EBE869249BE28
:1098900012D977BEE737ECBDE882CABEA1806D3C25
:1098A000C1AC103D39459FBE1C29BBBD946DC03D68
:1098B000A0176EBB79EA91BB97C469BE753A503D5B
:1098C000B30C313D5EF6EB3C3FE1ECBB1557F53D8B
:1098D000C72F7CBD5C57EC3D6CEB673DEF55ABBDD6
:1098E000DEE8C3BDA6812FBE5DA3E53A5B95C4BC8F
:1098F000535E2B3D3AAD5B3D5FCE8CBDD427493ED8
:10990000F7CC1238D84AE83B91D2EC3CBD8CC23D32
:109910006397C8BE195671BD7557363DE294D9BEDE
:109920007C63E8BDBC94BABCD2C4BBBCC7D9143EEE
:10993000EC4D0CBD8CBBE13D425D24BC9C35F83C3C
:109940007F86773D514DA1BE91D585BE369096BE9E
:1099500022175CBE25B3C2BE90A4643D2827DA3D21
:1099600014E99EBEE43098BDE82E093D5E9E8E3D12
:10997000DFA8953D72A7ACBE77DB85BB40502E3D7E
:10998000E2AB9D3D0C3CB7BDE4F4B53DFCDE263DAD
:109990003C50273EC0089A3D3F1D8FBD4F3EFDBD48
:1099A00061FEAABDD9B3673DB83C56BB3F532F3DBE
:1099B000FCAAFC3DDEE30CBD93533B3E6805063D2F
:1099C00003D0C8BDA1A13F3D39F2C03D7E18C1BE44
:1099D00033A31FBDF6D3FFBD0F48C2BE6AD99ABDDF
:1099E000E620E83CD7A641BEBC5B993D4E9C1C3DA1
:1099F00044A4A63D2C288C3C9D2C953D6F9BA9BB77
:109A00003CBEADBE8E9227BE3A5D86BE7025ABBE13
:109A1000ADBF9DBEECDB09BD9434DF3D645DDCBDB4
:109A2000CBBECBBDB4CC823D779EB83D938AA63DDC
:109A3000A6F1C3BEF706BF3DFCDFB13D39F1D53B12
:109A4000EBABB3BE95B9D93D90877EBD9CFD513E31
:109A50001A16C33D323D21BEC11A57BED1224BBE9C
:109A6000328E913BDC82A53B60E4E53CE292133E02
:109A7000378A8C3DE128B93D2383BC3DE719DBBD26
:109A80008A3B9E3D240E993DADA1D4BEDB365CBE23
:109A90003C8461BE7EE4A6BE4CA8E0BCAEF1D93DDC
:109AA00025799EBE895DFB3D6744C93D61AAD93DCC
:109AB000F65E1C3E239ECC3D3315A2BD8FFE37BE05
:109AC0005E475CBD8D608BBE386B88BE94DA83BE0A
:109AD000878B5C3C6479173E855B9EBDBF9A83BDD6
:109AE0004C8A1F3EFA09E73DDF6C733D14779CBE3C
:109AF0006C93CA3D5401F7BB6859773D5F7C11BF39
:109B0000C592123EDFC29ABD878645BB711DA3BDBB
:109B1000CC29A1BD64937CBDFC385ABD2BF6973C83
:109B2000FEB938BE08ABF1BD86AFAF3D473D443D01
:109B30000EF3A53D2882B83C48179BBCF8E20BBC4D
:109B40009337C03C986ED2BD8961073D6138B73DFF
:109B5000E014F6BDADDD96BD5FB3FC3D50531B3E3A
:109B6000EA94C73D091B9E3DAE64E73D72FB65BCB0
:109B70001BBB04BD0168F43DF4C132BD7DD0D3BD33
:109B8000CD787BBE57B118BEC9551CBE0613FFBCAD
:109B90002D95373D8CF8EEBDE97EEEBDC367EB3DFC
:109BA000E17A14BEFDF8CBBCEC8407BE68CD0F3C57
:109BB000ACC6923C505175BCF9BC223D2730DD3D0E
:109BC0007DECAE3CC619433B5FD3833C3C8732BD42
:109BD000AFB5F7BC908237BECF328B3C6E680ABE01
:109BE000983290BD23DB793DC15348BC52B59D3DB1
:109BF000F46A00BCF94DE13C548FB4BC9DF3D3BC76
:109C0000A04FA4BD27A3CABA7E53B83D23869DBDED
:109C100086919EBDCEA9243D8350FE3DE980A43DA2
:109C2000DB86513DF511F83DEEB174BC3E5A1CBDCA
:109C30007D1FCE3D7BA150BE3672BDBDC3D747BE92
:109C40006FD39F3C134934BE71003D3D4B76AC3D14
:109C5000D40C09BECBD850BD7670303D252307BE4D
:109C6000A0C211BD61701DBEAFB236BCA968ACBC4C
:109C700048A4EDBC919A363DA7B19D3DA2983C3CCD
:109C8000B937BF3C164F7D3DDEAA6BBAED0CD3BC95
:109C900052D34EBED61FE13C6A1412BDA5DAA73CD2
:109CA000FA0B3D3D7DE717BDBF0BDB3D116D47BC9A
:109CB000A661F8BBE4A3C5BCA96CD83C785E4ABEDB
:109CC0004DF4F9BB45BA5F3D591406BE166E99BDF9
:109CD0000D72573D5644CD3C12F7F83D5340DABC67
:109CE000A7026E3C043B7EBC8C1109BD0000803D88
:109CF000C00694BE9C1541BE297624BE6C7B7BBDFC
:109D00001B7FA2BB4CC3703D2A6F073DDAE1EFBD5C
:109D10005F9676BD5C938E3D65566F3ABC037C3D85
:109D2000895D9BBD397EA83CE15D2E3D1BD6143D6F
:109D3000E0BB0DBDC05F8C3DC98E8DBB0DFF893D65
:109D4000B4CA4C3DE6EBB2BCAF7A00BEBCCADABDC9
:109D5000C974683C8412E63C1E8BED3C8010893D42
:109D6000B95425BD0799143ECF1179BCEFAD28BE7B
:109D70000B62203DEB383E3D9BE241BEA30392BA0D
:109D8000A54A143C8E599EBE153B1A3D73D6673DBD
:109D9000C2BF08BED61D4B3D0DA9223C7EA91F3C6B
:109DA00089EE193D0281CE3B8B719EBDB7B4DABD01
:109DB0005891D1BDDA7090BE0F0DCBBDA7EA9EBC05
:109DC000AE2A7BBD7E39333D4C8CC5BD9C6E593C63
:109DD0004390833CDE1E843D103B533DBC7A05BE60
:109DE0005453123CD42CD03C3882143D819543BD51
:109DF000537B013E4B9217BEE6CF973DB1FAE33D50
:109E000056B7BABDB6BB9FBE8507ADBD67800B3DDB
:109E1000E928073D938F9D3D8FC5F63D3CD9CD3C4C
:109E200093A7CC3D7380203D52D138BE465FC13DE3
:109E3000069E3B3D81E869BE554F06BE005471BE8B
:109E40004E0AABBE30BA3C3C5FD0E23D2EE792BE3C
:109E50002236983D2D799C3D09A56F3D1DADAA3D4B
:109E60007F84A13DB395F7BD3B1C1DBD7F86D7BD4B
:109E7000028186BEAA0E91BEFF978BBDE541BABD99
:109E8000B75F9E3D1492ECBD664E57BD7D75953D06
:109E9000787F3C3D9B91813D5CE4DEBD5A2D003EC8
:109EA000611C1CBD1902503E1B48A7BE2EE3E63DB7
:109EB0008B8A78BD1CB457BD0EF666BEC5031ABEAC
:109EC000473D44BE31CF4A3D5C393BBDC68B05BEE4
:109ED0006C424ABEEE7A193EFE47E63DDAAA843D60
:109EE0002522DCBD42D051BC354495BD0C03163B48
:109EF000863D6D3C261CBABDFDDD2BBE59A5D43D6B
:109F00002596D4BD9607393E0BD3573E1212893D94
:109F1000B18A373D2AC58E3B234B563E8C835BBEB0
:109F2000F660123D3D28A8BCC24D06BD809BA5BD74
:109F30004D2CF0BCE0F486BEDC2FFFBD7BF8323D3B
:109F400069FE18BC04206EBDD89F043D9626253AB4
:109F500085CF36BEEF8FF7BB26C6F23D71E54CBE0E
:109F6000DECB9D3DE55E603D2426A83DCD1D3DBD7B
:109F70003733FABC25CADEBCDCA1C1BDED6646BEE6
:109F80000150A5BDC18FAABD37DE5DBDACAC2DBEF5
:109F900006BE223D6346383D83C0AA3DCC9B43BDEF
:109FA000A4FF65BD452921BD1DE94CBD6E1930BD1D
:109FB000CC07843CD07D79BDB188A13DD0D07FBD98
:109FC00055A6D83D016E063ED8F3D53DB5FE1638F0
:109FD00032AD4DBDBC92C43D8C1515BE7977643D44
:109FE0006E32AABD1A6B3FBDC4211BBD7C48783DB3
:109FF000F794DCBDDA394DBCC0E8F23C5649A4BD4B
:10A000000839EF3C54E53B3DE90F4DBC040047BD2A
:10A0100052D6CFBD7E8D843D1F2D4EBD88BCE53B05
:10A02000A8A78F3ADBC4493DC72EB1BDFE81D2BD82
:10A0300012117EBC13BA2BBE4B0600BE6D200DBEA6
:10A04000341201BE83DCC53CD2AC2C3D581DB93C5A
:10A05000A2D549BCA69C2F3EF7B182BCE944823C04
:10A0600029B2D63C9AB594BDD10595BD4A977E3D9F
:10A0700036061DBBE1270EBD464386BD508EA23D70
:10A08000145F8D3DF4C3083EF44D1A3C73848CBDBF
:10A0900013F4173DBFF082BE2B163FBDB30A1BBDA4
:10A0A000A67D03BEAC1D45BCA930D63D8509233D28
:10A0B000ECC1643D0F81633D80F382BD4F94043D4C
:10A0C0001041D53C91D016BCD907193D1AA5CBBD7E
:10A0D0006FF4B1BCA0FF1E3D3EB40FBC7214A0BD16
:10A0E00094C1513D8A3DB4BC6077DABDD482973DBE
:10A0F0002C0C51BDFFCA4ABD05FD45BD29CF1CBE74
:10A100003B6F633D36ABDE3D3C66203C13B69FBCE7
:10A1100003962C3E37FFAFBC7CEE14BE276AE9BC29
:10A1200084F4143D64CFFEBDCCB3B23D7AE14EBDA4
:10A13000193D37BE213DE5BD05DC033E24D0E0BD21
:10A14000A186CF3D2905BDBD1EFC44BE399B8EBCFA
:10A150009E2548BE36CADABDB2BBC0BCBF47BDBD36
:10A160005985CDBDA0C0BB3DF5BA853DAF7C16BDC0
:10A17000B3D1793D295E65BD4CFBE63BB4213FBDC3
:10A18000780EE5BC7BF6FC3D1A4D6EBDE929323DEB
:10A190004BE88E3D185B883C55155ABD9E618A3D43
:10A1A000E41528BE99811ABE145BA13D2D0BA63C77
:10A1B00059526EBDC3D7F73DDE1C8EBD467BBC3AFF
:10A1C0006001CC3D2F86223EF12DAC3D42D227BD11
:10A1D0002DD06EBB41F4BCBE8BFA14BE5CE3F33DE4
:10A1E000E52A16BD6E8AC7BC4418BFBD1DE994BEE2
:10A1F00013F417BEE679703E522780BE90DBCF3D48
:10A20000166B78BE63454DBE7EA99FBD18240DBE5A
:10A21000F7910BBE5699693D378C02BDD4F168BEEB
:10A22000DAE7D1BD73F64E3D9945E8BD16F9D53D47
:10A230006E8A473DF5F53CBD0FEF09BEF0302DBEEF
:10A24000D2732B3EBF9E2F3DDDD10F3E4D48CB3DFF
:10A25000F086043E8F36EEBD36AC69BD4B0555BD6C
:10A260005039263DA8387EBE191C45BEE481C8BEC3
:10A27000ECF744BC747C94BD3737263D75AFBBBE4C
:10A2800024B69B3D95D2033E906A18BD460AC53D53
:10A29000A795423DF0A39A3C0954BFBD59315C3D9E
:10A2A000645ABBBDB3ECE9BD0FD03D3E17D8833D2A
:10A2B000AFD23D3E4ED4923E51D805BD68CF853DCC
:10A2C000DC2B33BE603E093E09FA5BBE07ED95BD4F
:10A2D000F1F2F4BD008B7CBD84B787BC63EDAF3D6C
:10A2E000F6B473BE029E343BB47425BEAE7FD73D38
:10A2F000C920F7BCCBDA26BDDC0E4D3D4F961ABE09
:10A30000B1FC993D8109DC3D9A7D86BEDEABD63D30
:10A31000D76B3ABDFDA4DABD32E6EEBD2BFBAE3AFB
:10A32000857719BE63D3CABD3EEC65BEADDEA1BD67
:10A330007F3206BD4E97453D40DC05BEBA9E283DA6
:10A34000A643A73C074187BD3238AABD4774CFBB9F
:10A35000E02B3A3CD7BD55BD857AFA3AE0B9773A59
:10A3600096B076BD38BBB53DCCB8A9BC8CBF4D3ED0
:10A3700077311D3E08C817BDE06506BC0FB82EBB7F
:10A38000B7D5EC3DBBF2B9BD91B7BCBDC93D9DBDD4
:10A390001EFD2FBD54FF203D6ADD163EEF3920BE65
:10A3A000A0A400BDDCF291BB3E249CBD1441DC3D69
:10A3B0005F7C513CC6DCB53CDA57DE3D3909253CB3
:10A3C0003C126F3D89EC03BB59DE153D27335EBC63
:10A3D000F2B602BE5568E0BDF3E41A3DE65C4A3DC4
:10A3E000B96C04BE93A7CCBDE1468ABD75B0FEBC76
:10A3F00049D5B63D9206373CCB83F4BB190496BDD4
:10A40000A6994EBE630B01BE707D98BD4EB5163D3C
:10A4100056D460BD50C337BA23BB523C728A8EBC3F
:10A420003B52FD3C8D0826BE26A7163E5D6C9A3D2C
:10A43000317CA4BDD1CA9DBDC8CEDB3CBB438A3DA7
:10A44000A18223BE3DEF46BE1F4D753D16DB34BED7
:10A450004DA3493DE739423E33164D3D33311D3D55
:10A46000A261F13D8FC576BD967B113EFB5881BD43
:10A47000185A5D3DB24BB43D6FA0C0BCE44D3EBD2B
:10A480005474A43DA88E153D18247DBDDE3A1FBE30
:10A49000276CDFBDA27DAC3A1895F43DA93076BD9E
:10A4A000C8D237BED2AB81BCB47530BD75E8743D3F
:10A4B000ED0DDE3DD0F1D1BB89D349BD07253CBEB2
:10A4C000D690F8BDAB24D2BDDFFDF1BB8BF9B9BC92
:10A4D00001184FBA89786B3C376F1C3C7AFBB3BDCF
:10A4E000B972D6BDDF6F843EEF1E30BE5A7EE0BD2E
:10A4F0005DDF07BEA2D248BD451142BE5661D3BD45
:10A500006F4708BE8C31103EC0ECBEBDD0F1513C4F
:10A510005226253E4774CF3D9EF012BD4836273E59
:10A520008A7314BD4293243E98189BBEB35D21BC30
:10A530008ECCA33DE998733BA0A4C03BE17AB43D27
:10A5400097AC8A3AD05F68BD3848A8BD94F907BE79
:10A55000FBAE883CA48DA33D2F6E133EBDC2C2BD91
:10A560001CB7B83D828D6BBCD89D2EBD938C0C3E24
:10A570003752D63DCE5292BD365943BEA9839CBDBB
:10A5800038692ABE492B2EBEE09FB23DE1D35C3D27
:10A590001CCFC7BD6B7FE7BC3E5C62BE68CEFABD18
:10A5A0009A60B83ED1CF54BED3F5A4BD768B60BEC1
:10A5B000193AF6BCA801A3BE52B5DDBCCD7645BDA7
:10A5C0008EADE73D9966DABDD81147BE771512BD4D
:10A5D000AF5A393EA27CC1BD29B14B3E2B14E9BC18
:10A5E0004D10953DE5254FBE66DD3FBE651A2D3EFB
:10A5F0007EFEFB3D0DC1713DA3C9C53D3CDD29BEBD
:10A60000EE0817BEFFCE8EBE7C28D13C3926AB3D6E
:10A610003B7244BE2D229ABE89B12CBE2B500BBD7D
:10A6200052495DBD08E4923DDCBA4BBE1CD1BD3D34
:10A63000AE634C3E759398BE2843453E1AFB923D4F
:10A64000CFA0E13DED6282BEFE5F253EB37ED3BD6D
:10A65000B20F82BE3B52953EF416AFBD2C7ED33D69
:10A66000A037A53EAA9945BE1EDEB33D8B504CBE19
:10A67000639A993E4C8BFABDFF95153C31D075BE5F
:10A680002DEB0EBE19AFB93D68B3923ECBF576BE49
:10A69000AF3E9E3D35D18FBEB876023EEA97C8BD2B
:10A6A000FD8734BE92B12A3E73D5BCBC8120C03C2C
:10A6B000D6C5ED3CA9F6A9BD40A3F43D4D82B7BD7A
:10A6C00085E9ABBE1442E7BD1494623D84BD19BE5A
:10A6D0001F485EBE3FA750BEABEC3BBD103DE9BD81
:10A6E00035B7023E70D086BED5087D3D9E60FF3CEA
:10A6F000200C8CBEA7966DBDC68A9ABD38F501BBED
:10A700003FAA81BDBDC6AE3D0AD8AEBD0135B5BDBF
:10A71000795B393ED89CE3BDA320983D6F465D3EF2
:10A72000554F66BE87F902BEDE201A3D8786553E2C
:10A7300072FB85BD91D131BEDF1B03BD9A7ABDBDD1
:10A740002A01413E0AD9793E9C8B2FBEAA7DBA3C94
:10A750003885953B3351043C0CCA343D8F8DE0BDA8
:10A76000B2F6073EB7F0BC3DB77CA43DD1AEC23DCA
:10A770009ACDC33DB5153BBDFC8D06BE2B34A0BEA6
:10A780008F514EBEEDD73D3EB9E02CBE813FFCBCA3
:10A79000FD6C84BEE7C2C8BC5FB512BE340F203E5C
:10A7A0008DCF24BEA8C34A3D99F572BE2C63B3BEBB
:10A7B00006668DBE280DF5BDF7587A3A03EFC43D05
:10A7C000DBC1A83DF1BABEBD40F705BEA54AF43DC8
:10A7D000BAC045BE669F473DBA9F033E04E4B3BE80
:10A7E000EB8E25BEEC18D73D1AA28A3D066645BD04
:10A7F000E3FE63BE6BBA4E3E9FAC80BE71585A3EBC
:10A80000CA1A8D3E2C829FBDD74C9E3DBF7C623EB6
:10A81000A7EA1EBD357D263EC7BC5EBE5E9E4E3D90
:10A820004BCADD3DD5962A3EE5F22FBEE2031B3E24
:10A8300071031EBECEDE29BE5B7A94BEF81B3DBE00
:10A84000D8283B3ECCED6EBE6612753D29200DBE6C
:10A85000548F343D22C23FBC8B8D393DC6A2E9BC2A
:10A86000965CA53DD02A93BE348699BEE8F973BEA6
:10A87000BFEE34BDBABE4FBD4511923D92080D3DAD
:10A88000C3D7B7BD6AC0E0BD8046E9BCDA723EBE40
:10A8900020456D3E534145BEE7FC54BEDFDC3FBE64
:10A8A000957C1C3E4B3A5ABE501DAB3B0EF626BD66
:10A8B0002AFF8A3EB0E585BEA801433E0D36853E9F
:10A8C000CE1C923CD105F53CF0337E3EB1860B3B6D
:10A8D000FF23333E38692ABE882C12BD6002373E02
:10A8E000E929523E7958E8BDB9FD123E2D9361BE6B
:10A8F000F12F42BE56EF70BED996E1BD5187253E7D
:10A9000034850EBE145E023E279F1EBDA740E6BCE6
:10A9100009C641BD88D51FBE47E6913DF530B43D1F
:10A920003D44ABBEF0368FBD0F9784BE82E548BD77
:10A93000FD4C9DBD255D333D959DBE3DB18821BE3D
:10A940000D509ABC9C34ADBD1FF226BEB30C313EF7
:10A95000F66022BE234930BE0E10ACBDD1AD973E8D
:10A960002FF88CBE9C6ED93D8D9C05BDE223223E06
:10A97000846411BEF6CEE8BDD732993C6150863D65
:10A98000A489F73CB4E4C13E082283BEFEED723ECA
:10A9900000AD29BEA2ED38BEA245963DAFB5F73D4C
:10A9A0007AA5AC3CC827343E1AC417BE8A561EBED0
:10A9B000D50752BDA86F99BD56D4803D9F94493D9F
:10A9C0004431D9BD528068BE6841A8BCA2F18C3E1A
:10A9D0003BFD10BE7ADF28BE85CE2BBD5C73A73D44
:10A9E00095464CBE0B7FC63D797308BE28F096BED7
:10A9F000490FE3BD2BBDB63CB2BB403D52F0143E07
:10AA00009D1220BEA5675ABECFF8BE3A371BAB3C9D
:10AA100012BCA1BD05DC73BBD236FEBCBC3E33BD4F
:10AA2000562B9BBE516A0F3E473A233E6F9B29BA75
:10AA30003CDD39BDF85363BCC5024F3E967A863E75
:10AA400012BD4C3D4EEFE23C912CC0BDBC9535BED5
:10AA5000815E28BEB24853BE8B89CDBDA5315A3D1B
:10AA6000C26901BEA4A6BDBD7DB2823DBDFB63BD72
:10AA70007EA7E9BD2289DE3CD7D910BD59F73FBE7C
:10AA8000B2BE01BC8BFF3BBD4FEB463E16A32EBDB5
:10AA9000696FF0BCEA24BBBD16FC963D242969BD54
:10AAA00079B0E53D896187BCAF5D5ABB65722ABD4F
:10AAB000793E83BD79AF1ABDADDFEC3DE65909BEE5
:10AAC000396007BE27F8263CF25EB53B85CF16BD40
:10AAD000B130C43C78970B3CDAE646BBCE381DBE9D
:10AAE0007C293C3EE700C1BCC7D79EBC72511DBE4D
:10AAF000D02B1EBC57EE453E3C313B3EED29B93CC8
:10AB000072F824BC2CD7DBBDF3AC44BEB98BF0BDCE
:10AB1000301024BEAC3835BEB62F803DF62606BEBA
:10AB200090BDBEBD7711263CAF24F9BCE6CC96BDE6
:10AB3000EA9407BD2B1554BD508F4DBEB939B53DB4
:10AB4000516B9ABCA6B81A3E20632E3D21210ABD46
:10AB5000855BBEBCB35CF63DC845B53A624E003E6F
:10AB60004AB21E3ED0B51F3EE886863D021112BE97
:10AB7000AB5D133D33194E3D39B814BE45F01FBED1
:10AB8000952D12BED36AE8BD4777503D4981C53D3A
:10AB90009A44BDB9E23C9CB93143A3BDDEB0CD3D82
:10ABA000056D32BE021102BE710534BEC89926BDC4
:10ABB000A0DEAC3D4CDD953DCDC90B3B3E5B073D7A
:10ABC000F81636BE7BD966BEC93E083D846712BE04
:10ABD00096EA12BE9C3297BD4F963ABE132C0E3D9C
:10ABE000DE1E04B9C43FEC3CE49FD9BD0360BCBD8C
:10ABF0006E3094BDD6028BBEFBAEC83D14B2F33BA3
:10AC0000D4D4323DFC5580BC4B9352BDFED38DBD98
:10AC1000B08CCD3D309E413D63B6A43DEA5EC73D5C
:10AC20006CEABC3D97C4993D19A947BEC0CF383DD9
:10AC300015E1A6BC9109B8BD1EA778BE5B3FDDBD7E
:10AC4000B66A27BEB0AD5F3DCD57093D2F19C7BBD2
:10AC5000EB01F3BC2C48D33DEB6FE93DCFF38FBE46
:10AC6000C6140CBE38A130BEC4B0C3BDC2122FBEC4
:10AC700028B6023DB87577BD300DE3BD577A6DBD7E
:10AC8000319A05BECE8D093E011764BD1F0FFDBD73
:10AC9000BA6587BB3FFF9DBD1C23B93DFA47BF3D49
:10ACA000F1D84F3C600237BE2B6A70BEF2990CBEE1
:10ACB000938D8FBE5645083E011679BD770F98BE1D
:10ACC0000745733BC5E3A2BB1BD694BEB16E9CBDCA
:10ACD000ECF8CF3D2DD06E3D9D68273E1A4D3E3E8F
:10ACE000282D5C3D0BCF2BBEE10A683DB934FE3CFC
:10ACF000143EFBBDBFD38CBEF087BFBD11E3F5BDD5
:10AD000088D51FBD95BB4F3C47E6913CD09A9FBC70
:10AD10006F0D1C3E703E153E04AF66BE6DAE1A3C14
:10AD2000E6E8D1BDF64116BC92E69FBEEB727ABE54
:10AD30001FF3C1BD555091BE36B005BEEFE6C9BD8B
:10AD4000F6D32F3E792032BB1BBB34BED60120BECA
:10AD5000A3E6ABBD8E791D3E1492CC3C4E09A8BD36
:10AD6000F06B243D08C817BD68EB80BD22FF4CBCCA
:10AD70003ACB8CBDD3F970BB2BA3013EA6D3BA3D11
:10AD8000997E093D1269BBBDAF93BABDA439F2BD2E
:10AD90008A73943D681F0BBE6C05CDBDA0C0DBBDA2
:10ADA000A3C8DA3C5567353CD175813DFC1853BECC
:10ADB000F087FFBD06F6183BEFE5DEBDD6C6D8BD71
:10ADC000698F97BD9F3A06BE04CB11BDF12E17BD0A
:10ADD000B891B23D304B3B3D836C193DA7B0D2BC1E
:10ADE00030F5933D58926C3E0FD1A83DC18D943CF7
:10ADF000EBFC83BE207CC8BDDDEB24BDA3B1963D3A
:10AE0000CF83DB3D5D6CFABDFD66A23DD40FEA3C0D
:10AE100012DEFEBD91455A3D8ACA06BC71CCB2BD58
:10AE200028607BBD142200BE5512D93D3C12AF3CB8
:10AE300000AE64BDEFC6023C037D823D7426AD3D8D
:10AE4000C87E163DCB69EFBD09E1513CAABAA73DCA
:10AE5000414515BDCFA48D3D821E2ABDC7F058BD0A
:10AE60009B0384BDF71F99BD6EA547BE8509233C92
:10AE70005D173EBD11FEC5BC572591BD795D3FBD37
:10AE8000098D803DFE2C96BC608F493D427B753D0F
:10AE9000871483BCB70DA33B19574CBE562A283CD8
:10AEA0002D95B73D5A828CBBB0381C3C5D323EBEFE
:10AEB0000150C5BD5260413D53B29C3C5E67833D2D
:10AEC0008E5730BE809D9BBBECC1643DD507923C44
:10AED0008A00673DDB8A3DBD266E95BDEC3006BE1F
:10AEE00043702CBED31657BBADF8863DDB4DF0BC8E
:10AEF00039D5DA3CC3D842BD3D80053D1C7960BDE3
:10AF00003CF79E3CAD84EE3CBB28DA3D41B717BB15
:10AF10001EA7C83D5918A2BC5F0B3A3DA20C553D77
:10AF200054C4C9BD728838BDF38D08BEE62494BDF3
:10AF300016F80ABD40F7653B8E3F213E36574D3C23
:10AF40005395B63A5E9E4E3C0A4C273D795B09BE4E
:10AF5000B01FA2BD58AD8CBDCFA277BD8923EF3DF8
:10AF600013D3853A2BC1E23B83FB813D9EEEBCBCF3
:10AF7000D31617BDFE0D9A3D0267A9BCC45BA7BDE1
:10AF80001E5121BD4CFF52BD9AEF603C12DD333D96
:10AF9000D7C3173C97037DBD481B07BEE0852DBE78
:10AFA000FC71FBBC5854C43DDBC4493CDD9432BD4C
:10AFB0005A9E47BD564ACF3B8B6B7CBDF0DFBCBB76
:10AFC000A69B44BA31EABA3D74CECF3D446DBB3D39
:10AFD00039D4EFBB81CB833D84D8593D0A9EC2BC96
:10AFE000EE93A3B9030659BEC47CD9BD6C21E8BD5C
:10AFF000A48BCDBC7653CA3C643DB53B24F2BDBDA9
:10B000008BC4A43D4E9B913D904926BEFAF117BCDE
:10B01000268CE63C736831BED21DA4BDABCF55BDB6
:10B0200019C6DDBC645B863D1EA5923D5B27CEBD87
:10B030005A0D093ED635BABDE3509FBD25B184BD3A
:10B040009E9875BDEFFEB83D4C54AF3DCB67393D82
:10B05000B30B16BE4FB12ABE4B8F36BEF90F293D3A
:10B060009949B43D508EC2BDABE9C2BE3602313DF6
:10B0700082540ABC9B0259BD1895B4BD3CBEDD3D4F
:10B08000C633683D8EEA143EB1A8E83DA75CC13DD9
:10B090008CBA563D50A8873DC6C3BB3DE8F43CBCC6
:10B0A00080B81BBEFE43BABDC0ED09BD5DFD18BD35
:10B0B000647927BE1C7B763B7CEE8CBE87DC1C3E15
:10B0C000F817E13DEB1AADBD2995F03C4FCAA43C01
:10B0D0006B44B03CD6AC8BBE1F6584BEA050AFBDE8
:10B0E000F437E1BD386619BECEE225BEFAB8163E89
:10B0F0009BE3DCBB672B2FBE5DE0D2BD5B9584BDBF
:10B10000F470523E0744783EB40429BEF701C83CAF
:10B110000894EDBDF66022BE21E8683DA3B1963DDE
:10B120007F138ABD63273CBD365A8E3DA4C3133EB0
:10B13000B5E100BE4771B6BE61C13DBDF52DF33C22
:10B14000ED2AC4BDD89F843D62DB82BD8EAC0CBEAF
:10B15000D23AEABD71CC923D69527ABEF65D11BD1C
:10B16000B003E7BD31950EBEC826B9BD9C8AF4BDBB
:10B170009ACDC33D43AA98BE85793F3EC7A13E3DC7
:10B1800094DD4C3B67B7163D57263CBD315C9DBCFA
:10B1900092CFEB3DBF7CB2BBE546913D13EE75BE51
:10B1A00037C58BBE8A8FCF3D310A023CFA7B093E00
:10B1B000527CFCBC2C47C839A7CDD83DA776C6BD6C
:10B1C000F8C6103D3CBC67BC511127BD76C075BDAB
:10B1D000C2A3EDBD2464C03D05C3B93C2995F03B35
:10B1E0005D6A84BD2BDB07BB8942AB3D30487A3BAF
:10B1F000E2CC1FBE4B919C3DDE8FDB3CEA40563DCE
:10B2000021ADD13DC47AA3BB22A905BD130CA7BDB6
:10B2100024EDE6BDCDE942BE4B92E7BC8978EBBB9D
:10B22000552FBF3CEA04B43C00E1833D5358A9BA12
:10B23000C234CCBDDD9AB43D5C548B3AFB75A73C5F
:10B24000E7AAB9BD04591FBE6EE0EEBD7DAE363D26
:10B25000BB44F5BB73F478BC5C38D0BD062E0FBD83
:10B26000D1CD1E3EC898BBBB92CA943D0F9C13BE65
:10B27000B8CBDEBD03ED8E3DCDADD0BD5F27353DF6
:10B28000575F9D3DCAE1F3BD2FF8D4BD813ED1BDCE
:10B29000DF70DF3D1749BBBCFE5FF53C44FAED3C77
:10B2A0002B139EBD0AA3193D300F99BC38DC07BD96
:10B2B000A4C298BD4FC9D93DA1A1BF3DA740863DBD
:10B2C000077852BD847E26BC49F347BCC03D6FBEA3
:10B2D0001B0D20BD4B5A71BD3BC52ABCBD34A53DDD
:10B2E0008048BF3CB491AB3D4F3E7DBDC861B0BD11
:10B2F000179C813D3EEA2FBC21CEA3BD280EC0BDC8
:10B30000BADC00BE950F013D8063CF3B66105FBD88
:10B310005CC90E3CC91C4BBD713B74BD85CF063E5C
:10B32000EACA273D80600E3C2C4A39BEC00529BEC2
:10B33000CB47923D5CACA8BDD1CE493E4628B63B3A
:10B3400005FA44BEB8E60EBDEC13E0BD6F2B9D3D83
:10B35000679C063B802BD93CCF68EB3D8C2C99BD7C
:10B36000C1C695BD0A9DD73C426065BBC0D0A3BC99
:10B37000942EBD3DCDCCCC3DCBF3C03DEBC6BBBC8C
:10B38000F5A10B3D334EC33DDD7897BD558506BD18
:10B390000BEB16BED5B1EABDE0B9773BCCEDDEBC18
:10B3A0003734653DF46EECBDE965F4BD2BF82D3DF9
:10B3B000EE23B73C4A7B43BD5F264ABDAAD3813CFE
:10B3C00008228BBD9C5173BD67D7BD3C6EBEB13D9D
:10B3D000C0D0A3BDDCF37C3C2F19C7BBCAE2DE3D65
:10B3E000340EB5BDBABD04BE30BDFDBD4206723CD3
:10B3F00057B00D3BB8231C3E4051593B94343FBEDF
:10B400006C231EBBE09CB1BDFFB21B3E49BDA73CF7
:10B41000CCCF7DBE8C4D6B3DAB2086BDB1328ABE9C
:10B42000F773CA3DFD69233D33A9613DC806B23DAE
:10B4300026703B3EB11A1B3EF6ED24BDF5BED13D54
:10B44000611B713D2BC0373D357D76BD7974E3BD01
:10B45000558601BE6D5427BE382CCDBD02BC25BE1D
:10B46000180A28BEC8099BBE12C2633D34D7093EE4
:10B47000ADBD4F3D7428833DA5168ABD07ED55BC73
:10B4800076536ABE62312A3D3468683CDDCE3EBCEC
:10B4900041D78EBEEBE301BE8A3D143E0DDE17BDE3
:10B4A000CD5769BE72FE16BEFCAA9CBDBB48113EBC
:10B4B000C18F2A3E8944E13D5534563C65C415BED2
:10B4C00075AFD3BD8BC3193DD7FA823DB169A5BA1B
:10B4D000A64412BE14AF72BD6B0FDB3D9F778BBECF
:10B4E000A6D124BE9A771C3EF96706BDDEE4B7BD3F
:10B4F00050E09DBD3E7B1E3E1EC486BEA260463C03
:10B50000BBD0DC3DEB902BBE34F2F9BCF7CD0DBEC9
:10B51000BCB336BED8BB0F3E94A14ABEC7291A3E63
:10B52000DF197DBEF7CCD23D9C1AC8BDADF7FB3DFF
:10B53000284355BDF0BFB53D66A323BEA7785C3D4B
:10B540006A33EEBDDE1FAF3DE3C35CBEB5C3BFBD16
:10B550002579AE3D08C942BD43019B3DF67B62BEE5
:10B560001476F1BD01A7F73D04E73CBEB85CFD3B96
:10B57000726DE83DCA3244BC79CE96BC5FD298BDAC
:10B58000C05D763CFE7F9CBC2BA652BC5B28F9BDFF
:10B590009DB947BD20D22F3DC6F830BD64AD213DD9
:10B5A0006876FD3D467B9CBD357EE1BC914344BC45
:10B5B000520E263D18EEDCBDE2AE5E3DD0F026BD5B
:10B5C0000A690D3CB26624BD5A83F7BCA1DAE03D9E
:10B5D0007174B53DE7A64DBBBF624D3D8A04D33CB7
:10B5E0008CBD173D7505DBBDBC3D483D3717FFBC25
:10B5F00091B8A7BD5B0BB3BD6A2F223D1761AABDF1
:10B60000EA59B03DF2B567BDA229BBBC4B77573DA7
:10B61000C1E2B0BDBB26A43D6EA29EBEA0350FBE4A
:10B62000130B9C3D56D23ABE20270CBD9B57953D2F
:10B63000CC28F6BDAC1B8F3D6A4FC9BDAC57113C41
:10B64000D044D8BC35D03CBD1900AA3BF04EDEBD7D
:10B6500009C3003C96AFCBBC2766BD3A5C73073D7F
:10B660001C6026BD69C44C3D4D2E863DCD9155BD17
:10B67000D3878EBD8DB6AABC715AD0BD98C36EBC9F
:10B68000CC28163CBF2881BD3ECF9F3DB58A3E3DAC
:10B690007F69513D100292BD19A9773CFA41DD3C0A
:10B6A0005A9C51BEE690D43C7D5CBBBDD7D950BD01
:10B6B000CD76E53D49BBD1BCDA56B33B44F7CC3D32
:10B6C000F164D7BDAF3F49BD064CA03D3B014D3DA8
:10B6D00045F215BB2C7D28BED99681BC410F353C67
:10B6E000B22D33BE23A2B83D1E3691BC26FC52BEFD
:10B6F000FA9AC53D2B8A17BD9AED0A3DAEF45ABBA6
:10B70000B58A0EBE2AC58E3DAD1703BEDFDE35BE3F
:10B71000726A27BDE14474BC5037B0BD0F99323D09
:10B72000C6E0A13DD8D8853D60E726BC3E249CBD3F
:10B73000D25364BB3B8EBFBDE962D3BBA359F9BDF5
:10B74000328FFCBDE2AC08BDFEEF08BC7C269B3D01
:10B7500071AB60BDA565243D7AFCDEBCEACFBEBD01
:10B76000A1F7A63D7AC222BEE107673D72F8E43D2B
:10B7700000585DBD7190103D753B0B3EFD4CBDBB4F
:10B78000ECBFCEBCA302A7BCC3F3123DCFF703BEF0
:10B79000957D37BEF644573C9B1E94BD9C4D073D9E
:10B7A0008DEEE03DA06FB3BEA19D03BECF31E03D65
:10B7B000255CE8BDE1615A3D390D21BE16F80ABE8F
:10B7C000C5900C3E916466BE310CC8BE4DDB7F3D1A
:10B7D0001F84803B0D36F5BD13D3C5BDB0C6D93D22
:10B7E00028F1D93D2EC9813CDEAAEBBB753CE63C75
:10B7F000DAAC3ABD213CDA3B48C53F3D03EEF9BC2B
:10B800000113D8BDBD7295BEBFF220BEF3AA0EBD16
:10B81000EBE1CB3CEC2E50BD17F45EBCD5920E3E56
:10B820003E065BBE7D9667BD3E25073E22A624BE32
:10B8300072870D3E986A063EB16E9CBD5391AABDBB
:10B84000DA3777BD84F1933DB9C627BD1D1EC2BD51
:10B850002463B5BC14CDC3BD3F3AB53D89081F3E36
:10B860008AABCA3DEE93233C8C6750BD6A6A193D92
:10B870007AA9583B0B7A6F3D5B40083E8F1D94BE02
:10B88000444CA93D7DEC2EBD535984BE4B5CC7BAD8
:10B890008EEA143EDD94D23D8236793DD76B2ABEC6
:10B8A000FD316D3D593217BE4D4CD73DC6868E3D9C
:10B8B0000AA133BE16BEBEBBBCE906BE30F157BE00
:10B8C000BBB6973D0FB7ABBEC7BCCE3D2F367DBED6
:10B8D0000FED233DF206C0BE6842033E4297B0BD65
:10B8E00068AE933D817A13BEC311243CC40B82BD64
:10B8F00025EA853D344B823D2594DE3D5FCFD73D23
:10B90000F79351BE67F1E23CB18B62BEDE3A9FBD58
:10B9100038682F3D3E4122BE728B39BE6329523DAD
:10B9200017F2A8BD34A0DEBB2176A6BBFA9724BDD2
:10B93000376F1C3BF6CF133DF86C3DBEE23CBC3D7F
:10B94000F04FA9BB868E1DBE8E90413D7C0A803C87
:10B95000268D113D88669EBBC91EE1BDD36AC83CD9
:10B96000C6F8D0BD7979BA3D85EFBD3DB074BE3C17
:10B97000D55BA33DD12346BDDD3F963DBB5F053D75
:10B98000AA281EBE26C5473C0ABA3D3D511513BD27
:10B99000494864BED943FB3A89EBD8BD530739BD4A
:10B9A00026E1423DB43EE5BB3E5DDDBCDE3A3F3DB7
:10B9B000880E013EEAB4AE3D1AA84C3D362052BE78
:10B9C0008E032F3C1F2D2EBE6FD5F5BCA741D13B5A
:10B9D00085954ABD470037BD39B95F3CC32C74BD5E
:10B9E000438C57BCAC3C01BBA242D5BD677F60BD58
:10B9F00022FB203D2443CEBD9580983B2B689ABD09
:10BA00007A72EDBDC520B03CEE60C43BB16CE6BBC4
:10BA10008FC2753B1B4897BDBE16F43B2C0CD1BDA5
:10BA20004A26A73C42CE9B3DCDE5463DD95A9F3D97
:10BA30005F9B8DBDED11EA3CD236FEBBA3E6ABBBEE
:10BA400077A08EBDF4A7AD3DA111ECBC5A2F06BD69
:10BA5000F3E75BBCCC40E5BDF646AD3A9A25813DA7
:10BA60003814DEBD30BBA73D9D139B3D1938203DEA
:10BA70007BA3063EDD97B33CB0E294BDD8BBBFBC10
:10BA80001DAC0FBE18EB1BBDC269C1BD6E15443D98
:10BA90005930713D4641703C55155A3D3F71003D4E
:10BAA0003A5D26BE422182BD38F727BE0801B9BDE6
:10BAB000562A283B0EA4EBBD8F8C65BEE46AC4BD3C
:10BAC000D5EC81BCC39D8B3C5E83BEBBE2E995BCDB
:10BAD00006B98BBB0A9F8DBD4A5EFDBDE9D1143D01
:10BAE00018CFA03D2CF2AB3D2843B53D771186BD64
:10BAF000999B6F3D151DC93C8350DEBC1C09B4BC2D
:10BB0000C7806C3DB51751BD66148BBD35EF983DB0
:10BB10002FF99F3B12878C3D6CCDB63DEA962DBE2A
:10BB200076389A3D12A2BC3D0F0E76BC79793A3D2B
:10BB3000D9ECC83CA67B9D3CF9DB9EBD333549BDA5
:10BB40001EF903BCD6AAFDBD80B6D53D1CD2A8B94E
:10BB5000573E7BBE8846373E1425313E4E8089BE17
:10BB60002D05A43C560CAFBE655574BE40BE043CCA
:10BB70008D41AFBEC74A2CBE32E6AE3DB13450BE99
:10BB80003C3000BC37DF98BE67F3383D1A860FBCE7
:10BB9000B5A3B8BDF0DF3C3D062AC33D5F7B66BE62
:10BBA0008200193E24ED263E10CDBC3CF7578F3C59
:10BBB000D4D53DBEB60F79BE46CEE23DD026273E57
:10BBC000F10D65BE6F8059BDDFC2FA3D4512BDBDA6
:10BBD0006284F03B5B43193EA3CE6CBE4D83123EA4
:10BBE0000802343E94677EBEAE2B063EDDB4593D5E
:10BBF000BB430A3D471FF3BD76AA3C3D1F813F3D35
:10BC0000BAA3FFBCBEDCA73C3E5D1DBD649211BC67
:10BC10009EB55BBD5D350F3D0CB2853DEE25CDBDBE
:10BC2000C1C50ABDE465EDBD55A6183E73A1923DA0
:10BC3000683F923D225253BDD099D43DC3F43DBCE0
:10BC40006684773D417F21BC9F034B3C952CA7BD6B
:10BC500002F506BEE65AB43B7DB1373D041DCDBDAD
:10BC6000083B55BECADD873DA837A33D0B43A4BDA5
:10BC700071C6B03D4E7CB53C1762D53D2D0BE6BD7F
:10BC8000C18FEA3DEB8F90BDCA5095BC8A904ABEE9
:10BC9000A75C81BDC289E8BDA94CB13DBD3AC7BB17
:10BCA00034BA833BB840023CD526CEBDDD0675BD17
:10BCB0006C9560BD7BDA41BE573D20BDF376043CF8
:10BCC0004B5BDC3C19CB74BCD84511BD5D6E10BE1E
:10BCD0004356373C13628E3DA2638FBE39F1153D4A
:10BCE000096D89BEE675C43DB742583DF22815BBC3
:10BCF00064EA2EBB6399DE3DDEC927BDA7058F3DF3
:10BD000026E2AD3CFED7F93DF757AFBD416489BE91
:10BD1000EA4141BDC53AD53CC5AEEDBC336BA1BED1
:10BD2000B4C74B3D452DCDBCF9D6873C2499D53DB4
:10BD30002C9A0EBD79034C3DA1142DBCCBF2B53D20
:10BD400007D1FABDBE2F2EBD674875BEEE9539BD31
:10BD50005B9687BE5D6BEF3C92239DBC6478ECBC28
:10BD6000C90351BDD6AB483CC559513D240B18BC45
:10BD7000EE5BCDBDB058433C4512BD3B1D5AE43C83
:10BD80001EA7E83CD848923C5F9A32BE0AF8353D7F
:10BD9000A393853D0CB09FBE3C31AB3DA29B4DBEF5
:10BDA000390AF03DF19B423DBDC3ED3BAFB537BD18
:10BDB00071FF513D08C8973C82C60C3DB56B423DB2
:10BDC00040F69A3D601ED2BD4640A5BE774E333C3C
:10BDD000E580FD3D06D932BB20D37ABE007583BD18
:10BDE000247CEFBD937277BCC4EE7B3DD74F7FBC04
:10BDF0007E375D3C58556F3DEC500D3E3D448BBE4B
:10BE00006D8E73BEB1A7D5BE0B9B21BE075F48BE2A
:10BE100050A73C3D93FEDE3CE048203D9817E0BD36
:10BE200090A0783CEC6A323DC1551E3C05351CBEE5
:10BE30003BC82B3DD751553C5D88553DF73A193EDF
:10BE4000FFEB5C3C42941FBE0D194F3DF7E58C3D66
:10BE50005DFB72BE938A463DA29626BE137CB33D1F
:10BE60001BD5E93C25CD1F3D77137CBDC0AE263DDB
:10BE700091B8073D965DB0BCA378153D5EF4553D85
:10BE80006E3400BC4F96D2BED5EDEC3C062B4E3D39
:10BE90004F91A3BD0ADBCFBD45B7FEBD1A4F44BECF
:10BEA000AC56263DBB7B003DA2D5493CE8BF873C54
:10BEB000D784743D6022FE3D37FD89BE209A19BEAD
:10BEC000422285BE359971BEC4228EBEDDB2833D4D
:10BED0008C14CA3B00C7BEBD172881BE6C97963D27
:10BEE0004850FC3C54C33E3DF87174BE7250423B16
:10BEF0000B99AB3CB3B6C93D0FF0143E9B1BF33D11
:10BF00000CCD55BEA18584BCF9691C3DDC7F64BEA7
:10BF10007992F43D0168F4BD952906BE95BA643D59
:10BF2000B20FB23CB54E5CBDC5AD823C9CFA003D43
:10BF3000FA09273DBA12A13D3277AD3D2C0DFC3BED
:10BF4000BB0C97BE1E162A3D0DA5763DBBB732BE73
:10BF50008BE01FBEEB8C2FBE3A9376BE5F09E43DAB
:10BF6000A434BB3D26E3183D87F8073D807D743D32
:10BF7000207F093E74CE4FBEB686B2BDB01F72BEE2
:10BF80007EA90FBEB5C660BEA1470C3CAB048B3D7D
:10BF90000ABF94BE22A8C2BE425B0E3D8B87973D6E
:10BFA0000F64BD3CEAEA96BEBEA0853B69360F3CF5
:10BFB0002CF4013EE756483D397F533D37C5E3BB7E
:10BFC0003620A23DCEA9A4BD635E073E3C3256BDDD
:10BFD0004C1A23BDC3B9A63DD76D103D200D37BE09
:10BFE0005454FD3B2FA4033EB9343E3D836BCE3DFC
:10BFF000AF40743C4D2D5BBD7C28D1BBF6B3D83C23
:10C000000B2AAA3CE50D703D12A4D23D335405BE67
:10C010005950F83D30BABC3D556A76390BF1C8BD70
:10C02000651ACDBDCE4FD13DEB1F74BE9527903C18
:10C030000229F1BDA0A616BC5A9B16BE1FD786BD0D
:10C04000A5BE1CBE8882593D94DBF63CB45BCB3B5D
:10C0500049140A3E9580183B86E7A5BD3733DABD03
:10C060004C8DF0BD873595BC25ADF8BC9E08E2BB74
:10C070004EB78CBDD63B5CBC7AE18EBDCF867C3C96
:10C0800068256DBD834C323DFE62363BB1A4BCBD1C
:10C090007C63483DE42C6CBCDF5098BDCBD50F3D94
:10C0A0009D465A3D734BAB3C6133C03CE12623BCFB
:10C0B00040DD803D5935E8BDB64CC63D5265983DE2
:10C0C0000552E23CE998B33D67D75DBE516A8F3DAA
:10C0D000D6195F3D0322043DEE3DDCBCF243A5BC16
:10C0E0004E7BCA3D753AD0BD86018B3D1D3E91BE4B
:10C0F0009011103DA32018BE05F939BE3A9045BEF7
:10C10000A6EECABBAA99B53BEC6D333E486CF7BCB2
:10C11000A1BD7ABBC5034A3DF83487BD6D1D5C3DAA
:10C1200011FDDA3B7BA3D6BD952B9C3D37FD593DD8
:10C130004626E0BC38F5E1BD902EB6BC9F76383D72
:10C14000488707BB0473943D88D90BBEA438173EBB
:10C15000BDE2A9BD8C144ABCFB200BBDBB9D3D3D7F
:10C16000FB5B423D2BDB47BD088F763DB8ADAD3D57
:10C17000A94B16BEDB32203E29CFBCBB4F78893D90
:10C1800015AB063E3AE63CBE65532EBA473ECFBDE0
:10C190001BB8833C596EE93C605688BD9FC8133B71
:10C1A0007D06D4BCE71BD13DC74989BE471FD3BD1F
:10C1B000D8F16FBE7E8F4ABEE9F321BE7AFD893D7C
:10C1C00040DAFFBA75C7A23D85CEAB3DFAEDEBBABA
:10C1D000DAE4B03D44198ABDAB96D43DA6D5103CF7
:10C1E00050538BBDE86BB63D75740C3E9357E7BC5E
:10C1F000041B37BEE62068BD1424363CB6BA9C3B0F
:10C2000095BAA43DDD5DE7BD83F68A3DDB140FBC26
:10C210001841E3BDF78F45BDCAFC233DF54CCF3D2A
:10C220006CEE28BD1D5AE43C1B2ED23D42403E3BE5
:10C230007024503C33DD6B3CF4867B3D1CB2413DA9
:10C240004BC912BE72C4DABC317D3FBEE5B9BE3CFB
:10C250003CA3ADBC11A8BEBDDF166CBD48F9C93CFE
:10C260003A1F0E3E7F2F8DBEF0FA1CBEFDFA81BE36
:10C270004F9424BE25070CBE6325E6BC826F9ABC92
:10C28000F73B543DD94165BD8A8E643C4DBA6D3D46
:10C2900073A087BC78B7323C76FD02BC30F5F3BCA6
:10C2A00057EC1F3EA643173E47E5C63DE8DE53BEAA
:10C2B0000A9E02BDEF1DB5BD573DE0BC8A741F3E0E
:10C2C00043731DBC9F8E07BE4F3BFCBCFF3FAEBD02
:10C2D00022FBA0BCF27B9BBBC8401E3CE7E31ABD1F
:10C2E000001E013E4565133ECE179B3D9E5EA9BCD8
:10C2F00093C492BC492DD43D9A9743BCBB2B3BBC05
:10C300001BD86A3D06808ABEC383A63D1C25EFBDAF
:10C310001F10E83C4A62C9BC971B0C3EC53D163E47
:10C3200033DD0BBEF4F9A8BDB83CB6BE317CC4BC4D
:10C33000828D4BBE508DF7BD732A99BDD5CA44BDC1
:10C340002BFACBBE3E5971BDC9E7B53DFCFB8CBD98
:10C35000B0743EBD5797533DA186EFBD745C1D3E42
:10C36000AB24F23D36932FBD0B0D04BDF5A0503E1E
:10C37000014E5FBE4D14813DDF4F0DBEB709F73B47
:10C38000F2EB073C05A673BE0F0DCBBDEC4CC13DD7
:10C39000E04880BD3E7AE3BD78B732BC5B276E3D96
:10C3A000BBECD7BCB516E6BD7F87A23D6A69EE3C03
:10C3B00016C22A3D14D1CF3D44DF5DBC4431993DC6
:10C3C0005D15E83D4DA193BDEB7480BD36B005BE53
:10C3D000ACFFB33D0D1A82BE546F4D3DDC12393BAC
:10C3E0003CDB633D91B8A73D295A29BE2D5D11BEA6
:10C3F000C4ED50BD0132F43C3411763DB9C7623E04
:10C400001762453E634181BDD2C310BE8BAA5FBD9A
:10C410006BD7843D6957E1BD5247C7BC601F5DBD06
:10C42000E36CBABDF75BFBBDC4AFD83DCC09BABD68
:10C4300084F0C83D5DE11DBDC3BC073D4F025BBD3F
:10C44000BE1674BEB75D18BEE4A3A53D284616BB54
:10C45000E3350FBE4B7531BE3604873D2D3EA53DFD
:10C460006151F1BD99F00B3EEDB706BECA51803B5C
:10C47000C364CA3D6EDA0C3D88A02A3DC8D15CBDBC
:10C480008BFAA4BD9016A73D66A343BE3EE7EE3CE3
:10C490004566EEBD0455233CF94EACBDF2EA9C3C2A
:10C4A00052439BBC728A4EBE959EA9BD971E0DBD80
:10C4B000272F923D8E59963D4F79D43D8BFEB03D4E
:10C4C00018CF003E94C22CBE4293043E5E12873DBC
:10C4D00016BE0EBE4776253D293EBE3D4C3523BED9
:10C4E000E78B85BE8CBF0D3E3B6EF8BC33FAD13D69
:10C4F00029CC9B3D1E4E603D4E7B8A3D7DE60CBEA9
:10C500007BD906BE2862913D8FFCC13B7EE1153C84
:10C5100023A280BE03B48D3DE547BC3D5C71B1BD37
:10C52000EC31613E683D5CBE29CC7BBD698D813DAF
:10C530001F6A1BBE92CA54BDDCB845BEAB5EFE3C52
:10C540006495D23CA30613BE2FF91F3B121700BE01
:10C55000130DB23DC6DCD5BD3E0435BE573E8BBD86
:10C56000E6B05BBEEA7A32BE921F713C7044973DE2
:10C570006346D83D5B5F643DB680B03DA1A3D53D29
:10C580002BC2ADBDF035143E0F9BC8BC750470BD09
:10C5900072516D3D054E463E30BB27BED3DEB8BE60
:10C5A000A5F3813D537850BCE4F3CA3D76389A3DFB
:10C5B0007845903D772EEC3D90F9003AD105D5BDF8
:10C5C000A7058F3D2F8A9E3C274B2DBCD5CB6FBE38
:10C5D000A20D00BDB48E8A3DE8A5823D7026463E80
:10C5E0003B8B2EBEA304BDBD6C9475BC41B9CDBDC3
:10C5F000603A6DBD2A538CBEF59C74BC4910AE3BAD
:10C60000143D00BE9F5A7DBD802B19BD6117053EAC
:10C61000753FA7BD3962CDBD4E7A5FBDAB3D8CBDC8
:10C62000E04800BE0647A93DC3633FBD7A1AF03D0E
:10C63000A62AEDBC376FDCBD97E1DF3D419FA8BD69
:10C640008B6BBC3DBE33DABC2EC9A1BD48899D3D74
:10C65000E833103EE06566BEEAECE4BD04E8373D31
:10C66000A2B4B73C5C39FB3D0745F33C60910F3EFB
:10C67000890CAB3D3EEA2FBD105984BD27DCCB3D74
:10C68000DC2E343D5B0707BD1C2474BE5E2E223DAC
:10C69000861CBB3D6A693E3E3D0B023EE09DFCBDF3
:10C6A0004D0F0ABD7AE3A4BADAC69F3A6C43A53DA2
:10C6B000346547BEB88F9CBD11FDA2BED36767BE6F
:10C6C000D26FA7BEBE4C243E33C2BB3D0801F9BDAC
:10C6D0004AF0C6BD3F00A1BEB18776BC4B914CBEAF
:10C6E000D8B8DE3DD9B367BD166BF83D151D81BEC8
:10C6F000E0DB84BE1E18403DCF320B3D9DF3D33CA2
:10C70000BFB9BF3BA27C31BE1C96263EB1531C3E36
:10C710004E5F8FBDE3A8DCBD5A2C053E48507C3CE3
:10C72000897D323E88BE1BBEDD5B11BEAA0A4DBDAF
:10C73000A74151BE1F0E52BD2998413E1E54C23D15
:10C74000CDE74CBE3BAC503E9E422E3DA6BA003DCE
:10C750000B9A26BE3CF6F33D919A763DDBDF99BD00
:10C760002E733A3BBA6ADE3DA03840BD064CE03D30
:10C770008E3BC5BD37AAD33CA54D05BE6CEDFD3C37
:10C78000D1E7A3BB65C6FBBDA46C113D0ABE393E13
:10C79000BCCC103E471EC8BD0ED960BE349DBD3D09
:10C7A0001B0ECBBC66DBE93CBABAA33DFF756E3D00
:10C7B000BF60B7BCB6300BBE87FD1EBC3F8FD1BC7F
:10C7C000F64427BE83FC2CBE9BFF97BD16FBABBD7A
:10C7D000C4242CBEDFC1CF3DA16AF4BBE355263E85
:10C7E000F6462DBB1C99473DFBCD04BD61A58ABE15
:10C7F00038C01CBED95ABF3DC4279DBBB29FC5BC23
:10C80000616BB63D9C30613D253B163EE9B75FBE8E
:10C81000772F373EB27FFE3D8AE48BBDE82D9EBC6C
:10C8200091D4E23D702686BD420A2EBE705EBCBD2C
:10C830005298073EE36DE5BDF1453B3D27C030BB57
:10C84000ED8211BE8FE387BCA032DE3D62812F3CBA
:10C850002BDC42BEBB6236BE460B903DB4CACC3C1C
:10C8600058AA8B3CC631923C641E393DE7DF2E3E10
:10C870005DDF07BE3145D93D57B3CEBD86CBEABD9E
:10C88000532334BEEE05E63C1FBA20BD3B191CBE47
:10C89000E1D2313D906797BD232D653EBBF16E3BE4
:10C8A000C5AAC13DD6E514B9B6693CBE29EA0CBE9D
:10C8B0005DC32C3E9B04EFBC52D5A43D5CAC283C30
:10C8C0005B091D3D1286313EEA09ABBDBD1A503EE3
:10C8D0002BFC993CF5BE11BE695335BD390F873D20
:10C8E0008787D0BDD5CE40BEDDCEBEBB29B3E13DEE
:10C8F00029E7ABBD66DC543B8ACCDCBD666791BDE5
:10C9000054C7CABD75B04EBE6281AFBB5304D8BD1B
:10C910006EBE61BE60E69B3DD042823C16859D3D69
:10C92000650028BDD09B8ABCA06B2F3E070AFCBDCA
:10C93000CA8A013E0344B1BE528193BC8C1525BE08
:10C940003DF2E73DE6E9DC3C516C15BEECA1FD3C57
:10C95000D49A26BDC9E64A3E9F0476BDE352553DB2
:10C960004700973DD6195FBC33A515BEFF5B193E46
:10C97000679AD0BD4451603D1900AABC09E0A63DAC
:10C980008BA9043E7EE1953DCA89663EEDEF6C3D84
:10C99000946869BE22714FBDB4C7EB3D0EF4D0BDA3
:10C9A00043AB33BEFC5540BD9D9F62BC30662BBE81
:10C9B0009B012EBD802828BE3C1706BD1CEEA3BDE2
:10C9C00007D182BE0267A9BDFF4124BD514B13BEF2
:10C9D00054C37E3DB51967BD1BD5A93D446F01BE4B
:10C9E000309C8BBD5324DF3D094F283DB8C9E83D3D
:10C9F0006AA22FBE1C07DE3CED4815BED8491D3E7D
:10CA000060AD82BE8D25ACBC5B5D0E3E29D0E7BD1E
:10CA1000FEB4413E2BDC22BEC5C8923D5B61BABD6F
:10CA200040F65ABE581D29BEFE9D0D3E145D07BE40
:10CA300015E4673DB97183BEFEBA533DEA25C63C95
:10CA40003960673E3FC63C3E003A2C3E98C03DBE32
:10CA50004018B83DE2CD6A3E8FE1713DA37429BE16
:10CA6000FD9F43BECD1EC8BD17D3ACBD0FEF393DF2
:10CA7000EE5EEEBDA88AE9BDD107CB3C7977E4BD77
:10CA8000D6E69FBE035C503DF773AABD0A9FED3DFD
:10CA90008524B33BC2F73EBDE7371CBE618A923D99
:10CAA0006211033DC2DEC43C71399EBD23F4F3BD67
:10CAB000E19B86BD4983DBBB8786853D38F541BD5B
:10CAC000126B31BD8368AD3DC13838BC821FD53A89
:10CAD0009373E2BDC9AF3FBE8C65FABDA9C174BEF8
:10CAE000B09049BE178046BD20ED4F3E8DD526BD86
:10CAF00086CBBA3EB516163E1BF445BEE78F49BE3F
:10CB000076C24B3DF982363E9A78473DEB54393E2A
:10CB1000DB4D403E16318CBD3D99BF3DC957E2BD4E
:10CB20008F5374BD83A384BDB664653E514F1F3DD2
:10CB300067B65BBEF8C38F3D124FD63D77DBA53D90
:10CB4000F838D33C44DB91BD34A1C93D09C0BFBC1A
:10CB50001FA09B3D75C80DBD533F3FBEC977C9BDE2
:10CB6000304905BE9562C7BC36E700BE3B8E9FBD0F
:10CB7000C4B14EBE6EDDADBDA54D15BDCDC8603D89
:10CB8000018AB13D583809BD2F35E23D62484EBD9E
:10CB9000E9B8BABD92742DBE0DC432BE0ABB18BE30
:10CBA000A6B9F53D82E1FC3DEDB8E1BCCB4B4E3E74
:10CBB000321CCF3C5F97213D2D0B36BEBB2B6B3E0D
:10CBC000255D333E543707BE4721593EFEF15E3E98
:10CBD000BE2F4EBE0D39B6BC06D631BDF94C763DE2
:10CBE000DCD5ABBA2026C13D9A089BBCE0A158BE5B
:10CBF0004164113D8E765CBBC7D5A83DB0381C3C66
:10CC0000A0323EBE700A8B3D9A24163BB37BB23DE8
:10CC1000E94442BD8CD6D1BDE36D753E931C30BE58
:10CC20000630453E284498BE854204BD5E9C88BEC1
:10CC3000437533BDF2D2CDBC4EB48B3DB30B063D34
:10CC4000BF9A83BC179B163E0DA5B6BD69015A3D20
:10CC5000DFBF69BE0E8830BE073FF1BD7AC8443ED3
:10CC6000D76D103D6DAD8F3DDC0DA23D38A3663C08
:10CC7000F8FB053EFB3BFBBD7CB7193E5A495B3ECA
:10CC800047200EBEF019193E91ED2C3EB1E01EBEBC
:10CC9000846617BDAE9DA8BC4FE8F53DB001513D7F
:10CCA000A400B13D7653CABCDF6C33BE57B00DBE95
:10CCB0007863B1BE96E7813DFD13DC3C95B886BE36
:10CCC00034D5033E94BD253B7A6D763DE50A2FBDF4
:10CCD000323935BD17D65D3EB7ECB0BD4DA0083E2C
:10CCE0001EC17DBE76A47A3D700980BEEE93233DC1
:10CCF000D1B1033CFA0E3E3EB683913DE2009ABDAF
:10CD00006132753EA45016BD8DB8003E670F94BECB
:10CD10006135F6BDDF5349BE6136113E8B7013BDE0
:10CD200016F84A3D5325CA3BE5F0493DE0BB4DBCF2
:10CD30007365D0BC3B37AD3D4161303E4FEB36BEF5
:10CD40006688C33D8F17123E950E56BEB4E451BEA1
:10CD500057B34EBD0F26A5BD226F39BD3DD2803DD4
:10CD6000750004BDAC0245BE51DC31BD7DE69CBE04
:10CD7000BC1F97BD5610033E1F674ABEA1BBA43D12
:10CD8000A0FBF23CF67A77BD7CB5233DFC70103CED
:10CD9000E02A2F3EA4FD0FBD9CF88A3D2C7D68BC87
:10CDA000B16CA63D42403EBE03085F3D8E221BBED5
:10CDB00088691F3D1A170E3E9ACD13BEBBF0833C07
:10CDC0001FA0FBBD89D25EBA9B7691BE2FFBA5BE8C
:10CDD00039295CBE1C0ABF3DF889A3BD3C2D2F3EFE
:10CDE0009F2217BE8A00373E018AF1BDDA56333DD5
:10CDF000CB4C893D35970B3EBD8A3CBE164FFD3D61
:10CE000086E53F3E12D9C7BDD3FADBBD12A076BE80
:10CE10000B7E4BBEDF1A183D4831103E38F416BE6B
:10CE2000BCE615BE234EA73D035B55BEFF062DBED7
:10CE30002427933DA7AF27BDD8BB2F3E2237133EF3
:10CE4000142476BD624E503C2592C83DC095ECBD81
:10CE500022C756BDE7736EBDE17A543DB8AF833C3F
:10CE6000E50D00BE944F0FBD65DE6ABDB9FFA8BDDC
:10CE70009B75463C40A4DF3C0AD7E3BD93E02DBE42
:10CE8000456523BEE2EA103E98331BBDA47293BDF4
:10CE900043E6CAB96B64D73C5B7D75BD8AC7E53D87
:10CEA000A5F3E13CF38DE8BC1CCE5CBE31B38FBD75
:10CEB0002096CD3B0588423DFE0D4ABE63634EBEC3
:10CEC000CE52323C9641D53D3A958C3C5B9A5B3DC7
:10CED0001157AEBD9CC0F43C5A820CB9DCF5023E41
:10CEE0005307F93C57CCC83DF52D33BD9F3B113E50
:10CEF000D7F761BC83899F3D7A000B3C87DF3DBE3D
:10CF000031D336BD89247ABDBED80BBED8F11FBE41
:10CF1000D4EFA2BD1BD5A93DB16EBCBD96EB8D3D36
:10CF2000828C003C4223583C139939BBAE9AE7BA35
:10CF30007D414B3D186087BEF0871FBC0F2B2CBE78
:10CF40007FA0BC3DE4F7B6BC00C5C83B8864C83CC4
:10CF50005FECBD3C52491DBC7977A43D03D1133D24
:10CF6000DF4E623D672919BE01F73CBE535BEA3ACA
:10CF7000B1DF533DA86E5EBE0492B0BC069C25BBDB
:10CF800036CB653D6A843E3D4D83A23C3ECFBFBD5E
:10CF900058FF273DF299EC3C8BAADF3DBD5682BD80
:10CFA000E5B33C3DDC4944BE3A78863D676410BC3D
:10CFB000D504913D060EE83CEFFF73BE15E0BBBC07
:10CFC000D635DABC9AEEF5BC4AB63A3CDEE34CBE46
:10CFD000420A9E3B3BC655BD4CA55F3D5F9676BD64
:10CFE000DA571E3D47AA8FBD83C00A3D632B683DBB
:10CFF00040896FBE1F1068BB88D765BE0C3BAC3D37
:10D000003545803DAA64003DDB6A16BDFFCD0BBCF3
:10D01000E17E403CEA40563C64E9A33DB760693D8F
:10D020008194D8BD67B66BBE0CCDF53C6BD22D3D5F
:10D03000AEEF83BE82C476BD35D252BD24434EBD11
:10D04000E6CC763D9E40D83C611C1CBD7102533C31
:10D050003B8E1F3D1BD5093E2DD2A4BDB45935BD15
:10D060000A1356BE5308643C205F22BE43CA4F3D9C
:10D0700030D84D3D452971BE274F99BD8D7B733DFD
:10D080001D01DC3B003ACC3C21AE6CBE9352503DBE
:10D090000917723B3960573D51F8ECBD1BD9953CDF
:10D0A000A7759BBDFE44653D2F159B3D69AD68BED0
:10D0B0001007493D40BDD9BDC5ADA23D3CD9CD3BD2
:10D0C0001805413CDB6E02BD9C31CCBC9967A53C88
:10D0D000ABE7643D670F343D7B2FBEBAAA9E8CBD83
:10D0E000702676BEBA82ED3C40BF2FBD790748BEA0
:10D0F0004DF8A5BCA81BC8BD8B6DB2BD1409A63DDB
:10D10000FB58C13C3C889DBCFD4F7E3C6762BA3CED
:10D110000741873D9AEAC9BB944B63BDDA391DBE0E
:10D1200063B5D9BD9F3A26BED68BA13D567F843DBF
:10D1300061DE63BE69C983BED7DF523DEF56163D3F
:10D140009FE8BA3B30810BBEC1FD003CF695873CA1
:10D1500042B4163DD38613BEEBA9953D1C44CBBD0E
:10D16000DC2E34BD7C9D143D1A3286BE37363B3DE5
:10D170005AD8F3BDFB93383D9FCB543B94DDCCBADA
:10D18000EB538EBCA31D373D9031773DB6F69E3DE7
:10D190000F0E763C2255943C020E81BDD47E6BBEB0
:10D1A0006BD7843B53940BBDED102FBE083ADABC0D
:10D1B000FB592CBD42B1D5BD0C94B43DFF76593D11
:10D1C000B285A03C74B6A03D2657B1BAD47FB63D17
:10D1D000E9ED0F3DCFD9023D68B0A9BC85406EBDD9
:10D1E000D40DF4BD8080B53CB9FD723CA114CDBD19
:10D1F0004584C7BE8CD9D23DF9DB9EBB7443D3BCFA
:10D200006C9510BEA6B9553D84F1D33A564AAF3D50
:10D21000B742B8BD4777903CB3CF83BD5F46913DE1
:10D220000A2C40BD4C8954BEDC8295BE7FFA2FBECD
:10D2300086E51F3E11A618BE72333CBE5D8C81BCD4
:10D2400056D410BE7364A53DD443B43C0C0667BEEF
:10D25000003A4CBCE12974BE13D29ABD5B43A93C91
:10D2600033DEB63D53AF5BBEC16FA3BD4D4C173E21
:10D270003140123E7102533D96B22CBE68792EBEEB
:10D28000D04458BA72FD7BBDA20ECB3D878B9C3D2E
:10D29000F871143EEA94473D1B2F0D3EDB32E0BB94
:10D2A0006CD1023EEE5E6E3DBEDA61BE533F2F3D55
:10D2B00025EA053DDF8AA4BD38A015BE26E047BE9D
:10D2C000B799EA3DCBA165BE8331823D48DE993DE9
:10D2D0006799A53DA0512ABE3FC4863C4F0687BD35
:10D2E00029CD86BE9BA920BE834F23BED80BC53D4A
:10D2F000938A46BCFB91A2BD1479923D906B23BEEC
:10D3000026AAD73DA4A7A83D91B847BDC3491A3C5A
:10D31000D34F38BED3DA44BEDE1CAE3C8B389D3DC5
:10D32000C8EE52BE8CBE023B7E8FFA3DE528203E01
:10D330006423B03DFA419DBD55C213BDA08B863B11
:10D3400033A48A3C5ED6E43D4CC2853B2993DA3D4A
:10D350005D1839BE59C2DA3DF8E3363DF547983DD0
:10D36000EE93233DA779AFBE685B4D3CEBABAB3C86
:10D3700080D210BD2D0A7BBD6E4F70BE8E75313DC3
:10D38000D064DFBD8B18963DAF5E053DC1A9AF3DB2
:10D390005B2302BE8B178B3DA5A0DBBC810485BE41
:10D3A000B64D71BD568340BECDAC253BBB2B3BBDBE
:10D3B0005E1392BDA663CEBC228E15BEF3C7D43DCC
:10D3C0006EDE983D90C10ABCB9C4113C118E59BDA6
:10D3D000895F11BE0EF8FC3BC171993CCE5480BEF2
:10D3E0004FCDE53C78B89DBC4CC3D03D11C7BA3D8C
:10D3F00091B7DCBCF39194BD71E7023D62C0123C71
:10D40000876EF63D909EE2BDE78AD23CD4BA4DBE0F
:10D41000207E3E3DF965B0BD62D9AC3D2A70323DFB
:10D42000242BBFBD9E452F3D4B58DB3DF37258BDAD
:10D43000747B89BDC2A438BD8868343D56EF70BD89
:10D440006005983DA5F537BC69C44C3DDAA88EBD92
:10D4500090DBAFBC7A39ECBB25B38ABEB58A7EBC03
:10D4600039EC3E3CCA4EDF3D72A433BDB187F6BCF9
:10D470002E7184BD6CB000BE2EC7EB3D71C6D03D91
:10D480002D99E3BCBF628D3C6D1D1C3DDDB38EBE8E
:10D49000EC34F23D9A7ADDBCFC5550BEE0A0BD3BB9
:10D4A000670EC9BC4755133D9FCCBF3D064A0ABD18
:10D4B000FBB2B4BCEE5D833C5723BB3CFC00E43DB7
:10D4C00092E865BD924083BC4C36BEBDC630E7BD18
:10D4D0004966B5BDEF20363D0DDFC23B3A5BC03C2F
:10D4E00004E275BD4816903D1363193C3DF1BCBD87
:10D4F000A489773DE5D0823D973A88BD1728893DBC
:10D50000EAAFB7BD0F64DD3D789A4CBEA3771ABE73
:10D5100035F14E3D9488B0BEDF520E3DF184BE3DE4
:10D520009BA9003E3B70EEBDBFB6FEBCAC8D71BD8D
:10D53000FAEC10BEBF46523DA321033E9B8D15BDA4
:10D54000425DA43B807F4A3DFD16D5BE7920723DE9
:10D55000B43DFABCA99F07BE096EA4BDE7E1A43D96
:10D560002DCE98BD9BA9D03D14EC9F3D6F7F8EBD05
:10D570006CB3313C7A8C723D92E9D03D09FD4C3D53
:10D58000895F31BC74EB95BDE90A96BD249D41BE0F
:10D590009CDC2F3DF6432CBDF4328A3C139D01BF29
:10D5A000581BE33D32E4D8BB69C507BE64200F3D7C
:10D5B0006474103EEE5BADBD90A3293E047033BD94
:10D5C0005B44F4BDB685A7BD5F415A3E4BEA84BCBF
:10D5D0007FA573BE344B42BE5C0531BE8CDC933DEF
:10D5E000CAC3C2BCD4F178BE12DE9EBC5CE86ABE7F
:10D5F0002E733ABCA4FCA4BB6553AEBDEB3793BC01
:10D6000074ECA8BE467A51BDAD84EEBC3673083EBC
:10D6100041D809BEF35AC93DB5C5153E9EEE0C3E34
:10D62000A5A0DBBC14D1AFBD2BC19ABEE5EC9DBC5F
:10D63000A2448B3DCA1B803DEA77E1BCAD339E3DE1
:10D64000132777BDFA0A323E1825683D018AF13D5D
:10D65000FB96993D139999BD48FC0A3D1F2DAE3D9F
:10D66000B090B93B250275BE282C71BBC9CA2F3EAC
:10D6700087DE72BE1C5F0B3EB247883D6896043D54
:10D680002F368DBD3B18113E79EBFCBC7B4CE4BDC5
:10D690004B7496BD24EE11BE90C0BF3DBAF8FBBDE1
:10D6A00088630DBE3D62F4BBE3FC3DBE7923233E9F
:10D6B000E1EF17BE1C7835BCED9C863D2FA318BD4D
:10D6C00085D16CBD836918BD7DCC073D91D1C1BDAD
:10D6D0009CF82A3DF65EDC3DB4AB103EBA86193E9E
:10D6E000C0950CBEB134F0BDF88D8FBD87C5A83C88
:10D6F0009949F43D01DDD7BDE4F4953D27DAF5BD48
:10D70000630AD63BE0BA02BEFB9037BC80D39B3D98
:10D71000628741BE0F0BB53D69FE583D30D7C23D13
:10D72000A7AF07BEF20CBABDC2A1B7BA200CDCBDD0
:10D7300083E0313DE677BA3D86C8293DDBDDA3BDF8
:10D7400066BBE23DEE5D43BD9ACFB9BDEC34D23B42
:10D75000CA31B93DA0E062BDD00CA2BD1CEEE3BD54
:10D76000E23F5D3C65DF15BE9818EB3D7922C8BDF0
:10D770006901DABB4338263DB933533D7B67B43C7E
:10D78000A698033D6669A7BB444D24BEB135FB3D59
:10D7900006BA763C9EB6E63DC348CF3DAB3E57BD8C
:10D7A0002E8CF4BD2DD159BDBE69FA3CD6C4823C45
:10D7B0009ED1B6BD815E38BDBC5CE4BD8C4AEABC7E
:10D7C00058C5BBBD51314E3C8B54983CCB2E58BDF7
:10D7D000ECFB003E251F3BBCC3F0913CCD7384BDE8
:10D7E000A31E623D5A2A2FBD9A3E9BBDECFAE53D31
:10D7F0003AE6BC3DD046AE3D1F2D4EBB3B6F633D70
:10D800005D34A43DB5E1D0BD28EF233DFFCCE03D24
:10D81000A9DE9ABDD26FBFBD53B0063D8909CABD0E
:10D8200034D68EBEDAFF803DA9DEBA3D29784ABDE6
:10D83000302D2A3D471CF23DFDBC29BDBDFEA43C58
:10D84000F8FB25BE2F6B22BE548D1E3D7C4537BC98
:10D8500031B2E4BC40BE043C003C62BD9278B9BD2C
:10D860001D3E89BD7D5DC63D4D663C3C755AD7BDAC
:10D87000D525E3BAA67EBEBDED2A14BEC19100BD7A
:10D88000BF45673DC749E1BCE0498B3C1422E03B02
:10D890006A1628BDF4FEBF3C20EB293D6955AB3D1F
:10D8A0003F0194BC9F3CACBD7DB34D3DE17B7FBD52
:10D8B0005BEB8B3B4BAC8CBD4CFA9BBD14B4493C31
:10D8C00026AB92BE5709163E8CD73C3E725042BCE6
:10D8D000B39818BE5E2DB7BDD9D128BE89424BBEC4
:10D8E000C382DB3D137C133E1D226EBD2EAB303C4C
:10D8F000FB204B3E386699BE1A88653D29CF7CBD1A
:10D90000EC32FCBCF391143E6344E23D142135BE7D
:10D9100010EC383DC89750BE01DCACBDF086343DFC
:10D92000F1817D3E041F033DA06B3FBEA51309BEE0
:10D930003D6274BE89D048BD50A74CBEBB29E53CB2
:10D94000D446D5BD494CB03D15E03BBE97C66FBD32
:10D95000452F633D84D7AEBC3980DE3D976F2D3EA9
:10D96000A30693BD522A813E4144AABDBDFE04BE1A
:10D97000FBCE6FBD52103C3E3B6F033E0FB698BED0
:10D980000723963D4EB49BBE0BD5CD3D8A75AA3B71
:10D99000E21F06BECC26C03AC9581DBED8F4E03DF1
:10D9A00010760A3D03D2FEBD3927F6BCCCB839BE8D
:10D9B000577AED3C0613FF3DD68C2C3E792092BD64
:10D9C00059854D38BE2FAEBDD07F2F3E1895B4BDC2
:10D9D00016C20ABE08AA86BDAE0CEABDB5FEF63D6B
:10D9E000CBA290BEB6A1E2BD0DFA52BE7172FFBDD0
:10D9F000E410313D6132953D3A411BBB4AF006BC13
:10DA0000B4E89DBB3D7FFA3DD23A8A3DCBDA26BCD5
:10DA10006C425ABD2618CE3D3C84F1BC4CC16ABE56
:10DA2000C1FD10BE1FBB0B3DFFB3863DCE71EEBDE9
:10DA3000CFBA063EAC369F3DA60BD1BDC4271D3BD9
:10DA4000C843FFBD4721493C9BACF1BD8B326BBE47
:10DA500015E5B2BD82E518BE3E59313ECDE8C7BDE1
:10DA6000D9946BBDA8ABBBBC2B51F63BB66A57BB78
:10DA7000643B5FBC66F9BA3D9889A23CCB811EBD70
:10DA800031D035BCB45A003ECEE11A3EFBAD1D3D4F
:10DA9000C9C78EBD8064BABCEF75D23DA35C0ABE17
:10DAA0005932473C15E6DDBD9BFEACBD344D98BDFB
:10DAB00060911FBDDF88EEBC628606BDDC9E00BEA5
:10DAC000E4F4353D7FF70E3E16BE3EBC8EE5BDBD8F
:10DAD0005C59A23D6B2B76BD52D128BEB47786BD72
:10DAE000BD3786B75A7FCB3CC87A2ABD0E30F33D8E
:10DAF0007A36AB3C711E4EBD1F31FA3C164B11BC41
:10DB00005F41FABDB35C36BED0B5AFBD151AE8BDF6
:10DB1000BBD292BDCF31103E43CA8FBD77F3143DC7
:10DB2000E82F743BADDFAC3DDE1CAE3CF3CB30BE2A
:10DB30002CD6703D70EC593D37C7393E416130BE3F
:10DB4000FB05FB3D6474803DACC43CBDA87024BEA5
:10DB5000FA7E2A3DF6D46A3DE1461ABEC10218BDDE
:10DB600014D1EFBD97AC3ABE33FAD13BC3BC473CAE
:10DB70001AA28A3C28B6C2BDBC0251BD766C44BD17
:10DB8000548B883BB1DBE73C46B693BDE10DE9BC65
:10DB9000A3CC46BEA628B7BD10B27CBE1591E1BC91
:10DBA000CDCB613D677E25BE61E39A3DCBBD803D17
:10DBB00029CF1CBEBD51AB3C7B86F03D58E5E2BD94
:10DBC00036033CBED3F79A3C60B01BBD8D63A4BD49
:10DBD0005FEBD23DD9B5BDBCFA7D3FBDE220A1BC13
:10DBE000A8E40C3E78279FBC221B88BD144031BDA1
:10DBF000B24C3F3C5A83273EA99F27BE19E599BDE9
:10DC0000A165DD3C8AC800BEA69DFABD3734E53C5F
:10DC1000CE382D3E145F8DBD1973D73BBC5C34BE2E
:10DC20004EF03DBEF434603DBE16F4BC4DF5A43D4F
:10DC30007AA9D8BD2A1B563C4AD14ABDD5CD453C10
:10DC400033DD6BBC14950DBD33888F3C68E93ABE5B
:10DC50009339D6BD63D3CABDD238D4BD797764BDFC
:10DC6000CE893DBD59A7CA3CF3E3AF3C336D87BEB7
:10DC70000933EDBC78D1873E9E9A1BBE1A3404BE90
:10DC8000D36AE8BD6C5C1FBEAC700BBE59DCDF3DD7
:10DC9000B7F03CBDB4588A3B0AF5F4BC6745243E56
:10DCA000DEC7A1BE25E6D9BC601F6DBEB937DF3D1A
:10DCB0003413EC3D79E9663DEE255DBEE430D8BD18
:10DCC0007B4A7EBED0432DBDC37FDA3DC006743E85
:10DCD000CEE1FABD378A2CBD8B50ACBE15C593BEC4
:10DCE000CE1A3C3CAF2792BE772BCB3DAFEA2CBD82
:10DCF0007E54C33DF59C94BD6B7E7C3CEF91CD3C46
:10DD0000983531BD965A1F3E9DF43EBCE28FA2BDB0
:10DD1000821B29BD679AB0BD4A2792BCB057B83D57
:10DD20002F52283E4699CD3D4A6093BE6B0C0A3E69
:10DD300034F55ABE336F15BE9ECF60BE96EC98BDCB
:10DD40001B0F363D5915613C77BB9E3DC347C43B15
:10DD500024B5D0BD9981CA3BA1F22F3DDA58093DC7
:10DD6000656E5E3E4A27723EFCA846BD971F383D51
:10DD700002D454BC1A34343DDB4C85BC52B78BBE44
:10DD8000B9C2BBBC9CC20ABEFC192E3E6170CDBE9E
:10DD90008DB880BDE59AAABEE38960BDB91CAF3BD2
:10DDA000E5EC9D3D9F5ABDBDDD08EBBDC009A53D1D
:10DDB000D787F5BC54C469BDCD1FD3BC9580983CB2
:10DDC000368F43BA91D6F8BDAAEE89BEAD8549BE5D
:10DDD000D909F7BE5F7AFB3CD72F183D6B46263E2C
:10DDE000626AEB3DB91A49BE910D843D772E8CBD18
:10DDF000A9F774BEB2D79BBDB076F4BD121394BE22
:10DE0000A5BFB7BD84A0033E30D481BDDA3BC33D7E
:10DE1000876E763CB5C6C0BDFDBD54BDE4F30A3D7A
:10DE2000C8EFCD3DAA7D1A3E3A1E733DA4C12DBE5A
:10DE3000B858D13C1022B93D959E89BD7A8C72BDEF
:10DE40008CD7BCBB637A023E357B80BED253E4BA2A
:10DE5000DF1717BEF2EC32BE5ED76FBD2DB50E3E9A
:10DE600094856FBD575EF2BC306821BD05A392BC9E
:10DE7000C251B23D1903ABBDDBC108BCAAD3C13D41
:10DE80004CA99BBEBE4B89BE18093DBE77DC20BEA7
:10DE90007B841A3DBEF64CBD5B25983DBF0B1B3DF8
:10DEA000F706BFBD62A2A13D134548BDDE8EB0BEE0
:10DEB000BEBE563CB4CB373C42EBA1BE189489BDE4
:10DEC00006641F3E03B558BD64CE333E8F3759BE3E
:10DED000ADDEE1BCAAB8D1BDF19E33BE70EDA43D6C
:10DEE00074293E3E5FB7183E1EFE5ABE785F153C51
:10DEF000C592323DA24370BE435316BEB6482A3E79
:10DF00007AE0E33DDB362CBE5C3B513DFBCC59BE99
:10DF100090307CBEDF36D33C008DB23DEF59973D4B
:10DF2000D39F9DBD72F8243DD8D7BABD9D64AB3D4B
:10DF30003AB2D2BD5E9F39BD4B22FB39CEC1CBBEBA
:10DF4000F65C96BE880EA1BE433A9C3D9432293CB5
:10DF5000242585BECFA1CC3DE700413C1EA91EBEB5
:10DF6000CCD0F83C8A75EA3D7DADB3BE6FBD86BDB1
:10DF7000810445BC102344BEA64387BD05DDDE3DBC
:10DF8000D6536BBDFA28533ED28CADBE76C28B3DC4
:10DF90006DAE0ABE7235D2BDF354073CE4A20A3E10
:10DFA000F567BF3D1BD87ABE1FD891BD3A58FF3CDC
:10DFB00049B9A3BE8C84F6BD9489DB3DECF8EF3DF6
:10DFC000D2C340BE10AE003C4DA389BE1FF76DBE4C
:10DFD000E623E93DC8D287BBF52DB33D925C0EBE6A
:10DFE000973872BA0C207CBD8BFEF03DCA6A4ABEDF
:10DFF000172C55BC745EC33D50506ABE8D2702BEBF
:10E0000065C28FBEED0F14BC6D7539BE65389EBDFF
:10E0100051A5E63D9DDA99BC774DB0BEEA4141BEBF
:10E02000DB8BC83D1A3404BF5AA085BE91BA3DBEF1
:10E03000293DB3BD143FC6BCB6474F3EC1AB45BE3C
:10E04000C900703ECE3481BE5722F03D137C23BE02
:10E050007D5C5B3D807DC4BEC3D5B93E2559273E5E
:10E06000B5DE2FBD35EE0DBEED0E69BE389FF2BE9A
:10E0700093E564BD57266C3EB6BD5D3C425D9CBEDB
:10E080009E42AE3C13D5DBBE45841FBEE679903D73
:10E09000A6D3AABEA46F723E2829B0BB7D41ABBDFA
:10E0A0001FDB92BD51BE303E111A61BEC84535BE60
:10E0B00014ED5A3E1005733D8CD9923C4CFDFCBDCD
:10E0C000FF5973BDEE07BC3C1A15B83DB37A07BCC7
:10E0D00028F1393CDA54DDBC8849383D849B0CBCBE
:10E0E00030B911BD876D8BBB432097BC486AA1BC7A
:10E0F000F96590BD0D8DA73D29E836BDFBAD1D3CF2
:10E1000052F26ABB1631ECBDCF2C49BD6820D63D1A
:10E11000446C703D5F2880BD7D1FCE3D520B85BD98
:10E12000A80103BC643F0B3DB41CE8BCE03051BD0A
:10E130001CD052BC9949D43CB01D8CBC3B8988BDD5
:10E140004C3709BC041C02BE96CBC6BC12C223BD10
:10E150004F3BFCBCB03D333C2504ABBC541EDD3A08
:10E160003A1EB33CE38D0C3DB9E1F7BC0B61B5BC85
:10E17000A87305BD6D01213D44300E3DC5E74E3D00
:10E180008A937BBC32E60E3E59F9E5BC99D490BD2A
:10E19000A8A70FBD5F294B3D33C2DBBC09C681BEBA
:10E1A000A08990BDF5DB57BCD311803DA356B8BD07
:10E1B000DC64943DAF25A4BD8D47293B0569C63C71
:10E1C000323DE1BDA089B0BC6C26FF3D9C36A33D2D
:10E1D0001D02C7BDA800F83D57EC2FBD22FAB53C83
:10E1E0001AC1063D64AE0CBD505476BD840F25BDEA
:10E1F0006E6DC13DEF5355BDE46A24BD236676BC08
:10E20000778368BDD82906BEA6B9B5BD7FA513BE64
:10E210009A5EE2BCD93EE4BC29CE513D28B9033D0B
:10E22000DC67153CB2BCABBBD0B7853C5A2BDABB24
:10E23000A2D0B23C67F0973D65AB0B3D2B2FF93C6C
:10E24000ACAD283EA662E3BDEA5E57BE90F489BD40
:10E2500011186B3C6328A7BC47938BBED93D59BEB0
:10E26000E2C96EBDD2C2653D72C5E5BD963FBF3DF8
:10E27000A27D2C3CCBF8D7BDF4A78DBB9B04EFBD92
:10E28000A400D1BC73F7093E696E453D5071BCBD19
:10E290001F13393E6535DDBC8DB369BB3A92CB3C6B
:10E2A000A73D053E10CB66BDDFDF803D884C393D84
:10E2B0000404D33D750004BD7FA35D3DB83D41BD61
:10E2C000130C17BE0D70C1BD001A15BE8C12F4BC24
:10E2D000C32888BCBA6BE93D3F71E03D0B7DB03C83
:10E2E000C1551E3D919BE1BBB61064BB136444BD98
:10E2F0007008D53DF4C0C7B95C39BBBDF2425A3E87
:10E30000BAD749BDF75B5BBE06D5E6BD6C2594BDAB
:10E310004853BDBC8D4513BDCAF942BEE12683BD3D
:10E3200076898A3DA1A2AABD116F9D3DED7DAABB54
:10E3300085B2D0BD30D978BD41801CBE766BB9BDE9
:10E34000C0413B3E626A0B3D158F0BBD42CD603E26
:10E35000295C0F3CFC72A6BD06469E3D9A9402BC09
:10E360000F643DBE15AA5B3D8F8A7FBDDE743B3EC8
:10E3700024F047BDD5204CBC46239FBC5260C1BD94
:10E380007E198CBC9162A0BD7366BB3CCC0B903DEA
:10E3900048C4143D7E18213D40C3DBBDC899A63C4E
:10E3A000CC0B703D6C06B83CEF53553DCFBC5C3D8B
:10E3B000577C433D9088A9BCF8C2343E39EC9E3D61
:10E3C0002750443CC78282BD08E4D2BD82570B3D32
:10E3D00089D2DE3D4AF086BD82C64C3D90692D3D16
:10E3E000077E94BD61C2883DA5121E3BBD36BBBDF4
:10E3F0007219B7BDD86663BDD844C6BD815B073E00
:10E40000AE83033DBDC844BDB4220A3EAA9ECCBC27
:10E41000965AEFBD5B94D93ABA15C23BA18203BEAE
:10E42000D4298FBD4B2150BD5797533D4679A6BD8A
:10E430001B1081BD3A92EBBDFF97EBBDD3BCE3BB94
:10E440006281AFBA7E53D83CFE614B3DD21918BDF4
:10E4500056F0DBBC4DF8C5BD813E91BC1A4D8E3DDA
:10E460007591023D7F14F53C336C14BCC53C8B3D6B
:10E47000598BCFBCBC20E23D0DE1983C130C873D8D
:10E4800080600E3C6808873D2BDE88BD5378103DC8
:10E4900020EC14BD34DAAABCCAA406BC71E56CBD7C
:10E4A000378B573DEB8EC53B8A0027BC280DB53C0A
:10E4B000207F69BD25078CBD304BFB3DD9B1513D57
:10E4C000032244BDAC91BD3D290763BE30F4A8BD15
:10E4D000B7EC903CCD72593BDBFAC9BD79E625BD5E
:10E4E000F0C2563DDAC8F53C5704FFBDD5234DBDFB
:10E4F000C63097BEC7F4C4BD3E20D0BC3E782DBD0B
:10E5000009FEB73B650028BC9623243D10E761BC9B
:10E510007F86B73D3D273DBCF48AA7BB2B6E9CBDD3
:10E52000C6327D3C1AF9BCBCBDA81D3D300DC3BC34
:10E53000E124ED3D375321BDF818AC3AE52B31BE4F
:10E54000A19F693D71E441BDEF9298BD6F2E0EBE53
:10E55000C3F5E8BDB01B763DF73E15BE50C7133E70
:10E56000FE7E71BD13D385BB5B61FA3DCCB3F2BDBA
:10E5700035D31DBEE4872A3E6667D13DB03D33BD2D
:10E58000D8D5143E51BD95BDAB21F1BC17A02D3D92
:10E59000A2B68D3D179C51BEC18EFFBCD506273D4E
:10E5A000F167F83D198CD1BD1EC44EBD94DA6BBE27
:10E5B00047934BBE62D811BE2848ACBD8B6E7DBD63
:10E5C00095F25A3DBB5F453D147A4D3E4982D03DA0
:10E5D000685E4EBDEBC37A3D22ABFBBDFBCC09BEF2
:10E5E000EAB2183BE0D69D3DF14BFDBBC7BD593E9D
:10E5F000CF9FB6BDDE8ED0BD618A32BE9CF86ABDAB
:10E600002B6B1BBDD4BA8D3D5AF042BEA857CABC75
:10E61000FB76723EC89A81BEF371ED3D0F2BDCBBD9
:10E620006D7228BE7B68DF3DDBFA29BEF851CDBD97
:10E630006B82783EAD6B443E8E226BBD68098A3E8C
:10E64000A6D3BA3CA39024BDC51C04BDC9220D3D70
:10E65000CD757ABE910B0EBD4D11603B94860A3E7E
:10E660006AF9A1BD5471E33C8ECEF9BD7B335ABE2D
:10E67000B1A4FCBDA88A29BCEC685CBD5183E93D0E
:10E680004F5A183E9F750DBD4BACEC3DE73631BE81
:10E690006093153E780863BC86E359BEDA1D523E8E
:10E6A000EA58253E469812BE50AB883E3469D33CAA
:10E6B000492DB4BDE8DD78BEC77F01BC79E665BAF7
:10E6C000E141B3BDE60558BD08E8DEBD382EA33DE7
:10E6D000E2AB95BE9DD8133EC095CCBDE5D303BE3D
:10E6E0001B623C3CD74CDEBD081F1ABEFFEB4C3E04
:10E6F0009CA5243EFFE6C5BD12A3773E39F2003D3E
:10E70000BFBA6ABDC58EE6BD8E7707BE6A849EBE5F
:10E71000F6B58EBDB9FEDD3CC3BA113EF33AE2BD9B
:10E72000168492BD6FD31FBE0ABFF4BD3C881DBCCA
:10E730002BF7423D79EA113D1A4ED93DB2F3D63D51
:10E740002DCC423DA2B8C3BD58E62DBC0EA0FF3D66
:10E75000E3548B3D94F5BB3DCFF8DE3D1617173ED5
:10E760008F8C15BEDE1DD93D944A983D683CB13D65
:10E770007670B0BDBB62063D5779023D200A863DEA
:10E78000F0C3C13CF10D453D5E48473D399B4EBD50
:10E790008467E23D4695C1BD4B59863B3F5585BBDD
:10E7A000888083BDD61A1ABE5C5A0D3E9F000A3D72
:10E7B000FDBE9FBD8387393E4D8653BECAC2AFBEE4
:10E7C0007F888DBD42E820BCFAB866BE309B003D14
:10E7D00078EF683D30D7023E1409E6BDD28904BE09
:10E7E0000FF1BFBE94319EBD6765FBBB4B59463DE3
:10E7F0003886803C622CD33CEDF1C23C9CC3353D55
:10E8000080643ABD6892183DA8ACA63DF227CABD07
:10E8100082FF2D3BDF3227BC44FB583D9FE87ABD89
:10E82000EB8D0A3E71C6303D3029BE3DB4008DBD32
:10E83000CA8C373CD34CF7BC7026663DEDD5073DFE
:10E8400086AEC43C61FD5FBD121354BD6F2B7D3D90
:10E8500072C2043C7120643D92921E3D75AEE8BDCB
:10E86000AB7522BDB329F73D240C433D809A1ABDF8
:10E870008998F23DC729DABE56F221BEFAEC80BC77
:10E8800024B5503DB1DB27BE718F25BDC1A7993D91
:10E89000C24CBB3D2A3626BE7C0F57BD15AD00BF0E
:10E8A0009E5D3EBC3EE72E3D9E5F14BC8D258CBD1B
:10E8B0006878B33B342CC63C7C9B7E3C056F083D9E
:10E8C0008EAC3C3D3FAD223C99B7EABDBF61A2BCD6
:10E8D000A8388E3D4F90183DA35658BD2635443E6E
:10E8E0008ECD0E3DC4EAEF3DDECBC5BEDF8BAFBDA6
:10E8F000342FC7BDFD14E73D51A49B3D405199BD48
:10E90000DE3B8A3D5379FBBD58E1963C32AE383B45
:10E910009D85BDBC18217C3D28B943BEBB644CBE5F
:10E92000BB0EF53D2B84053E630A56BC9566033E3F
:10E930001381EABEA243C0BD3789C1BC18B1AFBDC7
:10E94000E5B780BE83A2B9BD3179833C3D28083E3E
:10E950009A5CCCBD766C34BE8A8FBFBE4C54AFBDC2
:10E960007AE2B93CBF60973DF29520BE8DEFEB3D5A
:10E970009E62153E611C1C3D98DC883D70B0773D61
:10E98000E0F2B83D3BFF16BE2FFC80BDD386C33BF3
:10E99000ECBDF83B6F7E433BAB044B3EE09EE73C57
:10E9A00070EEEFBD5A7E60BD9468193ED5CA44BD75
:10E9B000A930063EBC218DBD6D718DBD1004E8BD32
:10E9C00017F3ABBEDAE3C53D126A06BC01337FBE66
:10E9D000A2983CBD2F8878BE0B0B0EBE1805C13D1A
:10E9E000F661DD3D27F911BEF3E7833EA0A781BEA6
:10E9F0000FD1C8BD663046BD57B34E3B13F241BE82
:10EA00004DBC03BEB5C2F4BD0038563ED4812CBD0A
:10EA1000139E10BD8E3E86BE5E4B28BE48DFA43DD1
:10EA20009A27573D198D9C3DCF4D9B3DE0DA593ECD
:10EA30005F08993D8C82E03C349E883C88BEDB3D7B
:10EA4000048E043DFC1A09BE8944813ED57B7A3E82
:10EA5000FE2AC03C3DF2373ED53D723DA7AE5CBEBE
:10EA600092744DBDC11CDD3D467B3CBB09A745BD35
:10EA700069C5173E17D8E33C1C07FEBD213DDDBE2E
:10EA80000533663D341116BE90F910BE37A9E83C37
:10EA900087A34BBED4993BBE876C003EA73FBB3DCE
:10EAA0002D2315BE41B7473E92088DBE83FA46BE60
:10EAB000B4769BBD9A43D23D766E9ABEE14008BDC6
:10EAC000403388BC85B1C53D02663EBD0FD5D4BD7F
:10EAD000A297C9BE2B4E75BD72A8FF3DEA422C3DE0
:10EAE000EBFF1C3D1091FA3DD064FFBB76A5E5BC61
:10EAF00006659ABD76710BBE6F45823D6935843DD2
:10EB000060CA003D3E05003E9CE09B3DA91691BDBC
:10EB1000C5C5F13D8AE4AB3CA2EB42BC1A89D0BA30
:10EB20005BD39C3D38A4113DCC60CC3D06BDB73DC8
:10EB30000F9BC83C402FBCBDF5A0C0BDE3C1163D36
:10EB400005A74EBE3F6EBFBC19E2183D1AA50BBE0D
:10EB5000EBFC3BBEB152E13D153CA53D9338ABBD4E
:10EB60002508073E634521BF4CC360BE874EEFBDFD
:10EB7000732CEF3C5D170EBEE54526BD548B083C5B
:10EB8000C079313D82AB1CBE5FB69D3B4D82CFBE8E
:10EB90007B12583C215B563DE5F134BB5B962F3C24
:10EBA0006E4F103B9912C93D111D823C368F033DBB
:10EBB000008DD23C99F34C3D579377BE5AF3E33C1A
:10EBC000959BA83D39EE543D062D243D035CF03D58
:10EBD000DEE8633D84B8F23C5A643B3D4F5862BC6A
:10EBE00035D4A8BC6DE6B03D541C873CADA32A3D8E
:10EBF00087A6ACBDE17A14BD728A8EBBECC1A4BA03
:10EC00005132D93D917CC53D959DFEBDA433F0BDEB
:10EC1000FA26CD3D5089EB3BF3209DBDB0710D3EF2
:10EC20006345C5BEA8189FBEAAEE91BDA377CA3D95
:10EC30001CF019BE1F13E9BDB342113C357A053EE5
:10EC4000728953BE9D642BBC6807D4BEC5C5B1BDD7
:10EC50004432E43C4966353D331A99BEE84F1B3DCA
:10EC600081248CBDA9F6E9BA6DE38F3D0569C63BE9
:10EC7000F9661B3C3881A9BDFC8F8C3D6F9B293DFB
:10EC800039D18E3DDD5FBDBDFFCF813E412B30BD13
:10EC90006E30D4BC16FA803DACE20DBE4836D7BD0E
:10ECA00007D3F03DDE92DC3D3447D63C624D05BED5
:10ECB000B37AA7BD5A68E73BC440F7BDE9F2E6BDA9
:10ECC000C26C323E486AA9BEE94979BEE204463EBA
:10ECD00092B3B03D64575ABD5D1A3F3E3B1B62BEC6
:10ECE000C5AAE1BE85B4C6BCBD35B03D836B96BE3A
:10ECF000532209BE840E9ABD5F26CA3D83F745BEE6
:10ED00009BC84C3D7C2CCDBEE6760FBE1442273E00
:10ED10003DEE0B3E9A4382BE910C293E58CB1DBD61
:10ED2000575B31BC7CD11E3D1E36113DD3BDAE3D7F
:10ED3000DB159ABD77DBA53DE603C23DB613E53D85
:10ED40000AB9D23C395E313E56F4E7BD6764D0BDA6
:10ED5000724E3C3E10768A3CBDC799BCC2D96D3D0F
:10ED6000B3614D3DB69EA13D74CF5ABEB6D8A5BE87
:10ED7000C8288F3D132BC3BD73BDA5BE53B1913DB4
:10ED8000E277BBBEDB1946BE793CCD3DC494083E5C
:10ED9000C51CE4BDF86C853E605743BE8F1A73BE38
:10EDA0008C4A6ABDAFEDAD3D25B287BE8B4FD1BE5B
:10EDB00057056ABDC7F63A3E34D9BF3C012F133E12
:10EDC0003F5600BFFC6E82BE9088893EEAD0693C07
:10EDD000EA211ABD9C163CBB0D8ED23D14CC98BDC9
:10EDE000280BDF3D13F3AC3CA66108BEDD5B913B15
:10EDF0001E18803D075F383EBA2D713E850963BD00
:10EE0000F6EF1A3EAF41DF3CD67021BEF373233ECE
:10EE1000F373233E9EED21BE6974073DECC1C43DF2
:10EE2000D1790D3D632932BE2F85D7BE3ECDC93C79
:10EE3000AD86E4BDD76839BE0611C93DFBCCD9BE4D
:10EE40008F7155BE7907283EE84AC43D470122BE6E
:10EE5000B6F4483EB5362DBED28A6FBD158E80BD44
:10EE6000CBA0DA3D77F665BEB1A888BE83354E3CAF
:10EE70008A73243E11510CBE6AF9413D8D9BA2BE9E
:10EE8000E15F04BE5A4B013E00521BBD6B4676BE8D
:10EE9000261E50BE999A343EE509C4BD76A8863D2B
:10EEA000713C9F3CE0130BBE075CD7BC8DB8803D26
:10EEB000A873053E62A2013EF530B4BC58CA023EBA
:10EEC000A3405FBD2FFC603C1B0DE03CED4A8B3D39
:10EED0005E0E7BBDDBF99E3D40502E3DD32EA63C01
:10EEE000749A05BE43E133BEB7B806BD903202BE88
:10EEF000E36B0FBDF6EC793D80494ABEBDAA73BDF8
:10EF0000E0490B3E3CA5433D16A68FBD52B9E93DF5
:10EF1000064810BF4AEEB0BDA6B7BF3C7A6D963D1D
:10EF2000469476BCBCAFCABD61191B3D6C08CE3D92
:10EF30009B3BBABD5859DB3C82543ABE0EC0C6BD9D
:10EF40009B048F3D113A68BD24259DBD2F513DBCCA
:10EF50007575C73DB2497EBD8E21803DCEDE993CA0
:10EF60003F7015BDEE5B7DBEEB8DDA3C4486D53D32
:10EF7000AB3FA23D7099133D3B8AB33D927924BDCE
:10EF8000A7AFE73C2041313DC7D673BD17B7513914
:10EF900098518C3D32ABF73C30D88D3CAABB72BD4A
:10EFA00047020DBE83F7953D31D2EBBD53D06DBC0A
:10EFB000D28F063D371BCBBD0E8309BEF60BD63D67
:10EFC00038F5013D7CD54ABC164BD13DC1A7F9BDF2
:10EFD00071A90ABE1684723C959E693C342F87BC89
:10EFE000C6DFD6BD76167DBDFB77BD3DE949193B31
:10EFF000BCCE863DF20783BD85449ABD118C033C8F
:10F000003354453D7BF571BAB0C659BCB7EE86BDE9
:10F0100012F8433C53E8BC3B0DDFC2BCE4BB943C5C
:10F020000762D9BC7539A53CB494AC3D9D137B3DBA
:10F03000ECDF65BE535A5F3EF22233BE6380A4BD4F
:10F040008316023E16C10FBE0740BCBDD0F0663D20
:10F05000C79B3CBD56F2313D37173FBDBADAA2BE61
:10F06000622E293D1B4B08BE8A9436BE6FF4313D9B
:10F0700062F808BEF03158BEB285403EA08B86BD16
:10F08000F2B49CBDBD73583EE388B5BA39D12EBDEC
:10F09000096CAEBDD461453D48C3293D0AD6F8BDD3
:10F0A0008C864CBE75E99F3D2FC2143D062B8E3ECB
:10F0B0002C67EFBC066645BD09FFC23D2D0ABB3C6F
:10F0C00071E4813B4582A9BDE353A0BE5E837EBD52
:10F0D00033371F3DB6F39DBDAB798EBDA837233CBA
:10F0E00006F7033D573F363D651BD83D5F958B3D89
:10F0F000CF9F463ED3842D3D23A10DBE59A2F33DA3
:10F1000080F3E2BB1ADB4BBE2462CA3CB29F453D92
:10F11000C190D53CE86895BDA12FEDBE29CDE63C58
:10F12000567E09BEE9D7AEBEC0AEC63D03CF0DBE0A
:10F13000AE2B16BE3814DE3DAC90923DFB746CBE17
:10F14000AAF0573E795868BD8F8914BD425C393D9D
:10F1500077A0AE3DCFDA2DBD13807FBE1DAC7FBD45
:10F160009B5A063E151D493CC977913EB000A6BC8E
:10F170004627EBBD971C073E0BB621BE0ED8D53CEB
:10F180005A106ABE0CEADBBD662ED0BDAD333E3CE4
:10F190005E48A7BDBED84BBEA06EA03A3F3B60BC48
:10F1A000E599173EAAB7063EC64E383D9069ED3D3B
:10F1B000878605BEAFB000BEC102983C7D959C3DE0
:10F1C000A8A87A3C82AC273D514F1F3D38F3ABBC19
:10F1D000CD01C2BD5F7C99BE8DB4D4BC8BC0D83C80
:10F1E00076165DBE7E53583DAC1F1BBE029BF3BD21
:10F1F000DB6B213EF4FE0F3E1F2B90BE76DF213EDF
:10F20000D0D641BD5454FDBB5E2E123E4CA59F3D51
:10F210007A7037BE132AC0BEAAD6823D59FBDB3DA9
:10F220004E4289BD1E17B53DCB82C9BDD12491BDCB
:10F23000749A053E4CE171BEE526EABC7F134A3D57
:10F2400052EE3E3D3A2425BE1DB08B3DECDC34BD74
:10F250004D4C8FBEEF90E2BC2CD8C6BDA7E9F33D64
:10F260005D86BF3D6C04A23DAE63BC3D8B88E2BDB4
:10F270002FFB353DFBCDC43C813E913D46B5083C5E
:10F2800036CAFA3C04E6613DF8F96F3CA3914FBDE4
:10F290007044B7BD38BB35BC0118CF3AE0D7C8BD04
:10F2A00069A9BC3CF488F1BD943354BDBADA0A3E76
:10F2B0001EDE933DE9EEFABD8ECBD83D944E74BE72
:10F2C00048E17ABD548DFE3DD6E0FD3C78B6A7BD41
:10F2D00084655CBE65C2AF3C185BA83D37A712BC15
:10F2E0005DA89C3D1AC4C7BD986D67BD54C63F3D1F
:10F2F0007C6027BED65200BE9B57353D53CAEB3CBF
:10F300009928C2BD70257B3D7AE3A4BAE5ED08BE1D
:10F310009BCBEDBD8F70DABC21AE0C3E62F9933D04
:10F32000D121B0BEC8B581BD05A829BE6AA62BBE35
:10F33000E5D3633DF0DEF1BDA01A8FBD0D8DA73C76
:10F34000A4A95E3D9C163CBBD34BECBD095394BCB9
:10F35000DF8B8FBEADBFE53DF2998CBD5D867FBB77
:10F3600012D87CBE2FF7C93D1A170EBDA9DB99BD77
:10F3700068795E3D8F183D3DFF7A05BC92B330BD84
:10F3800015526EBE3563D1BC4F3F68BE875120BE5B
:10F39000EAD0E9BCC153083DD238D4BCF2CE013E1C
:10F3A000344DD83DC8EB413E0A2C403E50DF923DE3
:10F3B000548EC9BB105D103E3CF6333DEF3805BDA1
:10F3C000B3EAF3BD6CB4BCBDE481283E432017BB57
:10F3D00093DF42BEB64AB0BAA12D67BDD2AB71BEB3
:10F3E000DF6D9E3D9DD417BCCA8D02BE44A591BD64
:10F3F0005D8B06BE8BC6BABD3C889DBCE25C133EED
:10F40000AE11C1BACB83743DDD4312BE4FEB06BED5
:10F41000185B483D60E786BDCE3938BDE526EABDBC
:10F420002B4F803D06A17CBD89096A3D570A41BD2D
:10F43000D3333DBC2AA79DBD4A9829BD5DC457BEA4
:10F4400023DD0FBD4FCF5BBE529A3DBE4EF2A3BC33
:10F45000D767CEBBF391943BD93D293EBC1FB7BCC7
:10F46000FDA2443EE811533E6554B93DAB221C3D1C
:10F470008732943DDCF1E63D4D120BBE82C94DBD95
:10F48000B6819BBDE44ABD3D80B86BBDEB1F44BD5A
:10F49000D9D1B83C70B4233DD1048A3A787A253B5F
:10F4A000B91BC43DCFD922BEFCC22B3D16F83ABED3
:10F4B000CEC21EBE221A1DBD43CACF3C3C50273CC3
:10F4C000643F0BBCFC3684BDD190B1BD78610B3E6E
:10F4D000AA2773BCF38DC8BD4D1120BD0F430B3E51
:10F4E000E7C3B3BDC138783DB83A98BE2063EE3C5F
:10F4F0008715AEBD3C2FF53DC3B986BCFAD59C3C03
:10F50000F93166BCA5A05BBDC7F4843C3B1B72BC53
:10F51000EC1641BDEC6B1DBD65C30ABE91B5763ED0
:10F520001F2D963E0859963C494AFABCC349DABD9C
:10F53000C688143E2DAF9CBDA62B98BD9AEAA9BDE6
:10F54000FF97CBBD67B881BCF0BEAABDAFD25D3D11
:10F550008DB369BB61A4973D6B0C9ABDACE0D73D00
:10F56000D8B793BA8E23563C2EE4D1BDA0A400BDDB
:10F57000826F9A3CF86EF3BCE5443BBC01BE9B3DF8
:10F58000E04A96BDA03369BD960A2A3E7B690ABE51
:10F59000AF22A3BDE82FF43A47028D3DB6471FBE08
:10F5A0005E63B73D72A52EBE9E5C13BDAF9510BEC7
:10F5B000096E243C26A8A13DD270CA3C4815853D61
:10F5C00055F7C83CFF3E23BD973CBEBD8753663C04
:10F5D00025CE8ABD4701A2B99813143E45A125BD89
:10F5E000316134BD245E1E3CB45A80BEF793713D38
:10F5F0007D58AFBD244479BCA31F8DBDF35843BED5
:10F600006E69353D779E38BD5A7E603DDA7143BCE8
:10F610001041253EBC90AEBD9599D23DD503E6BCC8
:10F62000172ADFBD8C494FBE78D2E2BDDA71833D27
:10F63000E0D65DBB2CF095BDC0E9FD3D738321BDD7
:10F6400036750EBE93355A3EB8E95FBEBB7D16BD1A
:10F650003E4077BDF661BD3C952916BED21A433DAA
:10F66000724F67BEF1F04EBE21AE5CBD9146053DC6
:10F67000637E2E3EE4F4F53D07EC1A3E29EA8C3D0C
:10F68000A8FF2C3DDAFE8DBE3ACD82BC3E9232BE42
:10F69000541E1D3DF60CC1BD35B306BEDEAB16BD16
:10F6A000E030D139300D43BDDD7D8E3D4300F0BCEF
:10F6B000390D51BD198C91BDC63669BE1075DF3D3F
:10F6C00001A7373D030609BD2B3355BE6B8298BE9B
:10F6D000AA9A60BDBABD44BE4D109DBED09B8ABBE8
:10F6E000498185BC32CA43BEE38B36BE6AF8363EDA
:10F6F0008E5AC13D51FAA2BD6F47B8BD539689BE1F
:10F7000098145F3DCC0B90BDCE505CBC1DC7B7BEFE
:10F71000A4C7CF3DCD0659BDF6CF53BE4CE1C13C89
:10F720003FFD873DAB26883B319A15BCC8EA8EBEAB
:10F73000384CB43CE78CE8BD6EC0E7BC5B95843DBB
:10F74000DA9255BD4C6CBEBCC614AC3D51BBFF3DFE
:10F75000F1F6203EF9BC023E07B4B4BD0E3289BEBC
:10F760008F51FE3DEE3E073D8B3647BC4A7B83BC46
:10F770002EE7923D4580D33DC70D3F3DC2FB2A3D5C
:10F78000137CD33B19E3433BD59173BE3881E9BC6D
:10F79000B1E1A9BD6B659ABEAE2CD1BC540282BD4D
:10F7A000E3E3BBBE93350ABE7234473E1231153EC9
:10F7B000CEC60A3D7D044EBE6B2CC1BD4209B33C92
:10F7C000C40560BDDECC683CB6BC72BE99F0CB3CD3
:10F7D00037C5E3BBE23FDDBA74B5D5BD57418C3CBC
:10F7E000317DCFBD4E7ADFBAFA6049BEB2A11B3D72
:10F7F0004F3C87BD38A24BBE471F033E94A5563CE5
:10F80000D84426BD1268303D0FD168BDC6F8F03D22
:10F81000EE78133E7A3540BD3F74E1BD185FB43CCD
:10F820004278F43D056C87BC378C82B9AEF5E53D76
:10F83000D0B3193D8C2B6EBD2BFB6E3D2C0C513D76
:10F84000EF004FBD11A7533D2A7208BC5A9E873C5A
:10F850007CB583BECFD8573D2DB192BD8447A3BEA2
:10F86000E21D20BD2B6A503E9D0DF93D0AD8AE3DEC
:10F8700021CE13BEBE8505BEDEB0ED3C33897ABD18
:10F880008D63643DABE9FABD2AE2343D7077D6BCA6
:10F89000E5EEF33C23DC74BEB6F4E83CCEC29EBD7C
:10F8A00038F7573D2C2A62BC63D0493DC899A63C25
:10F8B00058CA72BDDB6FAD3DBDFE24BD3B734FBD6D
:10F8C000865A53BC68B27FBD410CF43D9F1C253E57
:10F8D00063631EBEF4DE18BDE1963FBE57D0043E02
:10F8E000F92D2ABE7FDCBE3D0A13463D3F8EC6BDC4
:10F8F00003CE12BD05534D3C54A7833DE08016BD99
:10F90000E8F8683DC8983BBD9835B1B9350803BEE5
:10F91000A3582E3E261A24BB3A1F0EBE2C9A0E3D2B
:10F92000D925AABCB64CA63D0AF70A3E3F027FBDC8
:10F93000984F26BE0EF3C53D8DD04FBE06659A3D4D
:10F94000193D07BEF085093DA77711BEBA852E3C4B
:10F950008CDA3DBED124B13BBE3104BE01DB813D1A
:10F9600061165A3D0B5DA93DF0DAA53C38F66CBC3A
:10F97000A722153DC0EBB33C6D20DDBCFBAE88BCBF
:10F98000B83A003DEB1AAD3DEBAC16BD43FF04BEEB
:10F99000E3E313BDF10E70BC54000C3CD9D04DBD57
:10F9A000EBFEB13BDE3C55BD3AE7A7BADC2AA83DE9
:10F9B000C40861BC50A6513C2E577FBD9258D23D21
:10F9C0005A2ACFBDB4AAA5BCE61FDDBD5531953D71
:10F9D000698FF7BD315E33BE9CDE45BC40F890BDFB
:10F9E0001E51A13DD849FD3D5B9499BDDE5775BEC2
:10F9F000200C0C3E147556BEFA5F2EBC1E5086BEFF
:10FA00005E837E3D1A358FBEF660D2BC8E037FBE0C
:10FA100006F78BBECE52323DD8F58B3D7D7ACC3D7C
:10FA2000F73CDF3D08B0883DBD8E783D31B47ABDEE
:10FA3000844B27BEF2EA1C3DF90FE9BC77A2A43D36
:10FA400039984DBDEB8E35BE2D5B6BBE8F8B6ABD7D
:10FA5000B8AEB83D8A57F93D7AC69EBDD09849BD2B
:10FA60008F5374BDA246213E03D1033EF17E5C3D1F
:10FA700035617BBCFFEB0CBEBAC0653C761C3FBE5B
:10FA8000E17CDABEF69597BE0D51053DDC110EBD49
:10FA9000AD8559BDE2B09CBE9A3E4B3E6952EA3DEF
:10FAA0001AFD08BECEDDAEBC86AF2F3C6B82A8BC73
:10FAB00046606CBDC87DABBC02F310BD98DEFE3B5A
:10FAC0003D5FB3BD6B9C7DBE6BF0BEBBAE7F57BDD3
:10FAD00099F34CBD185A2DBEADC13BBD3205ABBD2F
:10FAE00091F2133D22895EBDA1F3BA3D51A205BE3C
:10FAF0006211433CCD938B3D7EE4D63B444D343E76
:10FB0000D670113EE9813FBE650193BCAB75C23D25
:10FB10004D662CBE541B1C3C0C3EADBD1BBBA43D16
:10FB20003A92AB3DB1161F3C4A9AFF3D93A72C3D3C
:10FB300055A482BD2E3AD93D2E9276BD742778BE4B
:10FB40004981A5BE4FE5343DB64C46BD6FF120BEA0
:10FB5000889C86BE9CC4403E3C6CA23D3E9513BE34
:10FB6000C18CC9BD04AD003E7A8F73BD1BBEC5BD3F
:10FB700042765EBD7EE3CBBD3C9F41BD5FB2313D71
:10FB8000B60F99BD5D89A0BDC7BC8EBAD446D5BDA0
:10FB90001F69303D44DD873DAC8BDB3A83320D3C41
:10FBA00097E5CBBDD28A8F3D0B9A96BD08B008BDB4
:10FBB0009085E83C744614BD99A0163E1BA0043EF7
:10FBC00079E936BE185CF3BC1F2B783D0322C4BC18
:10FBD0009D84123D85CE2BBD8AE8973D73B9C13B0C
:10FBE000D28AEFBCF225D43DCD91953D27C030BDE2
:10FBF000CAA8D23D82AC673D317D2FBEDB3511BE38
:10FC0000B01D0C3B38F5813B88635DBE87192ABE69
:10FC1000151D393E0036203D603A2DBDC3BCC7BD21
:10FC200050A77C3DC9E9AB3D96B111BED9217EBC40
:10FC300094F80CBE454637BE1BF5103D50383B3D91
:10FC4000CBF70CBBDDD17F3D8CD6D1BD53797B3D4D
:10FC50002FC03E3EFD66623DA626C1BC29B256BB02
:10FC6000A513893DA182433C950CC0BD0953B43D09
:10FC7000E00FBFBD1FA1163E4E60DA3D3B558EBE64
:10FC8000D3C00FBD6151D1BDC157943D365A4EBD51
:10FC900015C58BBDDF1797BB3276E2BD1EA5923D21
:10FCA0007C6388BC38117DBC782A00BE0E67BE3DDF
:10FCB000EE9664B9516859BD44C14CBD1230BABD0D
:10FCC000A3409F3A38BA8ABD6EC338BE535B2A3D03
:10FCD000D2C300BE31EBC5BB49DA0DBDB69F5CBED9
:10FCE0007D40003EAA0E89BEE8124EBDF9F854BE12
:10FCF000293EBEBD18D08B3D3B54133D94A2253EFA
:10FD0000D256853DB4C826BE0E31FE3DB610043E27
:10FD100017D5A23D6341213D3AAEC63DE371113D89
:10FD2000B3D04EBC6E33F53D2174103D959FB43D6C
:10FD3000C83F033ECFD7AC3D13F106BE8FE0C63CB3
:10FD400026FEA83C5A29443D9F72A4BE62850BBE84
:10FD500043AD29BDAF5FB03CCD94563D9F00AABDD9
:10FD6000FC01AFBDDE5830BE5B43E93DB6D8CDBD2A
:10FD700071CC72BD5534D63C9C1AC8BDC77FC13DFD
:10FD8000465E56BCFF212DBE1992B33D2E1C18BEF7
:10FD9000AD35943BB18A373D2595A1BEE3A80C3E15
:10FDA000527DA7BE5C5827BE9FC843BE95B6B8BB60
:10FDB000DFFD91BE2C82BF3D5DF91C3EBD008BBEB8
:10FDC0006D8E933D82FE023EEDF4E33DD3D8BEBD81
:10FDD000F3C6893DF0A4453DC592F23C999CDABD3D
:10FDE000C8B4B63D3B559EBDCBDA663D9545313E28
:10FDF0000CEA1BBED28C9DBE2DB21D3CFDC0353E13
:10FE0000EC6D133E5DC201BF787B30BE0DA922BBF5
:10FE10009F570C3E27BFC53D41EF4DBD554F26BEF8
:10FE20000BB88FBE4CFCF13D512E5DBE431A55BE42
:10FE300023C089BD1BD995BBB4C78BBC07B7F53DA3
:10FE4000F5A256BE5FF0893D1C43403D076239BEB6
:10FE5000791F87BD12A4B23DFED543BEE4DB3BBD96
:10FE6000AC1CFABDA88C9F3DC4AF98BD512D32BECD
:10FE7000B1868B3BC823F8BD410FB5BD761A69BD6D
:10FE800015FD31BEB589D33D77F8CBBDC85FBA3D0E
:10FE9000AC8F17BEC04226BD6EA71DBEB3EB5E3D44
:10FEA0007575473D6ADD863C76FA013D1004A83D34
:10FEB000C2166BBE185A1D3DAFB0C0BD849B8C3CB2
:10FEC000200A063E5A8016BEE623893DFBCBEEBCD7
:10FED000EF5696BB4D65D13DE468AE3D01FCD3BC09
:10FEE0001F64F93D7CBA3A3CA29721BE404F83BDC6
:10FEF000D4B7CC3CA3E796BC2316913D58AC11BEB9
:10FF00006B44D03D7B10423DB1DE48BE917FA6BD23
:10FF10009E24DD3D5C91D8BD7D76C0BD5704DFBD1C
:10FF20004B007E3D1824BDBDD2E54DBC63D30ABD58
:10FF3000BA1542BD161406BD1C7C41BE902D4BBDAA
:10FF40002B15F43D015045BDE388353D33C085BCDC
:10FF5000F67CCD3B630D97BC65502D3D0F46CC3DE7
:10FF6000F79206BE8CD8273D8F338D3DF6B388BE01
:10FF700084D5B83D8A20AEBDB900B43D3E756C3D18
:10FF80002A3711BE338D263D232EA0BD33DC40BD64
:10FF9000552EB43D05178B3DB20FB23B5C05713E4B
:10FFA000CAC3C23DF9F4B8BDF3AA4E3C4434DABD2D
:10FFB0000742323BFE9C023B8C9D20BEE2E4FE3CAD
:10FFC000A48C383ABA66F2BD0B5D893CB01BB63DD5
:10FFD00083DE9B3C3A043EBE76169DBD34D593BD70
:10FFE000725258BED42ABA3D2C80C93D6919293DA8
:10FFF000FB94633D354455BE8735953C19A9773E42
:020000040802F0
:100000008046E9BB9964243DE3A9873DCA4E3F3D44
:1000100009C46B3CEE5A423D13EFA03DA1BE25BD85
:100020001D774A3D20606D3DACC73DBE41B8423DA5
:100030004016A2BCC2A4383D8044933D371C06BE86
:10004000520A7ABDB1A8E8BD0EBE303D9C6FC4BD5A
:100050007479733DF01909BCC9CA2F3E05A2E73D6A
:10006000F04C28BDCEFF2BBDBA821DBE753EBC3CF8
:10007000A5D93CBDB708CCBD5A9FF2BC9DF3D3BCFB
:100080006B8288BD1E34BB3C60AF20BEE3DE6C3E9D
:10009000819553BE8F8954BD66BB82BE73660BBE0D
:1000A0000586EC3DE1B28A3D56BA7B3DE257EC3D18
:1000B0007E9045BECBB9F43DE4BF003EBEF7B7BC71
:1000C000F0E0673DF9128A3DA59FF03C32AF233D39
:1000D0009885363D488B033E90F63F3DF6070A3D36
:1000E0008E5BCCBCB33FB0BDF12D2C3DDBC233BD2C
:1000F0005802293DFFE8DBBDA6D3DABDFC894ABD25
:10010000FF217DBC0BB4BB3C6C4385BDC1193C3D9C
:10011000416100BEEB1E093E9609DFBD5D8AAB3D25
:10012000D026073DACE378BDD4D4723D32E804BE9E
:1001300025E9FABDC138983D789620BDFAEE56BD46
:10014000FAB9A13D7409AFBE27A1443E0115BEBE58
:10015000111C37BE519F64BEF8C1793BD8B6C8BDEB
:10016000116DA73D87C12C3EA0DF77BCD15C273C39
:10017000D2AC2C3D357A353D08C9BABE8B4F813C97
:10018000C5391A3E3291523B98A3473D9E5CB33D20
:10019000499F06BE90F4293D21B1DD3DB41C28BE27
:1001A000427769BE00E4043E11C8653D4FE65F3DFD
:1001B000F320C5BED7DE57BE0EDB963C0DFDB33D2A
:1001C0007502DA3D5760C8BC06683BBEB2BD8EBE44
:1001D000C6C1053E89B194BE23DA8EBD51BBDFBCDA
:1001E000608F893C4167D23C51131D3EF06C8FBE3D
:1001F000C83F133EB4AB90BCF88868BE1A6A14BE00
:10020000A374193EA81A3DBEFF40393C3D9D2BBD4D
:100210001D90043E3FABCCBBD75105BEA3CA303DB9
:1002200008AC2CBEDCD606BE01F651BEE3AA42BE27
:100230008736203EE00EB4BD9F76083E9E9A3BBEB8
:10024000131093BA795C84BEC0D0833DBA66723C09
:1002500097A9C93C56D5E3BE20ED9FBD9FC94EBEB0
:1002600032E9CF3D1974A2BDF3E6B03D2AC7643E22
:100270005C9198BDE55F4B3CAD6E75BE7842CFBDDD
:10028000CDAD10BD9357E7BCB48F153DDFFEBC3D2F
:10029000F836FDBD01150EBC422704BC2D6042BDE1
:1002A0004A434D3DD0EDC53D28F3CFBD3258313DD9
:1002B000172EAB3AA0A666BED578C9BDB8561B3E70
:1002C000A24631BEF83512BB029EB43B22E0203E6E
:1002D000437232BD0DFBBDBC780DBA3D5CC98EBD0D
:1002E00035D1A7BDADDD96BE0EBBAFBDBEC1F73DDE
:1002F000876D0B3DCC7D923D1C4596BD5BB4803C2B
:100300004A5E1DBCB2F1C03D0326703D0A4BDCBD08
:10031000B2D6B8BEDE718ABB7043ACBDD28DD03DC3
:100320006D56FDBD1E17153E419E0D3E1D77CABC84
:100330006957613DADA24FBEA1A21ABE6406EABDD7
:10034000707D183D55DAE23D601E123E5D1A3F3A5F
:10035000ADA27FBDF015DDBC65719FBDCC79C63CFB
:100360005EA0A4BA02D66ABDA180ED3BB8744CBCB5
:1003700063B9E5BD6A879FBD06680B3E44A842BECF
:1003800058561ABB6728EE3BD42CB03DDFA37EBD88
:10039000B1161F3D6EA5D73B4EB4AB3CC289E83CBD
:1003A000C11B92BEFF782FBD45812E3E26551BBD39
:1003B0004C4FD8BC0CCC8A3D0740DCBC3BC7803CD2
:1003C0002D5F573DA2D2183EDBF9BEBD89B322BDD9
:1003D0004EB42BBA59FC16BE73B9813DCEC2BEBD18
:1003E000D93FCF3C7BD81B3E71AA353CDE558F3CB4
:1003F00049BA16BEFE64ACBDBE87ABBDE5F0C93CD4
:100400000919E83D8FAB41BEF833BC3C522B4C3D43
:100410009164D6BCA86F193C0518F6BD41D889BEB9
:1004200035B7023D912A8A3CC77F81BA810AA73D30
:100430001C7A0BBDDF524EBC5872B5BD5B2819BE8D
:1004400053E9273D0806F0BD93E263BC7711A63C53
:1004500093A601BD3A3BB93DAA45A43D1476D1BD52
:1004600013669A3DFED5E3BD81212B3DA4194B3D7A
:10047000F452F13D04AF96BDA9C0493DACFF733DB8
:10048000A88F603EA704C4BB91D58D3DD6A972BD8F
:10049000914685BD00C6333D518705BE7F6C12BCB9
:1004A0009A94E23DF7CC9238FC389ABD226D633CB9
:1004B000211D9E3C3AADBBBD92AE593D7C27A63D69
:1004C000062BEEBE77F7A0BD3D9A2A3E88F631BCDA
:1004D00047CB813B9A5D97BDFD11BEBEE4D9653D1A
:1004E000B8CC29BD31EFD13DD40EDF3D23F55EBD43
:1004F000649176BE362032BE21E7BDBD101F58BDC7
:10050000D7857FBEA59EA53D0D89DBBDF35407BEF3
:10051000C4EA5F3E404E18BD9E98B53D088F363DFB
:100520008A1C26BF656D33BE0B7CA53D740B953EC2
:100530000D7217BE899BD33C897C573D30D78ABE4C
:1005400010E9B73CA242553E04021DBEACE639BDDF
:100550007219973DFD83C8BD3A083A3DA2625CBD61
:100560009F76B8BD2EC5D53CBD6DE63DD40B7E3D16
:100570009F22073D64937CBD261A24BD408583BE1F
:10058000506DD0BDAFED8DBDFD8308BDF65FE73D7D
:10059000360146BEB517B13DA5BF97BC54E430BE89
:1005A000F5B92ABEA778BCBEC70F05BE1BDA50BE80
:1005B000B64A60BEF5DA1CBE84D73EBE44522BBE9E
:1005C000EF376A3E231245BDE3FE43BEA4C5493E54
:1005D00090BF743DCA19CABD990D32BD8F8B4ABEFA
:1005E000AFCC2BBE35F11EBEC0267BBE323C26BE34
:1005F000C9E715BE745E633E0F7B613E04C95B3E76
:10060000F949753D4BE4923E22A5593C6D563DBEDD
:100610003A3E7A3E0F4551BE8D256CBE383089BEBC
:10062000DA037DBEFC347E3EDAFEB5BDE65763BE1E
:1006300061FF75BDD0D05FBE904E95BE6EBE713E5F
:100640004E46053EAB2131BDB54F373E5A838FBE76
:1006500027A0193E0BEBC63D062FBABE8D0DDDBEA1
:10066000FE288ABE153881BE668502BE5FCE84BE76
:1006700005A568BE437395BEBABC19BE24252D3EA0
:100680002F89933EA4FCA43B6A18DE3DD82E5D3E24
:100690009390083D0DFD433EFB92B5BE9EF072BEA9
:1006A0008A3918BED55DE1BE87FE29BE3A230ABE4F
:1006B000198E073EF7AB603EC2F8A93DE1B6963D04
:1006C0007008053E4390033C382E63BE3204203E42
:1006D0001B0DC0BDAAD795BEF4A890BE63B3C3BE20
:1006E0003A414B3E1327D7BD96E997BEBE2E83BD38
:1006F000A75C513E7FDB53BE5133543E6D1B663EBB
:10070000363A673ED591A33D8E21C0BE8DEF8B3D1D
:1007100021C8013E4295B2BE999C92BE00C508BD5B
:10072000EF7447BE0342EB3C126705BE6A84BEBE4F
:10073000C6C1CDBE430206BD0A9FAD3D3A94813E7F
:10074000F25EF53DF4A3213DF5BA353E9D2FF6BB93
:100750005323743C501AAABE6E69CDBE0DC5A5BE0A
:10076000AF5BDCBED0D6E1BDDF701FBD8813983D06
:10077000F9A2DD3D67D4FCBC669F47BDB5FB553D86
:10078000008E7D3D13BB96BD7654F53DACFE183E04
:100790004CFCF1BD26AC5DBE151DC9BC47E5E63D70
:1007A00096977CBD698F97BCA14837BDB0E5353EB3
:1007B000942FE8BC0C95FF3D6DFF2A3E84473B3EDD
:1007C000C4241C3D5760D8BE82C5613B5DFCED3D35
:1007D0000266FEBD0C92BE3CDFE2A13DD5234DBDBD
:1007E0003E243C3DF4A8F8BC57E89BBED463A3BEAE
:1007F000971FB83B60AB04BDC171F93D6EFAD33DA4
:10080000581FEFBDCC97B73D4ACF54BE0F9D1E3C3D
:10081000BDC36D3A3D4639BD68E774BDE90CACBD5A
:100820002425BD3C62D78EBED97A06BBE410F1BC4C
:10083000B6A22DBEFBE814BE61E28FBC1EFCC43D17
:10084000FE640C3C3109973C57EBA43D749BF0BC13
:100850008999FDBD5B5EB9BB53250A3DB9C53CBD59
:10086000B34552BC6841C8BD9CFB8B3D36721D3DF3
:10087000D7F80C3D76892A3E46CD373E45D9DBBCBC
:100880009353DBBE4BACACBDDBDB6D3D6DE38FBD8D
:10089000F3E75B3C80D69C3DD34CF73BF52B5D3DAD
:1008A000A2EE833C5ED882BEF0DF7CBD8DD0CFBB94
:1008B000FB1FE0BC8BA45D3D82FE023D080600BE2E
:1008C0003ECCDE3CC7D70EBE98301ABC3E78ED3D1C
:1008D000541B5C3D5820FA3CD4D6883C19AE0EBD62
:1008E0003E41CABEB935693D62BE3CB909A9BBBD2E
:1008F000834F13BEBFF436BDC1E2303DFA2B643DD9
:10090000C13AEEBDE750063D9AEED53D2592A8BD11
:10091000753A103CBA6ADEBDFF5E8ABCD3BDCE3CE0
:10092000C05EA1BDF46D41BC3468A8BD91B8A7BD3F
:10093000295B44BE055147BEAE7E3C3E5C0551BEC0
:10094000FCA7DB3D959A9DBD920667BE179EB7BD7D
:10095000784530BE535994BC6EA7EDBD35F063BDEC
:10096000C21510BE80608E3B793FEEBC1650683ECB
:100970003B35B7BD8B4FC9BEE011053EB6BF733DD9
:10098000F355923D1F4DF53C5249BDBDCD01C2BD51
:10099000632912BEC364AABD096E74BE65508DBDC5
:1009A000D2E3373ED7A0873EFD15523E672C1A3D55
:1009B00076E2523E3D63BFBD53CD2CBE6ABE8A3D3A
:1009C00042957ABEAAD226BE923D42BE6E1489BE20
:1009D000B5DF9A3DC11BD23C639738BE61E3FA3C58
:1009E000810580BEE719FBBCC153483E7B88263E8B
:1009F00085790FBD567FA43DBA1572BE7D79813CC5
:100A0000EE0952BD39ECB6BE1CD15DBE6B8313BE80
:100A1000BF0A30BD4E991B3D344D583D2F3467BE43
:100A2000CBBBCABD429946BD52EE9E3D68CA3E3E12
:100A30004F78E9BD1CB4B73DFEF12E3EC3B81B3D57
:100A4000F4A6C23D2FC09EBDE4A10FBEF81C38BE67
:100A50009487C5BDF69953BEFFE9C63DBC5DAF3D69
:100A60009278F93D46994DBDD17AF83BBC05B23D2F
:100A7000DD981E3B38BBF5BD8E226B3D5B3F1DBE36
:100A8000E2757DBEDE201ABE378C22BE863CE23D7A
:100A90000B9B813D97911ABE4818863CE068073E43
:100AA000A587C1BDA033393E8080553E84113B3EB1
:100AB0004A96933C6DA983BE664F82BC3F58C63CA4
:100AC000DE58A8BE0F095FBCC503CA3BBA1241BDC0
:100AD000E1CF703D4B22FBBCA1F392BE64751BBEFF
:100AE0004EF2E3BDE38BF63ACFBD273E78970B3B42
:100AF0004E5EE4BD32E5233EB1F9B83B65532E3A74
:100B000005DDBEBD747D1FBEC64E38BEAAB520BE73
:100B10006135D6BDF6EBCE3DDC12393DE17E003DC0
:100B200096EAC2BD2716B8BD49D9A23C1825683D32
:100B3000344D183E5E9FB93C3F8EE63CBEBC803CC7
:100B4000FAEC00BE3D0CAD3B44C4CD3CAD14823C40
:100B50005873003B65E301BDD3DBBF3D1478A73C70
:100B6000BBB4C13DA725F63D4D11C03DCC7A313D0A
:100B70006D53FCBD55A618BEF0FBD73DB27FDEBD60
:100B8000A83A643DC136A23D437147BD481ADC3DD9
:100B900085D1ACBCD3F5B4BE99D325BE01F887BDD1
:100BA000CD9501BD0281CE3DFF40993D529C03BED3
:100BB000103BD33D42B01ABE6B813DBD7FF5383D41
:100BC000A8E331BD21B0F2BC880D16BD5FEED3BDE8
:100BD000F88898BB8A3F8A3C73D792BC759403BE51
:100BE00061883CBE6E171ABD87FC933DC003833DF0
:100BF0006E1544BC93ACC33D67EE613DF7583ABEF9
:100C00008445053D61A66DBD6CCDD6BC19C8333D8C
:100C1000E125F8BD6E4F10BC471F733D503A913A25
:100C2000A7E9B33D83688D3D957CEC3CA56BA6BDE3
:100C300068CCC4BD4B56453D8C4A6ABD6BB7DD3CA4
:100C4000A1655D3D874D24BD9148BB3DA2D2483D85
:100C50002783B3BE250601BEBEA0C5BD1361C3BCBC
:100C600007616E3D96404A3DEDBB22BE0491053DB5
:100C7000F260CBBD001B90BC98A7933D780DBA3DA8
:100C8000D0F1113D86E3393DF24084BDC53D56BEED
:100C9000D89F443CE3DE7CBC427729BEFBB129BE31
:100CA000AF40743BCF4B45BD139D853D40A033BD48
:100CB0003467FD3C919CAC3D6A4B1DBECFD817BB41
:100CC0007638BABD2E8E0A3D9752973B211EA9BD9C
:100CD0008C9E5BBDB85B12BC018605BEEBE008BF15
:100CE0006F48BBBEF584653ECCD27EBEF4DFC33D0B
:100CF000DCD480BE6D1AE3BE22C4F5BD9818CBBD0E
:100D00008318283D27C19B3C9819B63C594F6DBDAF
:100D10001937B53CB517513CE195C43DE81153BEB8
:100D2000797493BE28603B3D088E4B3D72F9EF3DD0
:100D300048505C3E0F42A03D7312CABCF0F9E13C42
:100D40006FD8963DBB09A6BE5B27EEBD44304E3E34
:100D500051A3703E40688D3EB1FD34BE2C9D4FBD09
:100D600001A31BBE41F4A4BD7C7DEDBD7D7515BE08
:100D7000A60D07BE6477013D75E864BED219983CA4
:100D80000A4A413EB58B59BE3942363ED44635BE3D
:100D9000FC6DCFBC6F65493E661275BC4BC9D2BDB8
:100DA000C2DC6E3D705DF1BDC0072FBD2F89B3BDA4
:100DB0005C74DABE0001CBBDA66409BEC8284FBC76
:100DC00025919D3D266FC03D5E475CBED59484BD98
:100DD00081CBE3BC5C21ACBB2C2CB83C4F07B23BB5
:100DE000E27452BDDA030D3E2596B43D5B5D0E3EC6
:100DF000342F47BD0E32C93AAEF00EBE57EC8FBD50
:100E0000D10698BE075D023EEE5F093EB551DD3D5D
:100E100013B9603C704497BDFD8689BB65C6DBBDD8
:100E20003315623C7E5659BDE63B38BDA18223BED8
:100E3000C075453B56F33CBE93386B3DA3E5103E71
:100E4000BAF8BBBDF0153D3E5C0446BC62A201BDD4
:100E50000E852F3E24EDE63D069CA5BCF6B6993CDA
:100E600064CE93BD846607BE2D5C56BD473A33BE43
:100E70002315463C4E4269BCEC178CBDD0EE503D6C
:100E80008944A13D28F492BEB4C71BBEEBE321BE4A
:100E900014CFF9BD7EE4263EB457DF3D791F17BE5F
:100EA000AC53053E2009FBBB29598E3D44A4A6BD89
:100EB000310A02BDA69B74BE728CE4BD2767683DF3
:100EC000DA1AF13D6A308D3D965C453C3C86C7BBE5
:100ED000B038FCBDE6779ABB8BDEC9BD5E4DFE3DEA
:100EE00045F5563A5EBBB43C481BA7BD98BE97BDBE
:100EF00050FD833CDBA3B73CF12FC23D5E2AB6BC5C
:100F0000A4C5F93D4296853CCA51003B15A9B03DA8
:100F100011AC2A3DD7DE273D6728EEBB37A9283D17
:100F2000D8F480BD4A29683C2F1791BD734A403DD3
:100F3000F835123D861E11BECBA2303C1D1D17BDDB
:100F40005C5536BED10545BE38324FBEAE64A7BD36
:100F50007DE60C3E0B46853DD42B55BE41B7973DF3
:100F6000DC621EBE6DE610BD2DEA933DD312EBBDD3
:100F700035619BBD6E86DBBD1AA4C03D5375CF3D68
:100F80004E42693D3D0E03BCB09164BD4E7FD6BD5F
:100F90005F5CAA3B2122F5BDBD1AA03D5567B5BADD
:100FA00000A8E23CBDC6AE3CBB0CFFBD2BA2A63CDC
:100FB0008E03AFBB207B3D3C1EF9A33D698EAC3B4D
:100FC000E8DA57BD3412613D81095C3C6EFAB3BC6E
:100FD000823CBB3CDA0498BCD00A8C3D6F2D133D9B
:100FE0000E49AD3CCCB2A7BDC5E6233DD507923C2A
:100FF000D2E0B6BCA73FBBBD06BC8C3D0E8587BE0C
:1010000070B28DBE9949B4BD47AD70BD55C07D3D30
:10101000E048803DF70409BE27A0893CA4DE53BD0B
:10102000BEDAD1BCEBE5973DB66A173DA46FD23B63
:1010300068258DBDBD1D813D99663ABD973B733DC9
:101040008DF076BC62665FBD352684BDBF4527BD89
:10105000AF270ABE75590C3D19AAE23CE59B2D3D10
:10106000EE5A023DBE4E4ABE6EC4533DCA31193DD2
:1010700048356C3DBB5F053D9DF3D3BCD810FCBD2E
:10108000E4BF803D77D834BEB70D0FBFAA2A8CBE0F
:10109000B5E130BDEA204FBEEBC4E5BA7233ACBE59
:1010A000753BB3BE6D564DBE679C86BB897DC23D08
:1010B00009A5AF3C6781763DA69BC439C6A780BC15
:1010C0003E758C3DBC23633D7FF849BE024885BE1A
:1010D000D578E93CADDDB63D1E343B3E6171383E0E
:1010E000399DE43CF8FA1A3D0072423C2BA2A63D21
:1010F000153809BE86E60ABE3194433E51A13A3EF8
:10110000406B4E3E78D07CBEC2FC85BE91B857BEC7
:101110003CC093BCF73C1FBE28D629BE1AF7E6BDDB
:10112000DC7F843D76E32DBEBA6B89BDE38AEB3D5F
:1011300094FA02BE4D487B3E1C4295BB5E2AB63CEB
:1011400033C3063E292233BEA987E8BDD3339DBDF4
:10115000899B133DE99A493DCF9F46BE7B6B20BEDC
:10116000BC2092BE76DFB1BD1900AABAD256253D89
:1011700041B6CC3D746174BEF0A2AF3BE2B0B43D69
:101180004A0C42BD98516C3D626A1BBEA208E9BD83
:101190000EDB063E3658283EC959F83DA4AB74BD57
:1011A000E1D01B3D1D20183CA13113BB7E5398BDDF
:1011B000C571803D9702B23D9980FF3DEDF0D73B70
:1011C000EE05C6BDAF5F00BE977103BE08047ABDD1
:1011D0007F3090BDC8ED97BC804403BE82759C3CB7
:1011E0007EA884BE73B8563DF7AB203EB0FE1FBE4E
:1011F000527C1C3E80B6D5BB05A3923B3C88DD3DAE
:10120000CEFA14BC134809BC8BA859BEFD2F973DDC
:101210007060723D3049E5BC3A7A7CBDF3E5C5BDEE
:10122000DCD6F6BDC8EF2DBDFB1E75BC8DB53F3DB0
:10123000EC50DDBE1041D5BDD86302BE670C13BEB5
:101240005D170E3E55A3D73D4DF564BD0DDED73D70
:1012500043E7353DE4F68B3D096EA4BD3CBD523DF0
:10126000047003BE4FCB1FBEA92F0B3EDFDEB53C83
:1012700064B2083EF52D933D2E02833D3C33C1BA46
:101280008B8A98BDFE4801BEEFA95C3D886448BDCD
:10129000745EE3BC9CA72ABE28F139BD10039DBD36
:1012A000207A123D0CB13A3EC495D3BD5BB20A3EE2
:1012B00045662EBDB70D233B7DEA983D5BCF50BD03
:1012C0009E0AD83DC215B0BD081EBF3DD95ABF3DCC
:1012D000F8E035BDE36D653D83350EBD4FEA4BBD8E
:1012E00084F329BDE14018BE5F24B43CFF7784BE7F
:1012F0007C6403BEE42FEDBDDC8350BDAD31C83D41
:10130000F0DB903D60C7FFBC446DBB3D7B69AABD6F
:1013100076C677BC1CD0923D76E01C3D5914B6BD14
:101320001C40BFBDA81CD33DDCF2113CA5660F3D9F
:10133000F2B47CBADEE863BDF0FCA23C8EAC9CBD8E
:1013400094FA32BE03B0413D2FFC203D28EF633DAF
:10135000547080BE36CD9BBD786256BC6C235E3D1A
:10136000C0AE26BDC440573CFA62AF3DD3C10ABEF1
:1013700030625F3DEF1BDF3C7156C4BD751D6A3D99
:10138000AE812DBC6FF4913DC861903D589151BC28
:10139000C5021F3D0873BBBCAC52FABC4B3AAA3D18
:1013A0003D5F33BE9EEDB13DB43B54BE929745BE0A
:1013B0007C60C73C08AD47BD5518DB3C0F432B3D57
:1013C00071E7C2BC39ECBEBCDFF9A5BD776602BCD3
:1013D000BE119D3DE3542BBD209CCFBCD95ECBBD3F
:1013E000B4E7D23D7214A0BC90D8EEBB3FE6033DFB
:1013F000640715BBC9E96B3C8EE89EBDFD4AC7BDBD
:101400007231863C8E23963D8926D03C6FD37FBEB9
:10141000F81646BE21020E3D60C9D53C3B6FE33C49
:101420000E10CC3C07978EBD4CFE47BE34BDC43A6F
:10143000342EFCBD5378A8BEBC3CDDBD4704D3BEF2
:10144000ED2C4ABE412D86BD404C52BEFCFD32BE45
:10145000249935BE89F08F3D2A52C13DE8D8C13C60
:10146000B119603DAE669DBD37DF283E1557153C6E
:1014700096941B3E4084F8BD25CE8ABBEE073CBD4A
:10148000D07FAFBDEB3B9F3D47C7353E1A89D03A71
:1014900052B80E3E10B3B73D8E3BA53C978DEEBDC6
:1014A000302ED53C0742323D6E4DBABCF339B73DC4
:1014B000302C7FBD881057BE488707BEE10CFEBDAB
:1014C000D7506ABDB81F70393DD7B7BD0AF3FE3D8E
:1014D0008F54BFBDBCEAE1BD67804B3DDBDE96BEED
:1014E000876F213E1E4EE0BCE1EE8C3DEB8EC53D8C
:1014F0005D6B5FBE23F4B3BC1E8CC8BE711B1D3E6A
:101500007D5B30BD745D28BE7808633C7BF589BE89
:10151000310656BD3FE518BB1D1C8C3D9F94493DCF
:101520006B9F5EBE202AAD3D61C228BDDDD13F3D2F
:101530000ABD9E3D4A41373C39D42FBD1DE5603D73
:10154000BE839F3ABA313D3D25B28FBCFA80003D43
:101550006A4F493C80D7C7BD4EB5B6BD834C023EED
:10156000535EAB3C15A990BD2CB81FBD493045BE9C
:101570004F2418BC82E312BED1797DBE32C647BD6E
:101580002B508BBD1DE8A1BD471EC83D29CB20BEF9
:1015900019AE8E3D522B8C3DDE1F4FBEA0875A3EAA
:1015A000ABB4453D6E322ABC7C62FD3D7AC480BE40
:1015B0001475E6BBE5410ABECAFE393EBD3A473A5C
:1015C0000CEA1B3DF94AA03D5C3850BDDE041FBD4E
:1015D00080B82BBD8CD7BCBBCBD7E53CEB38C6BEA7
:1015E000C901BBBC331853BE9128B4BC7B6A153EFD
:1015F000D61C603E9430D33BB22E0E3EBADCE0BD2A
:10160000187703BDF03263BE0F091F3D08E5DDBD4D
:10161000E0D893BDB8EABA3DEFE3C83D4A9528BE8D
:101620009F390BBECC992DBDC493DD3C3A7650BD9D
:10163000541A01BECF4884BE8ACAC6BDDC63693D68
:1016400070CE78BE2A1F02BC7C7B97BD2C48733DB0
:101650004887873D93E524BDBF48083E9A9743BC21
:101660000F4852BEBC05923D1A361ABE5DC31C3EE1
:101670005890A6BD8060CE3D713BF43D62F6B23C11
:10168000AB05F63DA1806D3B310B1DBE147912BB3D
:101690008DEC7ABEB7446EBD0A8590BEF87089BDE8
:1016A0005B0AA8BDE82EA9BDDE55CF3DF94B0B3E28
:1016B000492B9E3D46CE823D5F7C31BE172BCABD75
:1016C0003EEB9ABD577C833D0134CABCCA53D63C1D
:1016D000A913103E037AE13BB4AF0CBEE41207BE7F
:1016E00019CA19BE9F1E5B3DE3A85CBD541FC8BC50
:1016F000FC71BBBDDDEF103DED0F143D0ADAC4BE39
:101700006C24A9BD6A89953C60018C3D80828BBCAC
:101710004FAD3EBC6611CA3D1BBDBABD998235BDF9
:101720001C25AFBB9CA524BE828E963D85EE92BC47
:10173000D74C9E3DB3437C3CBAA2143AE7E31A3D32
:10174000807E5F3D2B8455BC9A96983DFDBC19BEAA
:101750006AF76B3DEA2516BEC17224BEBB61DB3C55
:10176000DCBA9BBC7CB438BD88699F3D0283843D54
:101770006BF46ABD6F49CEBD6F494EBDE59B6D3DB3
:101780007591E2BD2252D3BBAAD6C2BBE4F4B53DEB
:10179000F162E13C6B9BC2BDA0A4403C7FBC37BE64
:1017A000B37D483DDD9AF4BC691A94BC7DCC47BD3D
:1017B000F3E38F3D9AEC1FBD7E3993BE1FF321BE2C
:1017C000E928473DC3F2873D4F94443DB5E25B3D78
:1017D000664EB7BD34BCD9BD7496D93D2AE44ABE25
:1017E0005039E6BDFA5F4EBEBD01A63D2C46DD3C3C
:1017F000842CEB3D986C3CBDBCB1A03D3046843D93
:101800007A8DDD3C0C022BBDFD49DC3D185D1EBD13
:101810009814FF3DFBB0DEBC3F3A153E11E24ABDD5
:10182000B07684BE1DE6BBBE8A20CEBC02D8803A0C
:1018300064E8D8BC62BFA73C753A903D7F6A3CBD66
:10184000323C063E8F1C29BDD2E1C13DAD3469BE9C
:10185000CD5CC03DC76306BDA9833CBD5FEC7DBECA
:10186000CE7083BD6EA58FBE096EA43CBC3C1DBD71
:1018700026E59EBE0458843D5F294BBCA12C3C3D0F
:1018800050FBADBD7710BBBC3BA8843D01A68CBC12
:1018900055F7A8BEAD50A43D5839B4BA94DDCC3A42
:1018A000B62B24BE1EFA6EBC7A38013CAB59C73D3C
:1018B00074B3BFBCAD4F393DD7DCD13CE9D4153C46
:1018C000A643C7BDFC8EC13D96B3F7BC80EF363D45
:1018D0001EFD6F3D9DB9A73D0CE62F3B7CD394BD0B
:1018E0008429C2BE21C8C13C57B4393DF77801BE36
:1018F000ED9D51BCB3F0B53DB5338CBD5BEF973D6D
:10190000D6385BBDC9558C3D3D7D84BEB29F453CFC
:101910007CBA0ABE976F2DBEBEA190BE0F7F8DBD53
:101920007EC6A5BE3F3AF53C27A134BD569991BE6F
:10193000EEB1F43C302D8A3DE76F823D7462AF3DDD
:10194000FEB627BD9DF3D33CD3A1D3BCE08101BE3D
:10195000F931E63DD271F53D6473D53B3B1D48BE80
:10196000577857BDD76A8F3CCC62223ECC602CBEE4
:101970007231863C35EC77BBB56FEE3CB56DD8BDAA
:101980004CE1A13DD2AC6CBD37A7923CFC36E43DA6
:10199000BD1AE03D435908BE404B973D7369A4BE54
:1019A0007B698A385210BC3DBC3E83BED5201CBE2C
:1019B00022C5803D4C88B9BC8A91853DF4C388BD61
:1019C000645B863C86C8C9BEDE3E6BBD93FDF3BB3F
:1019D000D44780BE849F98BD628711BE2B1489BEF8
:1019E000C287923CD4B5763D05C5CFBD5B5EB9BC20
:1019F000E700C13D65E3813D0C748D3DAFB1ABBDEA
:101A00008192823C90D8EEBBA661783CD350233DB6
:101A10005B3F1D3EB1860BBB3F02BFBD255C483D11
:101A2000BC76693D63991E3E93E479BE4ACF04BEFD
:101A3000309BC0BD7026263D27BE9ABD2444393D4B
:101A40004910AE3BD9CF62BDC1FD103EAAD3E13DE6
:101A5000640424BE630B013EF03198BD4D49163D30
:101A6000CAFEB93DB5C234BE87182FBCC7293ABDDE
:101A700007ED55BD705C86BD6D3917BE35EDC23DB5
:101A8000D6ACDBBEED9DD13CA873853D4B7501BE48
:101A900000E143BDE56121BDDE759EBEA5F5D7BD64
:101AA0008D41173ECC63CD3C1D1EC23A4757293E9F
:101AB000A08D1CBDF2B4FC3DC5CBF3BD936F36BE0B
:101AC000FA0967BD4FE8353DAB5C18BE37C1073E2C
:101AD0002D404BBE096C4EBD501A0A3E5EBD8A3B7E
:101AE000BD55D73C0D344FBE64E652BE0E2FA0BE8E
:101AF0008193EDBCAC5616BE05898DBDB9FE7DBE89
:101B00000E4A28BE0CCA143EC6FB913DA65E373D68
:101B10008A5844BB99623E3EF7ADB63D24ED063E81
:101B20009DBB9D3D3623833DAA476ABEC03F85BD10
:101B3000713B44BEF5F3E6BDCD3DA43C9B3881BE70
:101B40009D63003E80B6553E581FCF3D49D8B73DF6
:101B5000D87F5D3D309B88BE2BDDE5BE570A513EE8
:101B60009C6E493E4C6B03BE76A5553E2C829FBEB3
:101B7000A08C213E02F0CFBD0A4CB7BEB24CFFBDD7
:101B8000B6BABC3D0F7CAC3DA39470BE36932FBE5D
:101B9000ECBDB8BE7AE0233DCB9D19BA6B46A63D9D
:101BA000FE2A80BD82E6333D1478A73C5EF7D63C22
:101BB000B58B89BDC8CFC63DDF19EDBCF4F8BD3C7F
:101BC00087A36BBDA819B23DA48C383C361D01BE5D
:101BD000986CDCBE357A35BD21576A3C2316313D01
:101BE0008141023EEF57A13D079A4FBC9370813D62
:101BF000A1BC0F3C3694DA3CD6356ABEF84F373D6F
:101C0000BC77D43B76FBAC3BE3516ABEFDF720BD0D
:101C10008D2491BE037D223D778493BDF148BC3B6A
:101C2000D09D603D20D22FBD800C1D3D321E25BCB5
:101C300039B69E3CD060133D44C0A13CFEB57CBE8D
:101C40008BC4443DAE48AC3D1FA106BE128661BEAA
:101C5000B7261D3D3A03E33D36AD543DC3A0CC3C11
:101C600064B022BD26E4833DFBAFF33C92E950BD56
:101C7000D289443D6490BBBB7A39EC3CB2B8FFBB1F
:101C80006B63EC3C12FA99BCE63C833D213EC8BE36
:101C9000080525BC276AE93CDC627EBD153B9A3C01
:101CA0001285563DD06013BDF4FA133D4815C5BCEE
:101CB000215B963C31080CBED6C4823DEF3CF1BCA2
:101CC0006D6FF7BD4AF08EBEB5FA2ABED74B43BE44
:101CD0002B2F79BC4E0E1FBD6822CCBD34BC593DA4
:101CE0008D5FF83C0FD5943DC5CA283D2E5393BC5B
:101CF00030F4483D67B4153DC688A4BDBA65073DBC
:101D000055FBF43D5F259FBDCCEE39BEE0136BBBA8
:101D1000F8FD9B3DEC18073EB3EE9F3C0490DABD06
:101D2000ECA5A9BC44A8D23CDCD7813CFE29953D5A
:101D3000B8EABA3C6A882A3DE4A3453D8D286D3D4A
:101D4000BBEDA2BDB118F53DCD3B4EBE1B12773C9D
:101D500035D4683DC9E93BBE0E4B83BD9CDFB03D29
:101D60007312CA3CDB35213DD448ABBDCC45FC3DAC
:101D7000336A0EBE274B2DBD5B5E39BC67464FBE36
:101D8000CD3A33BE4E9AA6BD1496D8BD52EF29BDAA
:101D90005C91183D661320BE5D53E03DD829963D09
:101DA0006E6A20BC0FD4693D8940F5BC59C16FBD36
:101DB000EB530EBCFDBEFF3C0A668C3D6859D73D17
:101DC000709953BD66BDB8BD40DAFF3B9FCCBF3DA7
:101DD000D93E043ED317C2BCDC2D49BE535DC0BD05
:101DE000C7F5AF3D118B98BC9868103C97C9003E71
:101DF0008EAD67BDA14ACD3D3A230ABD593392BD90
:101E0000234B163EA016A3BD795828BCA0C60D3E94
:101E1000E1095DBE8E226BBD3B54133D3FE2B73DF1
:101E2000B5DD24BE8F1AB3BDB4E4013EFF2509BE63
:101E3000B66801BDAF07933C4E7B4ABE621399BDA5
:101E40003A9376BDAC58DCBD32388ABDD448CB3D20
:101E500016A7DA3C0ABC533D1970F63D423E68BDF8
:101E60003FE2F73DBFF38BBD7559ECBDCD76E5BDC7
:101E70001426CC3D85EA66BD2AA77D3D11FEC5BD71
:101E800054AAA4BD334E133EB96EAABDAC6FE0BCDC
:101E900001A60C3D68ECCBBD228E35BE2103B9BD39
:101EA000A41A36BDA0178EBD0CEADBBC49A287BEC2
:101EB0000A11D0BDD02908BE4489963DDC114E3DA3
:101EC000DE051A3E41D3123D724FD73DADA5803C91
:101ED000CB2DCD3D062FFABD2DAFBCBDCCEE39BE0E
:101EE000A27FC2BD4B5770BD882E80BEE2E9153E71
:101EF000B37A373E66DCD43DDEE8A33DEAEBD93D5C
:101F0000855E4FBE5B7929BEC91C8B3DA149823DD0
:101F1000338CBBBDB7B545BDAD842EBE4F21173D3B
:101F20007808633DC18DD4BD438D12BE12D86C3E7E
:101F30004BCA5D3DA35AC43CE54506BE97E3ADBE22
:101F400044FA6D3CF8E005BEFF06ED3C804744BE18
:101F50006C429ABD9FE985BD4A42A23DA88AA93C30
:101F6000AC014A3DC1C84B3C80D33BBC8A1CE2BD9E
:101F7000B24C3F3D6B62A13D2F362D3B950E36BED8
:101F8000B76194BC6FF21B3D81B4BF3D23F80F3E97
:101F90008369983DA8E19BBD12A3273DE883853D59
:101FA000F45251BEADC286BD992E843D5038BB3C23
:101FB00086708CBD677EB5BCAAD642BE795B09BE71
:101FC0005AF3633DE3DE3CBD7FF6A33CC13B793B66
:101FD00097ACEABDB7D5ACBCF46F17BC34B9183DAB
:101FE0001DE98CBCF73F403DFB3F27BE66F6993D9F
:101FF0003BA98F3DA5BEACBDD1CD8EBE2C4AA93D1F
:1020000005DB083C185A1D3DF2B286BDE0D6DDBDA9
:1020100093FFA9BDFC70503DAE2E273D6473B53DC6
:102020000BB5263DB2493E3DBB649CBD8AE7EC3C06
:102030006BF03E3C698C963D919840BEB2A11BBCB2
:102040001FF72D3D1A6A94BC3540893D460AC53DAF
:102050005BD1E6BA2D95B73CF8E28B3C920762BDA6
:10206000AE9C3DBDE82E893D139939B96F47B8BD87
:10207000E6078EBDC3D4D6BD723231BD198F123D75
:10208000D8F58BBCFB73D1BB9164D63C490E58BDCF
:102090006C9560BD2FDFFA3B90D9593D98F8C3BDD0
:1020A0000B7E1B3D1F8410BEBF7F733D3606FD3D7A
:1020B0000E311EBDD9EC58BE53219EBC2CA0403E13
:1020C0009D9B963D2E02833D787A05BE761BF4BD1E
:1020D0008461403DC45EA83C51C1A13D0B2AAA3D8C
:1020E0006B10863D5A824CBDB801BFBDB7EB25BD14
:1020F0003FABCC3D09513EBCBD6DA63C3A59AA3D13
:102100004D301CBE323C76BD0C76A33DF985173DA3
:1021100088A082BEF86B323D1FB975BD75C84D3DB4
:10212000645B063D8429CA3C312582BE5B968FBD27
:1021300038F581BDE92887BC5E69993CCCB5E83C9F
:1021400078B80DBED53CE73DA41C4CBD7AA86DBD4A
:10215000E753873DC3D5413DB72572BD2FF91FBB5E
:102160000E83F9BC6823573C297BEB3D161591BDC6
:102170007270E9BA121700BDE44BA8BBA454023E2A
:10218000A20C053E111E3DBE44FAEDBCF9BB773DE5
:1021900039EF7FBC999A14BE2F6EC33D88D55FBDC1
:1021A000E86980BDCFD7A4BE34F50ABE9127393E79
:1021B000EA41413D1135D13C53CEF73D682141BD47
:1021C00058E4D7BC2829B038BC5BD93C0937A1BE3C
:1021D0006EF732BD546EA23C71AC8B3CD5419E3D36
:1021E000DA1CE73C56290DBEC26941BD629E95BB13
:1021F000F9BEB83CD1E6983DD4EFA23DC7F484BD0A
:102200006EDAACBDDCD711BE541E1D3D139D053EDC
:1022100064AC963D2922C33CE50CC5BD70943C3CA2
:102220002AC6B93DABAE03BD0742323B6FBC3BBDD6
:10223000EA41A13D2CB619BEDEAAEB3A90DD253E5F
:10224000F85012BE008D12BD7BA23BBE1F9FD0BDB9
:10225000C7BC8EBE9E24BD3DC4E849BE6EC3D8BE79
:1022600030D7E2BEEE06B13D0B27C9BDAA82413E82
:10227000CDAEBB3D2E582ABD10CE173EB7292E3EFF
:102280004BAB213D5EB95E3C1FD8F1BDE659A9BDFF
:10229000D5952FBEE84C9ABD72C46A3E75592C3E46
:1022A000245F293E151B933DE7A90E3EA20D00BEFB
:1022B000C4ECA53D9AEA09BE5C01853C9BFE2CBEA0
:1022C000795A9EBEF0FD8DBC8DD1DABD8B6F583E24
:1022D0001C08C93CB53201BE570655BDD942903CD9
:1022E000C2A2823D9566F33BF585C0BED07EA4BAFE
:1022F0006BB7ADBE88BBFABC240A2DBD6A3439BBAE
:102300005DE0723B6BBA1E3D9FE9253D7711263C8F
:10231000C157943D3DD2E03C425AE3BC376D063D87
:102320002176263D016D2B3D113456BE737FF5BCE1
:10233000A4FF653D89786B3CD4F3CE3D1A18F93C77
:102340007B15193D5CAC283CD8F2AA3D63458DBE97
:10235000A9F6893D6ABC943D2D5B6BBC174AE6BD6E
:1023600049BBB13DEC16013DF91355BDE44D3E3D71
:102370001E4EE03CBC9610BDE7AB84BD919AF6BD05
:102380000A6777BDEF3B063C0BF1C83CC11F3EBD61
:10239000C4064B3D4F0687BD15E4273D6150863D81
:1023A00044DF1D3D76A698BEEE95393D17490BBE1C
:1023B000F434E0BC0400C73C596C133CE10812BD86
:1023C00042AFBF3CCA53163D06F3B73D8D44283D8E
:1023D0009A93173D1975CDBD0D6EEBBCC5C8123C67
:1023E0001B10A13D82031ABEA912E5BCF31E673D76
:1023F0002827BABD758EA13D39B5333DE71765BDB8
:10240000075C97BD4CE1413DCC0C0BBEC190D5BCE7
:10241000FCC82DBCDD2892BD47E340BEB933933DD7
:102420007270E93C795AFE3C59520E3E4850FC3BD2
:10243000560F983CFC8DD6BDEDBB22BE97E4E0BDA7
:102440002FA26D3C51137D3D40A3F4BCB213DE3C82
:1024500080278DBDCF108E3D1AFBB23D9F75AD3DDF
:10246000BADB55BEFFB0253DAAD4EC3C954822BC52
:1024700084F0683D0B0998BC07405C3CBD00BB3D47
:10248000B9DE76BDC87B45BE8E77073D4AB5CF3DE8
:102490009DF228BE778669BEFEEF08BEB2A10B3E54
:1024A000D46145BD5C3BD13C50C2EC3DA33A1DBE5E
:1024B0009B57753D9D4C5CBCADDDD6BDB570B9BEBE
:1024C000ADDB203D0249F8BD481B473DDFFAB0BBFC
:1024D000126890BDADA114BE5E67C33C42CD90BCF6
:1024E00072FCB03DA394503D7F17D63D524406BDCB
:1024F00037A702BE99801FBE698E2CBD21C8C13D81
:102500008159613DBF2C6DBC121700BC6A1713BD09
:10251000FD4FFEBB60C79F3D4D13B63D889E14BD69
:10252000AD6BB4BC001FBC3D3928013E37173F3EA0
:102530000C5C1EBEE753073DED28EEBDD76BFABC21
:102540001B6658BE6C964B3CDB34763DE7C238BE0A
:10255000EAEC44BE48DE09BE6C04623DF5F27B3D08
:102560003FE3C23C388169BBAD86C4BC1956713C9F
:102570007578083D350803BE5DDC9EBE015110BE76
:102580002046083DB83F973D6A86D43D1AA7A13D35
:10259000A5A407BC39D5DA3CF792463C10EC983D2F
:1025A000B5F99F3D88BD903D228C9FBD6C5BF4BD0D
:1025B000AC3697BEDBC2733DD40FCA3D4529013E00
:1025C0001E8C58BCA8E13BBE670A1DBC3E97893DE6
:1025D00087F837BE205FE23D048EA43DFEBAD33CAF
:1025E00080F0213D5514AFBC897E2D3E1217A0BD51
:1025F000DC819ABD6E1544BDD0D12A3D74D283BE14
:102600000283C43DB77E7ABEAF5B64BE275014BE62
:10261000E561A13BE9993EBE5308E43B12F63DBE9D
:10262000BC5D8FBEABED863DD8B9293E97C9703DE4
:1026300049F55D3D8D6299BD97570EBE6DE2E43B55
:102640009B565ABE50C56D3E02D3693D1310333EB2
:10265000179AABBD118A8DBD899B03BE2008B03D82
:102660003D7DA43DA9D818BCEC141BBE9F1D50BED7
:10267000C0CD62BC21060A3EAF083E3E191DD0BD4A
:10268000389EA7BE9B3C253D873595BD3B00A23DAE
:10269000289DC83D7C658EBE4E43D4BDCF12C4BEBE
:1026A000506DD0BD3F36093D0A10853D8B6F883D8A
:1026B0009696F13D2BA6223E7D23FABD9127C93C7B
:1026C0003E933D3D08C9423DD141D7BD7DE6AC3D7D
:1026D0003B8F0ABDE6AC8FBE4A5E5D3DFDF88B3D8B
:1026E0001C27053D5471C33D3F1A1EBE9DD4B73D06
:1026F00008CC13BEADC2C63DD9242FBE36CEE63DB2
:10270000DBDD33BEF2992CBE66BF2EBE8DB3693DB4
:102710007E1E633DD49EB23D3B3597BCC784183CBA
:102720002A38BCBA6E6DC9BEE528A0BDCC7E5DBDA1
:10273000BAF7F03C9B3A8F3B47718E3DD5ED6C3D2F
:102740001173C93C309C1BBEBC78DF3DD927003ECD
:1027500032E583BE02814E3C73D647BE2ACA65BDB0
:10276000F94BAB3D6091BF3D01A5A13DA4C5993D8D
:1027700044C2773DAA9E8CBEA377AA3C2E56D43C79
:102780001E87A1BDADBD2FBE8C131FBDCFC0083DA0
:1027900028B848BECF328BBA0F09BF3DA81A7DBEFC
:1027A000E124CD3D6EDE68BE73B8D6BCCA1689BEC4
:1027B00058C9173ED3692DBE33160D3D8FFA4BBE57
:1027C0000536A7BE23118ABE8FFE273EA453D73DF0
:1027D000499D503E875150BDCE71EE3D26E3183DD8
:1027E000581AC8BE2A03E7BD79E6E53B4031F23D01
:1027F000FD493C3D4E296F3D23A1CDBD7A89313B3A
:10280000C3456E3D3B340C3E5AB9173E981695BDF4
:10281000EF3B063DCDCE22BCB5183CBD5CE5393E54
:10282000501AAA3D263AAB3D1E6F32BE34F7B0BDFA
:10283000925C3EBEC07886BC0515953D03CED2BDE8
:10284000DD2822BE609064BE0DA9823D645B863D9A
:102850002C284CBDD5EB063EC8EFEDBD0FEE5EBE9D
:10286000F0A5703AF4DD9DBE53CC21BE20B6D4BD98
:10287000DC67153CE481083D8FE0A6BDFE2A98BECA
:1028800048C133BE18D2813E909E823DC7A15E3EB4
:10289000A83999BD878C273EC7D914BE3A96F7BD93
:1028A000622FD4BD94BE103D32AB073E6971463BEA
:1028B0009AD27A3C1878AEBD2FDCB9BA4C55FA3DA5
:1028C000317DAFBC61E1643DA2B5A23CA2987CBD64
:1028D000F3C8BF3D6CEABC3DB0714D3E6878B33C77
:1028E0000FB82EBCDBC168BE8D63843DF703FEBD0F
:1028F000E6AF903D861D06BD85223DBE451007BE54
:10290000F20CBABD000341BD598BCF3D800F0EBE06
:10291000145A26BEAE6407BE3D9C80BE26E1E23D51
:102920009BCA8ABEA0FB62BE5EF435BEA8FF6C3DAA
:1029300068972FBDF75B1B3E7AC789BDFF7619BD2F
:10294000EE27E33C43CA8F3D24D5473E32AACC3D17
:1029500079AC193DA71F54BD929414BE15E116BE63
:10296000DECB3D3D27A0093DDD27473DBE66B93B97
:10297000EE5A8ABE4D14A1BC82AE3D3EFAD326BEAD
:10298000B72A093C11540D3E0F8048BE4626003E32
:102990005E83BEBC444EFF3DD3DB1FBC3A23AABDC1
:1029A000378981BD7E1CED3D4984E6BD6E4E253ED6
:1029B000484F31BEAF77FFBD5DBF60BD03990DBE0F
:1029C00062BE84BE2922C33C7B16A4BEA51183BE71
:1029D00070404B3D736811BCA169093EB42074BEC0
:1029E0008BA809BE77BF92BED40A533C554F76BE22
:1029F0007CB7793E4BAB81BD31B41A3EF2B0B0BD6D
:102A0000C5E4ADBD802CA4BD8C2D043D70B1023E4B
:102A1000C6E18CBD4CC5C6BB98A703BEF7583A3D6E
:102A200008CBD83BA2EB423EF22554BD209CAFBE62
:102A300025CD9FBC22A5B9BDE57F32BD287F373D9E
:102A4000E31904BE06D9B2BB471EE83D19AAA2BDD0
:102A5000E1EC563DE1B6B6BBDE21C53CB5C2F4BCE7
:102A6000FB78A8BDFDDC00BE5CAF29BDA0C592BD52
:102A700050C80EBDE98074BE7CB739BD0D8CFCBD5D
:102A8000DAC940BEC2C2893EC3648ABD90F8B53D72
:102A90002C0D3CBDED280EBEF65F67BC1557D5BDAD
:102AA00044DF5DBD7A5527BE410B49BD72FC10BDA8
:102AB000520C903A6F11B83DC498B43D3E932D3EF0
:102AC000195887BD16F7DFBD7FA05C3D0344C1BC2C
:102AD0005FB748BDB396C2BD2D09D03C8272DB3BC7
:102AE0009701C73D42950A3E5BD07B3D6B2BF6BC00
:102AF00088695F3BB0C98ABE3F7035BE373756BE66
:102B0000944E143EAC915D3DA5F858BE639BF4BD58
:102B1000514C5EBAB532013EE0F5D9BD69E1B23B38
:102B20005D4E09BED810FCBD7289C3BDF8FC20BE45
:102B30003A3C34BE68B32ABD53CE8FBE68B382BE62
:102B4000683E8F3E7AAB4EBE842A753DEE402DBE68
:102B50008EADE7BD6FD5B5BD5D52B5BDF295C0BCBC
:102B60000A1045BD896222BE45D91BBDDDE9CEBC38
:102B70008941503E1783373E21C9843E2AAC14BE9A
:102B800019AC98BD52D63F3E76C50CBDBD8ED83D22
:102B900030D6D7BDD6560C3E8657123C8198A43D00
:102BA000E1EE0C3E04ACD53DE4BDEABC2288733AAC
:102BB000B804E0BEC2D9ADBEB187F6BD280F1B3E3A
:102BC0004A257C3D124CA5BE9A770CBE7041B63C9E
:102BD000E195E43DF19F6EBD499FF63D45BD50BE78
:102BE000848117BE572466BD0586CCBD2BA11BBEB4
:102BF0003D45CE3DD062B1BEEC1265BEF59F9D3E17
:102C0000EA22ADBE1D72F33D3FA84BBE5EA024B9C3
:102C100082A8FBB729ECA2BD0741C7BC1C5F2BBE35
:102C2000F14701BE9A05DA3C747B09BD40897F3EBD
:102C3000F7767B3EC6DEA33E6074F9BC44F8F7BD70
:102C40005BB3353E58923CBEB16B1B3EF1B9D3BD70
:102C5000923EED3D2880E23CD1CEA93DD810FC3D0E
:102C6000B3D0EE3DD2FB063E8D7A083DE543B8BEBB
:102C700099D4B0BEE6CEACBD1E32E53D24D2B63D01
:102C800072F89CBECC7E1DBE99BACB3D5DA791BBB0
:102C900041F3B9BC85CDA03D5ED539BE2E582ABEC4
:102CA0008EE6C8BB9548C2BD744002BEAB5BBD3D5D
:102CB000E030B9BEFF5A6EBE36CE8E3E0CCAACBEF8
:102CC000B5331C3E1A860FBCC24BF03C48539D3DA9
:102CD0009F390BBE53E7513D5C0476BE1D57A3BD23
:102CE00031987F3DF9872D3D6DAE0A3E90309C3E78
:102CF000419DA23E00C6333DB971EBBDE195643DF7
:102D00003ACA71BECC41D03D64CC9DBDFCA8A63D65
:102D10002EC9A1BDDD27C73D41D73E3CEC4D4C3D02
:102D2000B8924D3E9B741B3DCC5F71BEC0CBA4BE20
:102D3000BB7F0C3EE25601BDB0E5453E1C071EBE02
:102D4000C2A38DBD80F3223ED8EF89BC9703FDBDA1
:102D5000E141933DCDAB4ABE6BD81FBEC233213C8F
:102D6000A29C68BD103CBEBCE21EEB3D546E22BE70
:102D7000B5C575BDB77D6F3E3C2D3FBE1CCEFC3C3E
:102D8000AA63953B520C903A38DBDCBA9AD27ABDF2
:102D90006939503CCCD494BE0B6220BC6A4C483D8F
:102DA000DE5A86BDB588683DBD1A603E234A833E23
:102DB000AAB6DB3D0BD096BD698D01BD87196ABEF1
:102DC000A723203EE598ECBD0264E83A23688CBD59
:102DD0007506C6BDCCECF3BBAED794BDAEF1813E5B
:102DE000F41A1BBEB746A4BDC43F7CBE4888EABEE9
:102DF00076162D3E554DF03D42944FBE032660BEE3
:102E000028D1023ED3FA3B3EE49E2EBD0F0D8BBD72
:102E100090BB98BEB2BB30BE3831543ECAA5B1BDDE
:102E2000E10A38BE027E0D3B6FD846BEBB0B74BEB6
:102E30008CDA1D3E459B13BE7522013D8B173BBEB0
:102E4000F86E13BEEA59903C5B08B2BD1920D13C24
:102E50006B606B3D7BF842BED34C97BD42EDB7BB78
:102E6000D6E4A93E1F123E3DE5B92E3E0266DEBE07
:102E70004AEF2BBE83A5FA3D601D17BE863C223E5D
:102E800015527EBD624BEF3D302A293DF2414FBCC9
:102E9000ADA2FF3D382D983D705E1CBE75AE08BEDC
:102EA0007920A2BE0F9D86BEE15DA6BE4C700A3E93
:102EB000FE282A3D757286BCE125B0BE6C06383D01
:102EC0006A14D23DE8C0323D14D1CF3DFED781BE59
:102ED000B28382BE5A81613D31B610BD636273BD5B
:102EE000218F603D27F595BE4F9143BED63B0C3EEA
:102EF000A1B9B6BE87C011BA9F7161BE6005B8BDE9
:102F000087881B3C98FA39BD5A2E9B3D53E8BCBBC1
:102F1000AFCFFCBD251F9BBDEA22A53DE1B85C3EBD
:102F2000CDE5A63D76FD423EB9163DBEDEE738BD95
:102F3000E38A8B3DB09099BE7B4C243ED849FDBCC2
:102F40001DE8E13DB8ACC23CDDB2033D0989F43D6A
:102F500005508C3B7D228FBD338D16BE7D7AD4BE4D
:102F60000075ABBE44C14CBEE541DA3D87C17CBCB7
:102F70006F47B8BCEDD557BEDE21853D4B3AAA3D23
:102F800094BFFB3C6E52D13D626544BED4BA8DBE47
:102F90000E87C53DAE7F17BD124E1BBED6C9B93DCB
:102FA00067F1BABE22530EBEDE58503EF626CEBEA4
:102FB0007E019D3DFA294EBD8A73B4BD8F52893C76
:102FC000E92972BD85EB513D84A083BD791E0CBEFD
:102FD0000D8BD13CB950D93D978C533EB8CEFF3DB7
:102FE00065FF0C3EA792813C2828C5BD76163D3D65
:102FF00047935BBE035D0B3E0F7E62BB0DFAD23D75
:10300000D13E163DEC178C3D9FADC33DCAA8723D25
:10301000A6BA003D32C627BE8C14E2BE069C65BE31
:10302000DA91EABD4D2CF03D17F3F3BC075ECDBD40
:1030300047E7DCBDE97E0E3DAC1CDA3CF6798CBB83
:1030400044A2B03D7E018DBECDCB61BE9886C13D10
:103050009C5349BAB58C14BDC64E983D605BBFBE4B
:10306000CDEA0DBE71AE113E024A83BE24D0E03DD2
:103070007F2FC53DC59187BDF9F8E43D46CEC2BC62
:10308000C4B0A33D662D15BE1002B2BDCD76A53DE0
:10309000F9F4F83DD09D403E6DAC043E342BDB3D51
:1030A0002AA9133DCE6CD7BD52EDB33D63B5F9BD32
:1030B000DC292D3E28810DBDCFD76C3DEFABF23C16
:1030C000F14BFDBBD6FFB93C0726B73DEC6C083D84
:1030D0004E63BBBD00587DBE00E49CBEA3CA10BEBB
:1030E00026E28D3DC0775BBDE71840BE74D29BBD24
:1030F000F300B63DD460FABDC6DFF63C3290C73D62
:10310000D239DFBD21756BBE223919BD65C39ABDA9
:10311000774C5D3DD159863D030734BE922553BEA1
:10312000B75F7E3EB75F3EBE2BD9F13D53CD3C3EEF
:103130003161B4BC2FDC193E4F3C27BD7C99383E31
:103140005F7C71BECEDD2EBC1971A13D861D463C53
:103150008750853E96CB863D75E5333E41D4FD3C98
:103160004146A0BDCD3E8FBD5F5D95BDED615F3E2B
:10317000A94D1CBDF7005DBC691B9FBDA60A46BEDC
:10318000F4899CBDA208C9BD4969D63DE08016BC42
:1031900080F3A2BD2904C2BE9BADECBE04AB6A3D68
:1031A000E0F3C3BAF0302D3D3291CABEAAD6823DBB
:1031B000BB60203E00AD793CD5CEB03C0EC0C6BD54
:1031C000FCDE46BE16C0043E5D6DC5BD95D449BD4E
:1031D000D5AE893C54C62FBE0E2E3DBE691BBF3DE9
:1031E0004CC3B0BE793D983B16C39DBE7E522D3D6B
:1031F0005C1C95BC54C6BF3DFCE2D23D426065BC40
:10320000410EBABE529DEE3D20D0B93D5F5F6B3E90
:103210003BA9AFBDEAEC243D4180CCBEC7F0D83C11
:1032200026FE683D922418BE179E073E197141BDC7
:103230004580033E751F00BC4546473D1900EA3DE9
:1032400079E83B3C274B8DBE246034BD72C492BEEE
:103250005FB522BEB28287BEEBC39A3DDB32603BD4
:103260007442883DBD35B0BE6000813DBB44753DB4
:103270004F9018BD6F2EFE3C06F24CBEF3AFA5BDBD
:10328000A795423D9EB29ABBCD73C4BD7E54433CCC
:103290004D1431BEE338703CA73B4F3D289984BEA6
:1032A0001B1362BD996775BEC11BD2BC375321BDCC
:1032B00041D8893D3FC99D3D7D94113D33A896BEBF
:1032C00088B8B93C8AC8B03D4B59063EB1F9B83B05
:1032D0004F06A73D6B28F5BDDF886E3C2EC9413DEA
:1032E000A8381EBEB456743D0DE2833C1D3EA93D78
:1032F000B7D52C3CCC46E7BBC85E8F3D89B2B73B07
:103300004A61BEBD4AB4A4BD1135B9BE498210BEE2
:10331000A72526BEBE4C543DA568E53B067F3F3B36
:103320007AFB43BE925D293D0B604A3D68EB603CF1
:1033300050A6D13C365A3EBE45BD603CAA2CAA3DA3
:1033400017618A3CE6078EBD2AAAFE3CB82261BE00
:1033500091B807BEB37D883D03CE62BED507123C4F
:103360005227203C261C7ABD0F9B483BFCA6903D73
:103370007235323D86C889BD6DCABDBECE52B23BE4
:1033800012DBBD3D24430E3ECEA9243DB0C7443DD3
:1033900042CFC6BD460BD03B9B72853C3672BDBD4D
:1033A0006A4E9E3DB9DFA13C7B6B003E448A013DE5
:1033B000514CDEBC9A7A9D3D0745F33CDF1717BCA4
:1033C000508D97BD6EC3B0BEC974A8BDDC9F1BBE37
:1033D0007A6D363D433C92BD5B96AF3C9E4008BE45
:1033E000E01115BD5FF069BD4EB42B3A81EABF3DD7
:1033F000F0305DBEE4A1EFBB2DEDD43D7B327FBC50
:103400009D9DACBDB054973D984F26BE19CA09BECC
:10341000E7C3733DC61642BE460BD03BF566943DEE
:10342000FA7C94BC3F55A53DEFACFD3D2A03A73D7A
:1034300039800EBECAF932BEDA8C53BCAC00FF3DF7
:1034400079CE063EC8B64C3DBCAEDF3C6D3616BDEF
:10345000A1F7C6BAA60A063D336DFFBB4643263E1A
:10346000D26EF43CFE0DDABCAA7F10BD389F3A3D07
:103470006FD8B6BAADBFA5BCAB5C283C94D910BE22
:10348000437167BE53944BBD77BC39BED787753D3A
:10349000C91C6BBE64786C3D986B91BDAC8EDCBD75
:1034A0001D734EBED13E563D5358A9BA425E8FBDE4
:1034B000ABCFD5BB560DC2BC8F1988BDC096D7BC4B
:1034C00069E3483DFAF117BC53098FBDF645423D0B
:1034D000F7912BBEF3932A3DA27D4C3E7A19E5BDB0
:1034E000334F6E3E9FE41E3EBC22783DEBFDC6BDD1
:1034F000B9A78BBD33FEFD3C7BF8B23C59C2823E7E
:10350000658F903DA9FB803CDA53723D3909853DBA
:103510006E14F9BDF78F853C164C1C3E948830BD67
:103520000342CBBD29424ABE1F6ABBBDE7732EBD15
:10353000AC57B1BD35611B3E8E030F3EA6B85ABED7
:10354000182528BD952C37BEAA658BBD44A8D2BDD1
:10355000D95EEB3DE718B0BEA721EA3DEEE83F3D5E
:1035600049F55DBDF08549BC9355113D4B3D8B3C04
:10357000ACA8813D938B11BE78469B3DD34DE2BCF8
:103580004E414EBE0989943D621399BCC45EE8BDAC
:1035900014B243BEE21DE8BE242BDF3D22C2BFBBF6
:1035A000E294D93D51D805BDD410D5BDABCDF7BE01
:1035B0000E65083EF775103E43C71E3E69AB82BEDE
:1035C000CCECF33BC8B65CBED2FCB13DC408613C58
:1035D000B60E8E3CE9D36A3DE17C6ABD4963B43DD9
:1035E000D3F6AFBC8448C6BDF9F4D83C2881ADBD44
:1035F0003D49B2BE713C9F3C419E95BE8F72B03C2E
:103600005EDAB0BDAD6C9F3C4B3D8B3CE0D7483D96
:1036100076E0BCBE4582693DD07B833D52D32EBD52
:103620006F1283BC12DC08BDC18BBE3CC633E83CC4
:103630004C71D53CB2131EBD92CFABBC9547D7BDE4
:103640001E157F3D7FA408BCA96BADBD314022BDD6
:10365000E7FC14BE7AE40F3D90129B3DC217263D55
:1036600056B7FABC0760833DFAF09CBE7C2A673DE2
:10367000C6A2A93D0858CB3D87A456BD228EF53C75
:10368000882D3DBDDD41EC3B6825AD3B6F2EFE3BFB
:103690003997E2BBD40AD33CDB330B3D543757BDDB
:1036A0004C8CA5BDAB96343DDFFA90BD4BC9B2BD85
:1036B000A1BAB9BBAE813DBE3F1BB9BB9E06ECBDF6
:1036C000E6B03B3DB3B1B2BD4D14613D9753A2BED0
:1036D0006AF72B3DBF64233DFFE89BBC61FD1F3CA7
:1036E00049D7CCBC44856A3C130A913DF44E853CD5
:1036F000855EFFBCE335AF3B5E0E9BBD96CE07BC3F
:1037000055FA893CA395DBBD62D6CBBDADFADC3C56
:10371000E6AF10BCDEAA6BBA997FF43CC9556CBD0C
:1037200082AD52BDB14F60BE15010E3DC1AC503DE2
:10373000B4588A3D15C997BD484F113C2FA699BB77
:10374000809C303D0D8E123C9A7CB3BC111A41BD59
:10375000C1AA3A3D97C62F3D4E0AF33B1289E2BDFE
:10376000C687193D350BF4BD1FA07BBCDE7576BD49
:103770003A5B10BEB30845BD41D71EBE6F0FC23DB8
:10378000AF2419BEAD50143EB29D0FBE1B8263BD67
:10379000BC0542BEBFF1353DA67DF3BC24F172BD30
:1037A000A19D533D66A0923D198E273D917E7BBC25
:1037B0000AF78A3D7A8B073CF608F5BDF279C5BC5D
:1037C0008F36CEBDDCF126BD4D30FC3DB8744CBD0E
:1037D000A9FA953B0B28043EEE96643995D3DEBDDD
:1037E0006E3014BE3C87B2BC683FD23D8732D43DB8
:1037F00052646DBD7B4ACEBC1536833CB98B303DDF
:1038000052D71A3DE8128EBC10CE27BDCFF4123D20
:10381000399DE4BC19A977BB1EFC843D8080753DB1
:10382000D97830BE6FF607BDACE1E2BD64B2B83CFA
:10383000F9F418BDDC118EBE9F3AF63D679D99BE26
:10384000E8A5123E0BB330BE01FA2DBEBA6507BE25
:10385000B20D5C3CF4DE38BE700AAB3CACFE08BD79
:1038600068EBE0B9016854BD6893C3BD3943313D8D
:1038700096240F3E419D72BE84A0C3BD3752D6BD73
:103880009CF9D53BC79D223E4FEB36BE64CD883DAB
:103890001F0E323EEBC4A5BDF2E971BD868F18BE86
:1038A0000533A63B7C9CC93D3CDC5E3EE0D65DBB5F
:1038B000325A47BDA390E43C8E730B3E78D2C2BD12
:1038C0007B32FFBAF12DAC3C284781BC4889DDBC76
:1038D00013B77ABE70EE2F3C33C0E53DC4EA0F3D0E
:1038E000FA0E9E3D1B9F093EFD8493BE0186653DF9
:1038F000BA4E633D89ED6EBC5C212CBD96CD3C3E3D
:10390000B41FB9BE9088193EEA3DADBE6763B5BE2F
:10391000314062BD30BBA73DDA00AC3DC652043E2B
:1039200021CCDDBE9946D33D58AE77BE76880FBE1A
:103930006403893D416607BE1407D0BC9C6FBCBEC2
:1039400032CAC3BEA8C8113E80B710BE60763F3EE3
:10395000427759BE0533263C459BFBBE05C0483E19
:1039600006BC3C3EAA0A5D3E6EA1C3BE197432BEBF
:1039700026C4BCBD4F963A3EB2D43ABD7B6BC03D27
:103980003CBF183E66DB99BE3545003C1A3173BE1C
:10399000435988BEA6B9F5BDBF9A73BE967B81BD5B
:1039A0007731CD3D37175FBE6152DC3D68AED33C09
:1039B000CD3CB9BB8F1A13BDA224C43D7A6EE9BEBB
:1039C000897D823D3599B1BE0BD3C7BE73309B391B
:1039D000A818873D13D5DB3DB798DF3DC53D9EBE9A
:1039E00065894E3CE42F5DBEA9DEFABD6E52B13D45
:1039F0003A06C4BDA698033CCBBECBBE412C0BBE41
:103A00000C1EE63D674504BEB284D53D2B5156BE23
:103A1000BE85F53CDAADADBECAC1AC3D2A39073E24
:103A2000D577DE3DEEE887BE122F8FBDF75A103DE9
:103A3000AB08073EDFC0E43C726CDD3D7B10C23D4D
:103A400093717CBEFD3383BAEE9343BEF0A3B2BE46
:103A50007C80EE3C390E84BE4930D53C9B1CBE3D7B
:103A6000ECA1FDBDE696163DDC800F3DD0F101BE18
:103A700000AC8E3BA9A5B93D1FF2BEBE7AC2D23DB5
:103A8000B611B7BE84638EBECD599F3D52431B3DD8
:103A90001FF4EC3D91F1083E274B6DBEDDB2C33DF6
:103AA000FFE655BEEB6E1EBC408A3A3D2D222ABE73
:103AB000C07931BD808198BEA2F0D9BB0C79C43DDC
:103AC00045F300BE27A0093E0C0431BEEA5A3B3D37
:103AD000C8B7B7BE7231C63DC250173E7903CC3C61
:103AE000435948BEB802AABD611A863D5567953D47
:103AF000D5D0A63DF297963D4772393D0AA20EBE3B
:103B0000DE76213C621444BEF14B95BEA4E4D5BCE4
:103B1000D4D678BEDD22903D0A4DB23D1DCB3BBDD3
:103B20001903EBBA213EF0BDC87C30BE666751BDBB
:103B3000FAB9513E62BCC6BE0729783D761CA7BEC5
:103B4000E08367BE7EFDF03D8BC1C33DA167033EB0
:103B5000450D363ED461E5BD55A181BC278935BEF2
:103B60002FFBD53D062C99BD792248BE61553D3BC2
:103B7000585765BE8FFD0C3EC1CAC13D4C8E5BBE21
:103B8000F9BBD73DB11A0BBE3599F1BB9A43A2BE22
:103B90001100DC3D09C3403E23F8DF3D952D22BED8
:103BA000EA7AE2BDCD5A0A3DD927C03D76370F3EAD
:103BB000806179BC7F86B73C9963D9BDA60B31BCC7
:103BC000A54919BE09C48BBD8ACBF13C85984BBE73
:103BD0007F4D563BF2D057BE41F1E33DECA5A93CE9
:103BE0009D2D20BE21C98CBD852764BE9ED2213E5D
:103BF000E38D8CBEF8A6A9BD925C7EBE67F057BE71
:103C000002BC853C9835313CB24A093E4451A03C47
:103C1000C9CC35BEE21F36BDE75026BE1DE60B3EC1
:103C200047053EBE6C2534BDAED4B339A9681CBE71
:103C30000916473E33DC40BDBC933FBE662EB03D07
:103C40005001B0BD82535FBD98A783BE9066EC3D26
:103C5000C51D6F3DADA19C3E89D008BD52F1DFBDB1
:103C6000DFDDAA3DC287723E98C2833B80D7C73D45
:103C70005FD2983C784104BEB62CFFBDB5C4CA3BA8
:103C800054C4293D6682113E0FD0BDBD1D3C13BDFD
:103C9000944C3EBE707AB7BD577847BEA8E1B3BE1C
:103CA000E223323E6F0ED73D7C60C73C151A58BEEA
:103CB000C8EF3D3E01E0083E52439BBD5B0B73BD28
:103CC00005C058BEEFA94CBE861EF13D3DB89B3DD8
:103CD0002CD41ABEBC5AEE3B35612BBEA723E0BEE6
:103CE000ADA21F3E91632B3D0B5D093B14260C3D9D
:103CF000613516BE9E7B8FBC6282FABDDA8D3E3D79
:103D0000C91D163E59C0ACBEF3E49ABC94A5163D3D
:103D1000E179A93BAF268FBD7A8CB23D8E8FAEBEC6
:103D200065FE01BEC16F833DC650AEBD378C823D7E
:103D300045D9DBBC47C90B3E1D3BE83D20D520BE25
:103D4000C0770B3E37E2A9BD516CBDBE705C56BE5C
:103D5000EA94A7BDA3767FBEA4539FBEF4FA533E58
:103D6000BF292C3D8A3C49BD5DC1BEBE1EC41E3E5E
:103D70005FD4EE3DA71F14BD702626BCA96894BE73
:103D8000209853BE89CFFD3D87E1233DBC0251BD44
:103D9000B490803D284721BED3FAA3BE6D03173EE1
:103DA0004355CCBD60CC96BD6825AD3BDE742BBEC3
:103DB000024B6E3DD21A833C70069F3D0971453E11
:103DC0009C17A7BE4A9BEABD0F63D2BDD9CD8C3DDF
:103DD0005DA3653A86E28E3D4C51A6BE423F43BE8E
:103DE000C39CC03D23832CBE1A323E3E0C3E4D3D4B
:103DF000D922093E5304D83D863C22BEB3D1093EA8
:103E00000761CEBD8A590FBE31260DBEC55991BD81
:103E1000752281BE91D690BEE52B513EA5D7663D59
:103E2000C72ED1BD753BA3BEEDBCAD3D2AABE93D70
:103E3000E338F03B9415433CB6F7A9BE56BB76BEBB
:103E4000075CB73DEA22853C79750E3DF4FDB43D33
:103E5000CE5428BE4C8B5ABE3106063EA60DC7BDB9
:103E60009755D8BC647616BDF08604BEFAB6A03D60
:103E700052D75A3CFF59D33D76E2223E91D189BEBA
:103E8000EF1DF5BD9E2633BD85EE123B677E353DA9
:103E9000AF5A593DDAC69FBE93E524BE8C81153ECC
:103EA000F4E1D9BDA5162A3E8275FC3D4701C23D0D
:103EB00042CEFB3DBAF82BBEBF63183E984D00BD05
:103EC0005663A93D7C7D2DBCFBAE88BD865491BE5A
:103ED0007FBD42BDCF864C3E1C23193DF78E9A3CD8
:103EE000C38075BEFCC401BD9BCA22BB1CEEA33CB3
:103EF000D26F5F3DA53182BECAFD4EBD122FCF3DB0
:103F0000E0BBCDBCBD1C76BDCF12C43DB24685BE64
:103F1000CA8C97BD2AA74D3E4627EBBD4E2B05BD4B
:103F2000399D64BD12A086BDEDF0573D3D4483BD73
:103F3000B24AE9BC3598263EEBE45CBE32C988BD86
:103F4000C43E81BDF19D98BC8C15D53D7FDA183EED
:103F5000F5D6C03B8AC8B0BDC5382F3E90DAA4BDA7
:103F60000A80B13DDF34DD3DCE39D83DA033093E76
:103F70001904D6BDFA7ECA3D6C5D8ABD72A6393E73
:103F80004912E43D3FE3E2BD740A62BE7AFBF33DB1
:103F900065725A3EB4C9213D7159A5BD4B0214BE8C
:103FA0004E413EBDF18373BDBE13333D4163063EBA
:103FB0009739FDBD452E983D7EE1153CB169253A06
:103FC0005F294BBDF182E83D3E3D36BE0B4239BD17
:103FD0000EBF9BBC6BF00EBE54AC1ABD84B787BC41
:103FE000FFCC603D46081FBE3BAC70BDA2D11DBDDD
:103FF0005C91183B352519BEE659C93C3E9212BC6E
:1040000076A9B1BDC0EC5EBDA837A33CDB52473DED
:10401000525F963B0117A43D4F745DBDABE7C4BD35
:10402000C18DD4BD492CE93D5C05913D0D1804BE00
:10403000B325AB3C064C00BE50899B3E3B7199BDFD
:10404000F7CB87BDB115B4BE44890ABF2634093EFB
:104050003524CE3DE3FF0EBD9A3EC3BE35B6F73DD7
:10406000D2C8E73D49658A3CBA6507BB3EB279BD17
:104070005892BCBC3080B03D69519FBBD28D90BD81
:10408000E3FBA23D825630BE618AEABECF32CB3D11
:1040900053068EBCFB5CEDBCF6798C3CFA9BD0BD24
:1040A00045A1253D03085F3DBB7CCB3DAB3FA23D19
:1040B00017F1B5BEF354C73DD4812C3DFEB57C3D10
:1040C000D0436DBDDBA7633D32ACFABE8D9A2FBDE8
:1040D00089EAAD3D613300BEB3EBDE3BA587A1BCF1
:1040E000F966FB3D04E70C3C16F975BD815A8C3D21
:1040F000242793BC44DDEFBEE2B014BED9CD1CBE74
:1041000006D952BE25208EBEC11F1E3E6E8A073DB7
:10411000E8DD183DA932CCBE93FFA93D10406A3DB1
:1041200083C04A3D82C822BD9CC054BE82725BBD22
:104130003D2AFE3D5DE2083D7C48F8BCFCE4E83DDC
:1041400018CC1FBEAAF087BE4FE8753D0393DBBDB8
:10415000E3FF8EBD40A3F4BCEAAF27BEE3C7583DE2
:104160001C959B3C9A94423DCADF9D3DB96D6FBE44
:10417000917D10BC395E013BF583BA3B97AC0ABB1D
:10418000CFA0213C963F6FBE53ECC8BDBCCADA3B02
:10419000DA1CE7BD2C9CC43D4371073DC576773DD5
:1041A000F6ECB93B446D9BBD5987A33DF0A22FBCF3
:1041B000B72AC9BD7E0258BE1956D1BD9A085BBE4A
:1041C000C3B7B0BD4AEC2A3E2B8AD73C1632973D86
:1041D000E2CC7FBEEB8DBA3D79CCA03DDB8B283D98
:1041E000F8FD1B3C30A1BABE4DBF34BEC72ED13D39
:1041F0009ACC783DBAD709BD371AC03D600031BEB0
:104200001CED08BE7A51BB3D6957E1BD48507CBCEE
:10421000E482B3BD876FC1BD0398723DB3D00E3D3C
:104220003448C13DA664793DD50657BE5A84E2BDE7
:1042300076C24BBDF4A78D3C3A5D163D473C193D17
:10424000EE0AFDBD6A4BFDBD4C6E143DB3EEDFBD05
:10425000726BB23DA2EB823DC74A4C3D386B903D3C
:10426000BAF615BE1842CE3DE8310ABD1E51813D59
:104270007C98BDBD15AD2CBEB2BE81BEADDFAC3DE0
:10428000BD6E013EB64B9BBCD1CD7EBB27A0C9BD48
:1042900075025A3D4D2F91BDF2414FBC01A6CC3D58
:1042A000938FB5BEA3044DBEDD09163EAA0F643D33
:1042B0008F39CFBD3561FB3D69A92CBE876C80BDB0
:1042C00058592B3E1C7980BDA35743BDC07BC7BC4A
:1042D000ED4A0BBE7A36EB3DBFD18EBD2D93E13D4D
:1042E0003F56B03DF1BAFEBD5A66B1BD20B49E3C0A
:1042F0002427533D2C29273E925D893DFF032CBC8A
:10430000153934BE768C8B3D3C4B30BEA9A3C33DE2
:104310006249793DF62907BD4FB2953D6FF667BEFC
:10432000AC8B5B3B7654B5BD01DB413DB8CEBFBC29
:10433000B6661BBEF33A72BE5B26333EBAF82B3E1E
:10434000831351BCFD4D80BE1DE796BDF948AA3DC3
:10435000115538BE56D7A13CF700853E761B54BE9A
:10436000EB01D3BD8484A83CB37CDD3C5C5A8DBC9E
:104370008C100E3EC4AF80BE451027BD257A393E55
:10438000ABED36BE4DD80EBE24D0203D59C4B0BDD5
:10439000BABBEEBD2A3646BE2447BABC5A4A263EB0
:1043A0006CEADCBD7382363DBC96103C9BE69DBC3E
:1043B00074D1403E3AAD5B3BD201C93CD317C2BD7C
:1043C000D6E1C83D431D96BD9A3EBBBDE23BB13C24
:1043D000056F08BD5F27D53DB0E72BBE87FD1E3CAE
:1043E000F018FEBD8D0C523E4AB7853D522A01BEE3
:1043F000CCF0BFBEC571E0BE2E75F03D7FA232BCD1
:104400004FEAAB3DF1B8C0BE08AC4C3E4701C23DDF
:10441000739F9CBCA91225BD30F5933D007533BE3A
:10442000DC49443D736811BDF73AA93CD5B1CA3C9B
:10443000327266BE6F4A99BED7F7613CB4E3E6BDFF
:10444000012FB3BD123280BE23D8983D21B1DDBD0E
:104450008CA2C73DBD3786BB795C543DEDF2A5BE4D
:104460002FF91F3D1422603A37FA983C904D32BE26
:104470000FBA04BCE1D4A7BE1FD99C3D9A7A5DBD9A
:10448000BABC393DAEBC643D705CE6BD4DC0EF3D8D
:10449000670FD4BDA16472BD1EF9033E12DCC8BC17
:1044A000865A07BF36E9363C66F423BE0AA0D8BD5B
:1044B000514D81BEA1F4C53D481A1C3DE0F78F3D2A
:1044C000C422C6BEA585EB3D63273C3D16C3D53C43
:1044D0002425BDBC7442683C8EE688BD78ECE73C80
:1044E00028B7EDBC43FF84BD2EE27B3DFB7848BE80
:1044F000D3F554BEE2CD5A3D94A0BF3A11FC2FBD76
:1045000014980EBEA130A83C97AB9FBC94A0BF3AB4
:104510003A958C3C1615713D475573BE31992A3D2D
:10452000DE21C5B9DAE6463D0A4C27BD6F9C14BDB5
:10453000AE4A62BDB900B43CF209193DD124B13B89
:104540001288173DBCCA5A3C25CA9E3D7ADE8DBCF6
:10455000A1F4E5BD05DC333DCB80B3BD37DE5DBEE8
:104560006D5467BDD11E0FBE3FE001BC680546BD5E
:104570009965AF3DCF320B3D41F1633D7E5378BE2F
:10458000EBC8113E3274EC3C8715EE3CBC76E9BCBE
:10459000AAB786BD9510ACBCA1F7C63C1669623CB3
:1045A000C53B40BD8D0A1C3DB5A734BE8FA54FBE8F
:1045B000E7C79F3DE6AFD0BDA7B353BD7F6D3DBDFF
:1045C0003BE0BA3BF983813CCCF18ABC849D223D1F
:1045D000DCBC313DFF3D08BE368FC3BC31B1793CF8
:1045E000F46DC13BFBCECF3D218F60BCC095ECBCD0
:1045F0007CF01ABD7D75153D97571EBE5CCC8F3D76
:104600004B8F26BCED9A10BC5395B63C4DBB28BED3
:10461000AA99B53CBC2062BDCA8A21BDEA5E07BE2C
:1046200099110EBEF1483C3B6C04023E1CCFE73CA6
:10463000A4A708BD1D3EE93C66148BBD40DDA03D2E
:10464000D31742BEBF292C3CCFF9C93D412E89BEAC
:10465000132BA3BD81B4FF3C8C69A6BC1D929ABDEF
:10466000488B733D5B5FC4BD068521BEAA7E153EA7
:10467000EC67F1BDD52408BE5917373C33C110BED5
:10468000B5A93ABDFE60E0BCB2BA053E03EDCE3D31
:104690005E9C98BDCB815E3D89D0083D3179033D5C
:1046A0005018043EA0A440BC5EBD4A3D55A658BD6E
:1046B0003BE03A3D7495AEBD0458E4BC4661973D7D
:1046C000D4818CBDF0A31A3D4D8518BE7ADE0DBC99
:1046D000938F5D3D63B6843D943487BE48C50FBE5D
:1046E000573F963DBDFE943EF7CDBD3DBEA491BD66
:1046F0009545C1BD53940BBDF488113EAF2782BED2
:10470000551219BD5342603EEE3F32BE300D8BBE96
:10471000FF032C3C2D7AA73B23DB39BD94856F3DED
:10472000009013BE336FB5BDA4C75F3E849B84BEAB
:10473000DB8B88BDF2962B3D3B1D88BEEF5636BE07
:104740003DEE1B3D00732D3E87BF263E140750BD36
:10475000A377AA3D0C3F78BDC5021F3D118E813E57
:10476000B01E07BE60777A3D8ACA06BC029AE83D51
:10477000E3C5C2BCC1E446BE19FED3BCB518DCBD5E
:104780000F7B213B66BBC2BD0F7F8DBD86CB3ABE82
:104790008CD6113EAC1DC53D378B77BED600C5BD4E
:1047A000244782BE14268C3DB7441EBE3C4B903D30
:1047B000BDE3BCBEAC01EA3DF78FC53D006FE1BD76
:1047C000E4F7B63CB7CFCA3D8FFAEB3C066685BB33
:1047D00011FF20BE5111673DE8A04BBD6877B0BE08
:1047E0008A20CEBD7A38013DD941A53CBCE615BE34
:1047F000ED4782BED578C93D46088F3B355F653DA4
:1048000092E68FBC25CE5ABE6BF33FBE677DCA3D94
:1048100051163E3C8B1BB73C425E97BE172CD5BC55
:10482000F01949BDB70DC33D853F033D209B843D35
:104830008CA2073DB9FC17BE0681953D61371CBEB1
:104840008B6D22BE917B3A3DB01B06BE6BB8C8BDD6
:1048500081069B3B06B90BBB7B13033D05E00FBEF6
:1048600057EC0F3EF44F70BD014E2F3D209A39BEDC
:104870003656C23D494D3BBCF0155DBC8F89143C9A
:10488000DAE7B1BCC72CFB3C503A11BA81962EBD79
:10489000B8C928BC62678ABCB7D4E1BD2E1F49BD28
:1048A000EB564F3DBEA005BDF8F9EFBD43AD89BD48
:1048B00024EF5C3D9291333B0FED233DBD1AA03CAC
:1048C000E620E8BC9EEB9BBDB4AED13C6A86D4BC6E
:1048D00073BE58BD295D7ABC52B55D3CC3EF663DE1
:1048E000A86F593D56BA3B3CD82B8C3DB56E033C66
:1048F000763363BD916195BC37FA98BC4E42E9BDF1
:10490000C3A00C3D24F25DBDD28DB0BC110107BA2D
:1049100030116FBDEB8C6F3C904C87BBF92FB03DD5
:10492000C5538FBC1C79C03D1A6FABBD6E31DF3DE6
:10493000724FB7BDF2D338BCA393253D586F54BC1A
:104940005B41133D90F8553D60AFB03B419DF2BCDB
:1049500061881CBD024BAEBD8EAF1DBE240BD83D81
:1049600070B0B7BC809B45BE69C48CBDB0CA853BE6
:1049700066D8A8BC431B00BDED806B3D2D7766BD9E
:104980006ABEAABD4C184D3C0F5E3BBC0F7E223D5B
:1049900073DA933D26E2CDBD9B91013D28F38F3C18
:1049A000D3F75A3DD53F08BCB1DEA83C37AAD33C6B
:1049B000D67091BCB5FBD53C4D694DBE4756FEBC8B
:1049C000A1F22FBC90F900394D669CBD0727A2BC0F
:1049D000B79A353DF4DFE33DADF886BC935486BD10
:1049E0003D270D3E7520EBBD11C8E53DC58FF1BDDE
:1049F00050FE8EBDDB150A3E6EC4D3BD81EB8ABC72
:104A00009DD66D3D645A9B3BED29D9BD471EA8BD7F
:104A1000234BE6BA1A4E81BEE144043EED63A5BDC8
:104A2000C76722BE6B9D383B61C5E9BD764F9EBD11
:104A30003065803D153CC53DD385D8BCE9EEBABD97
:104A40001C7A0B3DAE2825BDE21F763DCA6ADA3DD1
:104A500059340DBE74620F3D59A5F4BB59A6DF3C15
:104A6000683D9CBD42CD903C5B41D33C2044B2BDEF
:104A700047AA2FBDE3FE23BD9C887EBD1D1FED3DD3
:104A8000295BA4BCDBDBA5BE81B43FBDC9E94B3EBD
:104A9000CAFA1D3E75E99F3DE2E77FBEF9A3283CB7
:104AA0002F1606BEDD5DC73DA41BA1BDD5AEC9BD99
:104AB000F73E553EE17929BE452D95BE0A82C73C99
:104AC00060E8113DDE73E0BD6AA4253CE63CE3BC32
:104AD000586F24BED576333E9483B9BD992DD9BC89
:104AE0000FB999BCA01BEABEF3E45ABEE949593D8F
:104AF0001C402F3E8638B6BD20994EBDA4A90E3E5F
:104B00004D83223C30621FB9344A273E4D1100BE0E
:104B10007A8D1D3D3411B63CD55CAEBD5395B63C87
:104B2000B96FB5BC39260B3CFB57F6BD82026FBD91
:104B3000F54B043DF3AA4E3D32B0CE3D72FC103D24
:104B4000AF770F3E4C1980BEE15F443D6D03B7BDAA
:104B5000ED2D65BEBE8545BE0EF6363E1CD0D2BEDE
:104B60007460393ECCB297BE1441BCBE9CF82A3D5D
:104B70002B6B1B3ED3F9903DF2B6F23D0119B2BE4C
:104B8000B83D613E64EB59BECBD5C7BE564924BD86
:104B9000FB4032BEB5E005BDFB3C9EBEB9FDCABEC2
:104BA00057231B3E6E1469BE92AF243E26C795BEA6
:104BB000490FE3BDE9D184BE27A5103E0C04813D19
:104BC000FB743C3D730EAEBE47E912BEE675C43CB5
:104BD0005A2D103E9983103EDDCF393E83C2503EA0
:104BE000664990BE5587DC3B836BF6BEE57ED7BE3B
:104BF0001DE90CBD79936FBEFDA4DA3C132AD83DA4
:104C0000E3A741BEA94B463D89B7AEBD80F4EDBDDB
:104C10006B48FCBD33C2BB3DD9ED8BBEDAA9093E62
:104C2000E1425EBEF948B2BE800B923D41B7B73D4E
:104C3000CAC0C13D971CB73D1D3952BE2F32E13D60
:104C4000DD234BBEBB9CB2BDEAEACEBD645CF13C49
:104C5000CD1EE8BC69E0AFBE649211BE594FAD3DB8
:104C600055A22CBE5226953DF0A22FBDF184FEBD6B
:104C70004F0431BECB14733D3E7B6EBDBFD14EBDE4
:104C800045A105BE7498AFBD23F5BE3DDCA0D63D61
:104C9000C45F033E6FF4113E992E043EDC6755BE9F
:104CA000014C19BD9DBCF8BE1903DBBED50712BC73
:104CB00083682DBEF9D6473DC66BDE3CB071FDBCA6
:104CC000E6CAA03DBF4507BEFAEEB6BDA43601BE9A
:104CD000F6B6093E3A1E23BE5244863D9FCCFFBD28
:104CE000ED63BDBEEB39693DC976BE3D3A5BC03C64
:104CF0007DCEFD3D9E99A0BD1C5E103DDA3C4EBEB2
:104D0000910B0EBDC30F1EBE4581DE3D7C0BEB3CFF
:104D10005E4D9EBE6BF2B4BD1D75743D9F3EA2BD3F
:104D2000081D343D7AA7123E03E9C2BD69E047BEC3
:104D30008196AEBAEDD49CBDF304C23C228AE93D13
:104D40006152FCBD3B8B5E3DB686923D5299C23DA1
:104D5000C806D23D7EFE0B3E1B9F49BD6F12033A33
:104D6000BF7D85BEDFA970BE7E8A63392CF53CBE4F
:104D7000CA51403D11908FBE1DC78F3C45A02A3EB1
:104D80007B2D88BE8943B63CB41CB0BEBC58983D50
:104D90004CFDDCBD17F3F33CC095ACBD711D53BE9B
:104DA000CEA5B83B88F4BBBD58748BBD1F2BD83D36
:104DB00015AA1B3D3D2993BDACC602BEC878943BE5
:104DC0007BBBADBEDE3D803E51BF8BBDB68276BEA5
:104DD00073D9E8BB1F126EBEAD8664BE6551583EE6
:104DE0001002823E785F65BEFA412DBE5070B13D23
:104DF000D97A46BD7383A13DF04C383E011338BECD
:104E0000C631D23DEE24E23DDE04DF3BC366803C8A
:104E10001B9B0D3EEB8B84BC4129BABD157285BD31
:104E20006B44B03CABEBD03C873600BD3145B9BBE1
:104E3000438F24BF57CFC9BCC40A773EBB6389BE2A
:104E400061FE8A3DD5CA74BE8714E3BD895EC63C47
:104E50009BCB2DBE7769C33CAAB786BDC500A9BE52
:104E6000CB2E68BED4D2E4BE10AE80BD1ADC163D97
:104E70007E1CCDBDA7E933BCDBA6B83D8A3FFABE98
:104E80000A2CB83E14040FBD1904D63CC990833DCA
:104E9000376E1DBF0FEFF9BD83F8983EAED3B83E15
:104EA000F48BD2BE1F8004BEBFB95F3E685BADBD50
:104EB0006C5F003D31CF0A3EA47243BE2D7CBD3DE8
:104EC00039F07A3EDE72DDBE3BFE2B3EDB18BBBC0A
:104ED000D5EC81BC4FCB2FBE72FC103DECDD9F3D6D
:104EE000FDBB3E3E0AF74ABC598AC43DA48B8DBD2A
:104EF0009EEEBCBC481ABCBDBCB0953D554FA6BD8E
:104F0000043A533DC783CDBDB6472F3D91D5AD3C47
:104F1000F415243DE71AA6BD62A06B3DDD0A61BE13
:104F20001D76DF3C630BC13DACE398BD6F9C14BEA6
:104F30007E01BD3B2502153DDE558F3D483702BD44
:104F4000E78E3EBDF1A0D93CB79CCBBC14AEC7BC2C
:104F500099D7913CD7BE40BD76DE863D35CF11BD99
:104F60007E8A6339356351BCF04CE8BDA43807BD77
:104F7000776597BD680621BE3980DE3D2097383DB4
:104F8000C0B428BEDA8E293DC2C2093DC51D6FBD21
:104F9000126C9C3DEA5B86BDC8284F3B5DA3A53DD6
:104FA000368F63BE01DFED3D93FE1EBD8FDF2BBE4E
:104FB00090C1AABD63B86A3E6E3440BD236BED3D1F
:104FC000134819BE66A012BE1EC2B83D4C8BBA3D36
:104FD000193775BD38DB9C3D553476BE10B2ACBD7B
:104FE0008D09B13D76C50C3D4BE58DBDE5B5D23D96
:104FF0009BC8ACBDF50EB7BD518705BE4C3719BE79
:10500000D7DFF2BD37E314BE78D117BD56F05BBCD5
:10501000EB1902BD9EB4D03DE9D2BFBBA148D7BDBC
:10502000306881BDB08FEEBD20D2CFBDD785BFBD6A
:105030005FD228BE363C7D3DFEEDF23DA1F716BEA7
:10504000319A053E3198DF3DDC2A883C145DD73D1E
:10505000DFDD1ABE666AF2BD0DFAF23D259185BE0E
:105060009065313EE2CC8FBDDFFE84BEB2A030BD84
:10507000CA36103EB60FD9BD8639C13DF38F8EBEFC
:105080002AAC94BDE36CFA3D05FC0A3E60768F3D88
:1050900008E3173E983591BEAC58DCBD9DBC183E68
:1050A000906BC3BC307F053D3659833D2671F6BDFC
:1050B0003AB1E7BDE9F2E6BD9CDB94BED52553BE0F
:1050C00062F527BE637AC2BD50C6383D853FC3BC7A
:1050D000946DC03D1F69703D532013BEE57BE6BD56
:1050E000217676BE0D5531BECDE42BBE498125BE5D
:1050F0008A3FAA3D4887E73D300EAEBD8B19313E51
:105100000491153E05E18ABC0EA0FF3D84B8F2BDB6
:10511000F01585BEC8B5E13D7539A5BE6494C73D9F
:10512000BD1D11BEF25F60BE975558BCCB49183EFD
:10513000B0E535BE4297903D18063CBE228A49BC78
:10514000C4B3243E7F4C1B3E5DF8413DFB1F003E37
:10515000B15241BE1B68DEBDBAD8043E79CBD5BC86
:1051600014B409BDA0871A3EF836BDBD69A811BEAA
:10517000A4344BBE3F8F51BE1B472CBEBE170FBE83
:1051800023D933BE2288B33DB0A9F3BBB329073E70
:10519000B130043D6AF70BBEACE4B3BEFF1F77BE6F
:1051A000384BA9BDCAE18BBE295D5ABE2367113EAB
:1051B000AB41D83D58A920BD944CEE3D7730E23D3F
:1051C000F168E33B9609FF3D828E06BE2844B8BED7
:1051D00093C7F33D459B33BEEDB7F6BC2EAA55BE33
:1051E000618AB2BD91485B3C425B0E3E126B51BE80
:1051F000ACC8683A490E28BE2635043E3272163EC7
:1052000082AB3C3E034180BB5BEE4C3E4B39DFBC86
:1052100014E9FEBD191D503D86AA18BDC03CE43CF2
:10522000C8B68C3C32AA8CBD0FF1CFBD778679BE53
:105230000C5747BD3D4358BEE9F030BEB6811BBE9A
:1052400004C62A3EBC0251BC331A393E5743E2BD64
:105250006E6B2BBE581EA4BE63EC34BE96E8ECBD4C
:10526000CBF6A1BEDD232BBEAB42233EE4F7263EA8
:10527000CDB13CBEA3EA17BD382F4E3EBA68483BBD
:105280000038963DF8188CBD198E77BE6630263EE4
:1052900076AAFCBD60B166BE5D6A44BDF56313BD10
:1052A000C0AF113B9F71213D575BB13CFF58083C9B
:1052B000F8E120BE0800EE3D7BDA013E3BC4BF3C76
:1052C000CDE807BD7FDC7EBD9D4A86BEEDF0D7BC34
:1052D000B664B53D172AFFBC21B14DBECC246A3D52
:1052E000C49874BC3D0E83BC11C64FBE7C9958BE99
:1052F000A81A0DBE1F64D9BDEF8DA1BD98C36EBCA9
:10530000AE47C1BDC28451BCC1C6D5BD7F33313D9E
:10531000A52F84BD6B9DB8BD6B0F7BBD0D8DA7BD4B
:1053200061FC34BEC172443E28454B3E73D8A5BED5
:10533000DD0720BD8D45B33D27DB003EBB64BC3D92
:10534000A27D9CBE492A53BDAD14023D543589BE91
:1053500000C6933D1AFA17BED17561BE1E6D1C3D85
:105360002EAB303E965984BB0D1C903DC44097BD7A
:105370009CC11F3D302CDF3DE86A2B3DA740E63C39
:1053800089D2DEBAFAEECEBEDE3869BD57B2C33D71
:105390005915A13DEB6E5EBD03422BBD5B7A14BE79
:1053A0005DC0ABBD3F8F41BEFA4674BEA73D55BE42
:1053B000C68A6ABE842AB5BC990E9DBBCE177BBD3A
:1053C000CBA1053D84D3023C1C9731BD8D6279BDD4
:1053D000ED9A10BED99300BE388680BD24EE31BD53
:1053E000AF77BF3D2122B53D41D362BE12F9AE3C3D
:1053F0008B16E03D0379363D49F7B33D7F8471BE9E
:10540000E811E3BDE222D73D378E78BE80F18C3CB7
:10541000634723BE053481BEA2D2483D68AFFE3D3E
:1054200016C0943D4089CF3CFD15B23C53D0ED3CB5
:10543000A088853D6C787A3D5DA87C3DFD87343D34
:105440002C7E9BBE31CE9FBD90BF943D89B1CC3C9C
:10545000027F983D76C3D63DAC1B3FBE8E79FDBD25
:105460000BCFEBBD122F87BE118B90BE703E15BEC9
:105470005DF91CBE9929AD3CE1CF303D408A3A3DF3
:10548000A73B8F3D20B674BDBB9B67BD5798BEBD83
:105490000EF583BEB40198BD12A3C7BD2384473D5A
:1054A000454BBE3D1344FDBD8D0E883D50C5AD3D01
:1054B000BC04A73C1825283DDBDC48BE062A93BE69
:1054C000D7F7A13D3EB46FBE06D75C3CA5DC1DBE40
:1054D000A6601DBE7171143DDAE4F03D5264AD3C2E
:1054E00083A18E3CCC0D06BC86040C3CCFC0883D0D
:1054F000CB82A93D7428833D431A953DA77917BEF9
:105500007EC3C4BD11AB9F3DB797B43C36B1C03D1F
:10551000FD4E033E0DA8F7BD641E79BDECBEE3BD94
:1055200070220ABE10C9B8BE0B452ABEFAD421BEED
:1055300017463A3D45F03F3DB807613D9D857D3DAD
:10554000D23854BDC83F43BE325A07BEB87381BD7E
:10555000766B19BE9B745BBD739E313D7423AC3D6D
:10556000D00E383C62303F3D38A3863D07B21EBDA9
:105570004149C13D7D9421BE1D739EBE19FE933DE0
:10558000591797BE0FD1E8BD3C8386BDA14CC3BD62
:10559000780CAF3D43E7D53DE0490BBD5ED78FBDED
:1055A0006493BCBDC2124F3DC634033E56F1263E45
:1055B0009696513D4D65F13D876BB5BDED2D65BCB2
:1055C000A9D8183DADA5003BFED563BCA0C3FC3CEB
:1055D00016DDFABD86AA68BEA81A6DBE7313353BE8
:1055E00010AEC8BE6631B1BD5B26E3BDB29FE53DDE
:1055F00059FBBB3C7E3A1E3EFDFA81BD624AACBE01
:10560000B66485BE18D2E1BD4DBE19BDCB82A9BE20
:10561000316049BC096EA43D0343D63D5DA711BC72
:105620005E682E3C58710A3EE7E3DABB71C9B13DB2
:10563000431DD6BDA54E40BE2A01B13DB7EFA1BE68
:10564000E964A1BE467C67BD751EB5BDCD8FDF3D4B
:105650008509E33D2B13FE3C7635D93D3A9336BEA2
:10566000B187F63C3D0A173E4FE5243E1893FE3BBA
:105670001477B4BEA987A8BD83A2B9BDBF9DC43DA0
:10568000F41ABBBB32CB0EBEA41A36BD4A9914BD68
:1056900020D184BC5857ADBEB2831ABEFFB293BEB0
:1056A00094A0A7BE00521BBD992D59BE545287BD70
:1056B00011187BBE6E131E3E58712ABC91261EBD6A
:1056C000FBCD44BED4D5FDBD556BA13D795993BDED
:1056D000F2B19B3D0BD1213EADA6EBBDC957C23DFA
:1056E000B7B3EF3D54C5943D9BE30C3E601D47BEF0
:1056F000D78820BEEDB6EB3DD8BBA7BE8B33863D29
:10570000809F71BD60C955BE1554543D86E22E3E42
:10571000A357433D29AECA3DE965943C1CD2283CC1
:1057200065C7463D95F4703DB345D23BE2035BBE91
:1057300047E350BD5532A0BD00C6B33DFF20123D2A
:105740004C6BD33D25B0B9BCA0DD11BE492A13BDB9
:105750005AD58ABEB43D4ABE04594FBE4CFAA3BEC8
:10576000DAAAA43D2716D8BD8333083ED316D7BA8C
:10577000E36EF03DD6C999BCA5A2B1BCCFF939BE44
:10578000200B21BE8BE12ABD2332ACBB6171783D79
:10579000DCF39C3DD2AA46BEB8CDD43DE5B63D3D36
:1057A000AED4733DFAB3BF3D193993BE649457BE6E
:1057B0005DDE9C3D76888FBE4450353D2786C4BD56
:1057C0005A826CBE698A803CC53DB63DF4C21D3D1F
:1057D0007A6E613DC903913DF9878D3D1FF5573CB8
:1057E000488A083DB0E4AA3D8F8EAB3CC02415BC6E
:1057F000E4DAF0BD02F4BB3D0859563D8140C73D97
:10580000C45EA83C231275BE26FEC8BDA7E7FDBD39
:10581000310C80BE9B7388BE2EA99ABECB4712BDA9
:105820008E3F51BDB248D33DEE7B54BC09338D3D14
:1058300074624FBD973A18BE93C743BE44883BBEBF
:10584000C009E5BDED8201BDC2DCAE3D53D0ED3CEB
:105850005B2603BEF3056D3D31B47A3D51F9D7BCEB
:105860005455C83DE04D77BE02BB4ABE8505F73CA6
:10587000960583BE0002D6BBD9CE97BD25CB39BED7
:105880001F4AB43CF609E03DE431833D876C603D3E
:10589000DA0202BDB0FECF3C91EE273DBAF42F3DB7
:1058A000DC9E803D1156A33D42E8A03DDBFC7FBD60
:1058B000B3250B3E7C263B3D7384CC3DEBC5D03CF1
:1058C0002B1885BE2EC555BD4B01C9BD0B0BEEBDBA
:1058D000317DA7BED68FADBD0935C3BCBEA3063D85
:1058E0008EAC9C3DF777963D1F0FDD3DC2DCAEBD13
:1058F0009FAE2EBE3B8C49BE56B60FBE44A694BE8C
:10590000C34443BD3830B93D85EE923B508B41BD19
:1059100095B6B8BBB01D4C3DE753C7BBC5CB533D97
:10592000A94FF2BDEE4386BE6CAF053D13D7B9BE9D
:1059300041B727BEA510083D7992B4BDDFA72A3B29
:105940003B8EBF3DA70359BD51F82CBDB1A8083C03
:10595000F9812BBB6F490E3DF6CFF33D4B1FBA3D8E
:10596000B268DA3D86042CBE459D39BCA06B5F3D14
:1059700006D7DC3DC2124F3D9011D03CF8334CBEEF
:10598000DBF96EBE5A9D2CBE310BEDBBEA9788BE8B
:10599000E4A305BD7D5EF13C751E553DC4B5DA3D01
:1059A0007B88463D6090343DB1C308BE860020BE72
:1059B000E083D7BDE6E7863CC11D38BE0535DCBDBA
:1059C0007C7B57BA60587E3BA3AE35BC355FE5BDE6
:1059D00060E5903D583A9FBC105DD03C745CADBD15
:1059E000EA931CBEDDB1D83D7CF290BEAD1688BEF8
:1059F000BF292C3BF0BF05BEDBC09D3C889C0E3E02
:105A0000E40F463EB39A5E3E65562FBDDB6F6DBD1B
:105A10007E8EEF3DE2E7BF3D359B07BE0DFD13BE19
:105A2000DB6E02BE432097BC9C8AF43D1CD19DBD19
:105A3000F19BC23BCFBAE6BDCDADF03DB4731ABC0D
:105A400014958DBEE9B6C4BDC901B3BE325598BE2A
:105A50009FAFD9BC685DA3BE53750FBD556ACEBE5E
:105A6000030A553EE23ED2BDA3E7D6BD984D98BE8F
:105A7000CF686BBE2CD5853D96E86C3D787F3C3D6C
:105A800072335C3B3FE6833D0D354A3DF294B53DB4
:105A9000A25FDB3CCBA06A3E5F7CF1BDD0B93BBED0
:105AA0000458643DF2ECE2BECB64D83DB3EB5EBC7F
:105AB00011FC1FBE3258313D92AE193E21E5C73D63
:105AC000DB6DB73D8F8EAB3C5B28B9BD4A5FE83DCF
:105AD000B91BC43DFD2E6CBD155880BDDA20B3BD89
:105AE0009510ACBB4030E73D50C3B7BB8D5ECD3D9C
:105AF000AC02B5BDBC96B0BD5F42853C5E1051BEE8
:105B0000C6F90BBE836998BE1FBBEBBEE02D90B9F2
:105B1000E5F174BEA2987C3D0F5F46BEB570093EAC
:105B2000DBC4A9BD50C21CBE3EAEB5BE0DDE77BE05
:105B3000C9AE34BDFAD4313DCA1AF53B611A06BC70
:105B4000EF5957BCCAC5B83D1A88653D9F1EDB3C5E
:105B50004A95C83DBABE7FBE8B5478BE73B8163D19
:105B6000096B83BE8506E23CFF06EDBCC39A0ABE04
:105B70000C06D7BBA9DAAE3DD6C7C33D57B0CD3D65
:105B80001A519A3D5CE6B4BDBC7A553D7D927B3D91
:105B90004DBA2D3D22E13B3D83DC453D4DF885BDB1
:105BA000B9DF013EA67D93BD1134E63D8D0D5D3D0F
:105BB0008C6AB1BD9947FE3CCBF6A13C1B4C33BE71
:105BC000164E42BEF52EBEBE2E1B1DBCCE1B27BEE2
:105BD000C977693D09DE50BDF9C0EE3DCFA10CBECD
:105BE000BD8F43BE76F9C6BE24B9B4BE14B2D3BDD0
:105BF000842EE13A944DB93C855EFF3CE6E7863B56
:105C00005B5E993DF017933D917BBABC737FB53DC8
:105C10008B1650BE427A0ABEB40158BA61AA49BE78
:105C2000C0956CBD54E450BD95647DBEC6C290BCA9
:105C3000C58CB03DCD3AE33CF183B33D96E7813D61
:105C40001AE11DBE0F26053DC57160BC3D2B893D87
:105C5000D6E07D3DFEEF883C874F3ABD5D6B1F3E31
:105C6000B13385BD3FE0413D20B4FE3D04C95BBE7C
:105C7000EC34523D34F625BD8E942DBDC32818BE9C
:105C800063B8FABD155369BC4529C1BDBF986D3DC8
:105C9000C78498BD2F19A73DD6E62FBE3BC645BE8B
:105CA000221C8BBED9B151BE7FBF98BE471EA83DF6
:105CB000546F0D3DC7D548BC26A98C3DB14E153D4E
:105CC000B08CCD3DDFFBDBBD9AEC5F3D6B9B12BE24
:105CD000DCD7E1BD11A713BDCA51E0BD98F738BDAF
:105CE000EE21613C41F008BE603F44BED3C12A3E74
:105CF000C6DBCABDFCE09C3D906BC33D3C1530BE8D
:105D00009620833DD4D1713DE5D3233D2B320A3E0D
:105D1000BB7D06BE4E0908BC022C723D67620ABEFE
:105D2000D4BA8D3DF9307B3D94DDCCBD10B0D63C6E
:105D30009CBF39BEE7FB09BE8CBDD7BD80D8523CA5
:105D4000A184593D8639A1BDB77963BB9300F5BDE8
:105D50006BB7DD3D331A19BE3B342CBEF52D13BE97
:105D6000841266BD97A9A9BEA98427BD4A46CE3B29
:105D7000941719BE191D303EBEA045BD80F3E23B0D
:105D8000344706BE683EE73CBDC884BDF7CBA7BD1F
:105D9000D6C658BD6D6F17BED4B78CBD23D963BDB1
:105DA000C66948BD7896203D6B9BE23D48890D3E13
:105DB000BA85963E560D423DC8D287BD791E2C3E0F
:105DC000FF792A3E397D2DBE7AFE34BC138265BE32
:105DD0003A958C3DAC3CE13D8B3401BEC05E813DCB
:105DE000A0E298BDAE9C7D3E86E20E3D02D48CBE04
:105DF0000AA098BDBDC729BE060D9DBE598AE4BD47
:105E0000F910D4BE431C6B3D05C1B3BEC100023EB8
:105E10000876ACBEB40534BECE19C1BE2A5582BECA
:105E200095464CBBDE21553E91EE673BE0D532BE38
:105E30007364E53DD8B9C93DFF791A3DEB6E9EBD4F
:105E4000C781073E81EA8FBEE22277BE10E7A13DFF
:105E500051F7D1BE5B41F3BD608F09BCF27DF1BD4E
:105E60002E55693DD53C473E7D04DE3DAF934A3E0D
:105E70005358893D38A20BBEE910083E677FE03DCC
:105E8000174830BEEF73FC3C9D2B2ABE994BAABB32
:105E90002A710D3E6C088EBD2786143E0A6426BE0C
:105EA000E964C93DD1CA3DB943C6A3BE7C7E18BED4
:105EB00044DF85BE2AE5E5BE3B1A07BD4303B9BEF4
:105EC000C383E63DAB5F99BE5D4E293EE886CEBEFC
:105ED000836E87BE3EEA13BF0EDA6BBE5DE072BC16
:105EE0007175E03DABCD7FBC65FDE63C0BEBE63D5F
:105EF0009D48003E22C7F63D184123BD7C440C3E20
:105F00005E49E2BE9D68A7BEA7AFE73CC85EC7BEBC
:105F1000F10E90BD2BDB873BE3FC3DBEFFCD8BBC80
:105F200087C4FD3D3066CB3C42CD103E70CE883DEF
:105F3000C7F692BE2FDDC43D9A950D3E78EFA8BD01
:105F400075AE083E649592BD629E15BC4CC71C3E62
:105F50002D7891BD596C133EDD2571BD3D8190BDFD
:105F6000D1EAA43D97E17FBEC7F058BEB2BA95BE54
:105F700082C6E4BE16BEBEBBAC19A1BE7A396C3D6A
:105F800016DE75BE56661A3EDA7399BEA9867DBEC8
:105F9000653717BFAC1E88BEFCE498BECB4AB33D44
:105FA000CF81E5BAE63B783CFD2D013D6764203E9C
:105FB000506DF03D2C9D4FBD2E55A93D3E3DDEBEA2
:105FC000A0C5B2BE3F8C90BD71E647BECB4AB3BD03
:105FD0003F571BBD48FC82BEF70118BE179E173EF7
:105FE000D57653BD87E0183E232D953D00C6BBBE38
:105FF0007578C83D172BEABC556D77BD0D54163E1C
:10600000359971BC5E4D1E3DDE8F2B3EC9AAA8BDE1
:10601000A626C13DE561A13C5C1D60BE4E27F93D51
:10602000624919BEA4FB89BEC3D694BE6BF35FBEA2
:10603000768A55BD20D48DBECBBE2B3D6DFF6ABE8A
:1060400001A4163EAFB090BEA53235BE881368BE1F
:1060500099662ABE05C2CEBE7C48F83D33E1973B27
:10606000876F213DEA42EC3D7730323EF8DF0A3E51
:106070008D2712BE8B6E9D3DE94999BECA6CA8BEA4
:10608000F44FB0BDD87D47BE0EDBD6BD9F92F3BCAA
:10609000A4554DBE4F9183BE1A508F3DC3672BBE92
:1060A0004206F23D7781D23D768CA3BED999423E1D
:1060B0000CB215BEEF910DBD1A146D3ED95F26BE10
:1060C000AA626A3D16C1DF3DC4D02ABEFBE7E93DA6
:1060D0001FDAC7BC456814BEEB38FE3D492D54BEDF
:1060E000CD051EBE50C8B6BE17D4B7BBBE4E2A3DA6
:1060F000C7A073BE368F03BDCE5262BEC367AB3D31
:10610000DE0023BEF54A09BE6D03F7BC371A403DD9
:10611000FCA690BEA260A63D38656EBD47E3F0BD0B
:10612000037D323E44F76C3D53CD6C3DA88E05BED9
:106130001FD9DC3D4E9A76BE4F3CCFBE4F771EBE78
:10614000026739BE3C4ED1BC0000008000000080D8
:106150000000008000000000BD3786B50000008010
:10616000000000000000008000000000000000802F
:10617000000000000000008000000080000000001F
:10618000000000800000000000000080000000808F
:1061900000000080000000000000008000000000FF
:1061A00000000000BD378635BD3786350000000091
:1061B000000000000000000000000080000000005F
:1061C00000000080000000000000000000000080CF
:1061D00000000000BD37863600000080000000800F
:1061E000000000800000000000000080000000802F
:1061F00000000000BD3786B5931ADA37BD37063682
:1062000000000000A48CB8B700000080A48CB8384F
:10621000000000009C53C9B79C53C9B6BD378635F2
:10622000BD3786B530629FB79C53493700000000E8
:1062300000000000BD3786B56AF72B389C534936FD
:10624000E65AB4B800000080000000800000008022
:10625000000000000000008000000000000000803E
:10626000000000806F128339BD3706370000000040
:106270009C53C93600000000BD3706360000008080
:10628000000000000000000000000080000000800E
:10629000BD370639000000800000000000000080CB
:1062A000BD3786B5BD378635A48C38B7BD370636C1
:1062B00000000000D1CABDB9BD378635000000809E
:1062C000BEC02CBAB5FE96B77024D03900000000CD
:1062D000B5FE16B7BD3786B5BD370636BD3786B5B0
:1062E000931A5AB8B5FE963700000000ACC5A73621
:1062F0009C5349B6BD3786350000008030629F3818
:10630000000000800000008000000080BD3786355E
:1063100000000080BD37863500000080000000804E
:10632000EA750B3A00000080000000008BE16A373C
:10633000000000806AF7AB38000000800000000019
:106340000000008000000080ACC5A7B67B698A38D9
:10635000000000800000008000000080A48C38371E
:106360000745F3B7BD3786B59F716139BD378636AE
:106370005B9459BA0000008000000080CA54C1BA82
:1063800045F295B9399B8E3700000000BD3786B5C0
:1063900000000080000000800000008082A87BB721
:1063A000000000800000000018B490380000008059
:1063B0008BE1EA36A48CB8370F7B2139000000004E
:1063C000BD3706B6BD37063600000080BD3786B53E
:1063D000BD3706B600000000BD3786B5562A283BFB
:1063E000BD3786B59C534936B5FE1639000000000E
:1063F0008BE1EA3700000080000000800000008090
:1064000000000080000000800742B238BD3786B629
:106410009C5349B6BD3706B6931A5AB79C53C93632
:1064200020F0C0386AF72B38BD3706B8931A5AB92E
:1064300000000000BD3786359C5008B9BD3786B5D1
:10644000B5FE9637000000000000008000000080CC
:106450000000000000000080BD378635BD3706B65D
:10646000000000000000000000000000FF08C3382A
:10647000BD3786B50745F3B70000008000000080F7
:10648000000000000000000000000080BD3786B55D
:10649000000000800000000040DAFF38000000002B
:1064A00000000080B5FE1637000000809C53C936FE
:1064B00000000080000000800000008000000080DC
:1064C000000000800000000000000080000000804C
:1064D000000000009C53C936931A5A3730621F38A7
:1064E00000000000BD3786B5FDF9B6B90000008098
:1064F00000000080282CF1B8000000809C53493631
:10650000000000000000008000000080000000008B
:10651000BD3786B5BD3786B600000000000000001C
:10652000E65A3438000000809C534936BD37863522
:1065300000000000000000800000008000000080DB
:1065400000000000000000800000000000000000CB
:106550009C5349B694171939000000800000008050
:106560000000000000000000ACC5A736BD3786B5AE
:10657000000000000000000000000080000000801B
:10658000BD378635000000800000008000000080DC
:10659000BD37063600000080BD3786B59C534937AD
:1065A000BD370636BD3706B7BD3786B500000000DB
:1065B0007651F4B9ACC5A7B6A06E203900000080B2
:1065C00082A8FBB7BD3786B500000000BD3786B591
:1065D000306560B9FF05823800000000E65DF538DF
:1065E0000000008017B7D138000000800000008054
:1065F00000000080BD3786B500000080000000006C
:1066000000000080000000009C534936074573B825
:1066100016A5043A9C5349B69C5349360000000025
:10662000000000808BE16A3730621FB80000000074
:1066300000000000000000808BE1EA36FF084339CB
:10664000BD3786B59C5349B60000008000000000AD
:10665000BD370637514CDE38BD3706369C53C93638
:106660006553AEBA00000000000000809C5088B85E
:1066700020F0C038BD378635000000003DB926B98E
:10668000BD370636BD378635B5FE16B7D1CD7EB9D6
:10669000ACC5A736931A5A3849136F3900000080E9
:1066A00018B49038D5E85538BD3706B900000080D9
:1066B000ACC5A7B7282930B800000080BD3706B6A2
:1066C0009C53C9B60745F3379C53493678D4983A5A
:1066D000BD3786B5BD3786B53480373ABD3706B687
:1066E000C57677389C53C9B60000000000000080D2
:1066F00000000080000000809C534938A48C38378B
:1067000049102EB900000080ACC5A7B700000000FA
:10671000ACC5A73645F215390745F3B7139C7ABACD
:10672000BD378635ACC52738DB15FAB9399B8EB72E
:106730008BE16A38000000009C53C9B6BD3786B6AD
:1067400000000000BD3706B69C5349B7000000802A
:106750008BE16A37BD3786B6000000000745F33885
:106760008BE1EAB69C534936BD3786359C53C9B692
:10677000BD3786B50745F3379C5349B741D7BEB8F7
:1067800082A8FB3720F0C0B7BD3AC73A00000080AE
:1067900000000080FAED6B3900000080ACC5A73620
:1067A000ACC5A7B8A48CB83700000080BD3786B54B
:1067B000000000009C5349B6BD3786B6000000803B
:1067C000BD3706B6BD370637000000805985CD3885
:1067D0009C534936BD3786359738F2B9BD370637F1
:1067E000514C5E38E3C542BABD3786B568E89F397B
:1067F00000000000BD3786B50000008000000000EA
:10680000ACC5A7B600000080A48C3837BD3706376A
:10681000BD37863700000000000000800000000047
:1068200072335CB900000080BD3706B600000080FE
:10683000BD37063600000080000000800000000028
:1068400030629FB79B8D153B0000008000000080E8
:10685000C782423A00000080F7CC92389C5349B678
:10686000BD3706B6000000000000000000000080F8
:10687000000000809C5349B6BD3786B5BD3786B54C
:1068800000000080DE1E0439B5FE16B782A87B37F3
:1068900017B7D1B7931ADAB79C5349B7BD378635C6
:1068A00059854DB800000080000000000000000085
:1068B000A48C38B7BD3786B500000080BD3786B5DB
:1068C000BD3706B700000000BD370636A8A70F3950
:1068D00000000000BD370636000000000000008008
:1068E00000000080000000800000008000000080A8
:1068F000BD3706B600000080BD378635B5FE96B7B9
:10690000A8AA5039BD3786350000000000000000FD
:106910000000000000000000BD3786B6DE214538CB
:106920000000000000000080000000800000000067
:10693000000000808BE1EAB600000080BD3786B51C
:1069400000000080C57336390000008049136F389D
:1069500060AFB0B9ACC5A736ACC5273764CA87BA33
:10696000BD3786B59C5349370000000082A8FBB7AD
:10697000BD37863500000080000000804913EFB964
:10698000A48C3837ACC5A736A6988339BD3786B5F1
:10699000ACC5A738BD3786B5BD37863500000000C9
:1069A000BD3706B69C5349B60000000062BEBCB8B5
:1069B00000000080000000002C4407B9C218913A82
:1069C0000000008000000000D462703A00000080E7
:1069D000D6E5943820F0C0B782A87B38BD3786351D
:1069E000BD3706B600000000CDAF66389C5349B6EF
:1069F000399B8E37BD3706B79C5349379C53493670
:106A000082A87B3766DC54395DA365B9ACC5A7B8ED
:106A1000FF050238BD378635697146BAFBEA2AB9E7
:106A200030629F380000000020F040B98BE16A37E7
:106A30000000000000000080ACC5A73682A87B38AB
:106A40009C534937F8DEDF39000000000745F33773
:106A5000B5FE163749136FB800000080931A5AB775
:106A60002829B03782A87B3749136FB8D5E855B8C5
:106A7000D5E8D5387A6C4BB94E7ADF3A0000008001
:106A800000000080BD370638BD3786B5514C5E38F2
:106A900061C1FDB862BE3C38BD378635BD3786B5AD
:106AA0002829B037BD37063900000080000000807B
:106AB0009C5349B682A87BB7514C5E3820F04038D1
:106AC0008BE16A378BE1EA366C43C5BABD3786B5D0
:106AD000FF05023861C17DBA074573B8795DBF39DA
:106AE000000000009C5088B90000008000000000F9
:106AF00000000080A48CB8B794171939000000007A
:106B000082A87B3700000000F7CC9238000000809C
:106B1000941799B80000000028293038BD3786B591
:106B20000000008000000080D5E8D5B89C53C9372C
:106B300000000080863A2C3A00000080BD37863580
:106B4000C4EA0F3A0000008082A8FB3787C011B961
:106B5000399B0E3800000080BD3786B5EE93233890
:106B6000BD3786B5ACC527B70000000062BEBCB813
:106B7000BD3786352829B0377233DC387B690A384F
:106B800059854DB8F99E91BABD3706B6B5FE963710
:106B90008BE1EAB7BD37863518B410390000000024
:106BA000BD3706B700000080000000009C5349B6C6
:106BB000BD3706B6BD378637BD370636DE214538C8
:106BC00000000000D6E59438BD378635C1551EB9A2
:106BD00000000080BD3786B500000080BD378635D7
:106BE000ACC5A7B600000000000000009C53C9B669
:106BF0007B698AB8931A5A37BD3786365A820C3960
:106C00000000008000000000ACC5A7B6BD37863587
:106C100000000080000000800000008000000000F4
:106C2000ACC52737BD3706B6BD3706B600000080B5
:106C3000C1585F3959854D38BD3786B7F7CC12B882
:106C4000240ED9B9BD37063600000000151F1FBA43
:106C50000000008000000080000000009C5349B646
:106C6000000000009C5349B6000000800000008036
:106C70000000000000000080ACC5A73600000080C6
:106C80008BE1EA3600000000ACC5A737BD3786357A
:106C9000931A5AB700000080ACC5A73600000080E8
:106CA0000000008000000000A48C38B85BCEA53A3C
:106CB000000000009C53493659854D380000008083
:106CC000ACC5A73600000080000000800000000076
:106CD0000000008000000080BD378635ACC5A7B637
:106CE000ACC52737BD3786B500000000BD3786B676
:106CF0009C5088B80745733930629FB7931A5AB8C9
:106D00009C5349B70000000001A175BABD37063693
:106D1000BD378637000000000F7EE2B7ACC5A7B6CE
:106D20009C53493600000080BD3786B5BD37863597
:106D3000399B8E37A48C3838000000803271AB3913
:106D400082A87BB7B91C2FB982A87B3700000080CE
:106D5000BD378635BD378636BD3786B5ACC527B855
:106D6000ACC5A7378BE1EAB6745C0D3BBD37863501
:106D70000000000000000000000000809C50083966
:106D80007A6C4BB9282930390000000000000080DF
:106D90000000008000000080BD3786B6ACC527B774
:106DA000B5FE96B7E65D75399C53C9366AFAEC387C
:106DB000753FA739ACC5A7B7BF49D3B9ACC5A7B60E
:106DC000BD37063673301BBA17B751B8556735391A
:106DD000000000009C5349B69C5349B600000000D7
:106DE000000000808BE1EAB6BD378635BD3786B539
:106DF0004913EF38000000008BDEA939BD3786B596
:106E0000983531B9BD3786B5A48C383800000000FC
:106E100000000080000000802829B0377B690A3814
:106E2000BD3706B602D8003B00000000000000801D
:106E3000CB9D993900000080389ECF38ACC5A7B8EB
:106E40000F7EE23700000000BD3706B6399B8E3753
:106E5000000000009C53C9B6ACC5A7B787C011B9E4
:106E6000B5FE9637E65A343861C1FDB84CA51F3AD5
:106E70008BE1EAB6008FA8BA000000805873003A90
:106E8000BD3786352829B0B700000000000000009B
:106E9000FAED6BB9BD378636BD3786350000000088
:106EA000514C5EB8F7CC1238000000007F87223AC0
:106EB000BD3786B59C534936BD3786350D6C95B9BF
:106EC000000000802829B037ACC527B7BD3706368B
:106ED00030629FB77B690AB800000000F2B47CB949
:106EE0000742B2B8000000800000008061C17D3917
:106EF000ACC5A7B60F7BA138ACC527B7C98E8D39F5
:106F000000000080BD3786B5000000009C5349B6E4
:106F1000BD378635BD3786B6BD3786B600000080E2
:106F2000BD378637BD3706B620F0C037DE2145387D
:106F30000745F3B90F7EE2374910AE386C0638BA10
:106F400000000080000000000000000017B751B8EA
:106F5000A48C38B700000000BD3786B50000008063
:106F6000F7CC1238C5767738B5FE96B700000080AA
:106F70009F7161399C53493617B751B8BD3786B5F3
:106F8000000000800000008000000000BD3786B5D2
:106F9000000000800000000000000080DEE4B73A3E
:106FA0000000008000000000C576773ABD3706B7C4
:106FB0000000000000000080BD37863500000000A2
:106FC0000000008000000080A48C38B7BD3786B573
:106FD000BD3786B59C5349B6ACC52737BD37063695
:106FE000000000809C534937BD3786B59C5008BAD5
:106FF000BD3786350745F3377D7896B900000080A8
:10700000B5FE163700000080BD3786B50000008051
:10701000000000000000008083A53AB90000008055
:10702000ACC5A7367B690A38000000808BE1EA36E0
:10703000BD3786B5BD3706B6000000809C5349B603
:107040000000008000000000BD3786B6BD378635E1
:107050000000008000000000124DA03A0000000077
:10706000BD3706368BDE29399C5349B60000000037
:10707000BD3706B617B7D13700000080000000808A
:1070800000000080BD378635BD3786B5BD3786B771
:10709000BD3786B500000000BD370636BD3786B562
:1070A00018B49038000000800000000000000000CC
:1070B000931ADA370B5D09B91BD56939C1585F39A5
:1070C000000000000000008000000080B5FE1637C0
:1070D00000000080BF4692B9BD3786350000000031
:1070E000A06E20390000008049102E397B698A3853
:1070F000CDAF66B8ACC5A73600000080ACC5A7B759
:1071000000000000ACC5A7B7C57336B90000000089
:1071100000000080E02D103B00000000BD3786B568
:10712000BD370639BD3786B5000000000B5D09B9D3
:10713000282CF13900000080BD3706B60000008021
:107140008BE1EA37000000009C53C9B600000080C4
:10715000C573B6B882A8FB37B5FE96B773301B3A35
:107160008BE16A370742B2B8BD37063700000080AE
:1071700052491DBB8BE1EAB672335CB900000000D6
:1071800020F0C0B79C5349B600000000000000800A
:10719000BD3786B630629F37000000008BE1EA37CA
:1071A0000000008060AFB039931A5A370F7B21B9C5
:1071B0000000000082A87BB700000080BD370637C2
:1071C00017B7D1B70B5D89B9931A5A379C5349B693
:1071D0001B49823BBD378635BD3786B59C53C938C0
:1071E0000000008040DA7F38C57677B8C98E0D3947
:1071F00000000080000000809C53C93617B7D1B74B
:10720000000000000000008052499DB8A48CB838EE
:1072100040DA7F386AF7AB38399B8E3800000000BF
:1072200025CE8ABAACC5A7364F3DD2392AFEEFBA71
:10723000BD3786B716A584B9000000002C4748B9B1
:10724000BD3706B6BD37063700000080ACC5A7B60F
:107250007B698A38B5FE963749136F38BD3706B655
:107260003AAD5B3AACC5A736CDACA5B99C5349B68F
:107270000F7EE2B70000008000000080BD3786B5B9
:10728000000000008BE16A37ACC5A7B63B6D0D3B33
:1072900000000080BD3786353065E0380000008092
:1072A000399B8E37282930B80F7B213900000080A8
:1072B00000000080ACC5A736ACC527B7BD3786B582
:1072C00052499DB8BD3786368BE16A3762BE3C397C
:1072D000B5FE16B743E3093A00000080261DE5B964
:1072E00000000000399B0EB8DFA72ABA000000801A
:1072F0000000000000000000CDACA5B800000000B8
:10730000BD370636BD3706B69C5349B700000000AE
:107310009C53C93690F98039000000003BAA9A3985
:10732000000000808BE16AB7000000800000008050
:1073300000000080000000000000008000000080CD
:10734000000000800000008055A4C23A00000080C8
:1073500000000080467B3C3A0000008000000000F6
:1073600000000080BD3706360000000000000080ED
:10737000BD3786358BE1EA36931A5AB70000008094
:107380000000008000000000ACC52737BD3786B57F
:10739000389ECF38ACC5A73661C1FDB800000000EB
:1073A000ACC5273766A3F3BC5BB26ABDEA92F1BCF9
:1073B000EF739CBDC9E9EB3C6C5E85BE5E81283EE7
:1073C00027D98ABD2079673D0D6E2B3E4E9A063D2A
:1073D0003BE2903DA182033DB4E6C73CC0590ABEE2
:1073E00087A240BD7EABF53D47205E3D26C507BE6A
:1073F0003ECBD3BDEA41E13D889F9FBD0CCA34BE60
:10740000853F63BEDEE34CBE4E7AFF3D8C64CF3DCC
:10741000F4FB7E3CFC890A3D6B4430BD2DCDAD3D77
:1074200087156E3DBE835F3DF86C9DBDD9B0E63DCE
:10743000875130BE344BA2BD92B1FA3D2EE762BEF9
:1074400052F044BEED4594BD0BF0DD3C5437973D02
:1074500071E85DBE9BE4473DE69315BE3D0E53BE0D
:10746000971A21BDB29F05BE58375E3C8D42F2BDD2
:107470005C77733C4DBC83BE552FFF3D906802BDC9
:1074800062BE3C38BDE56A3DFDF9B6BB2C7D683C6B
:10749000D49AE63C54A86E3D83F62ABDBF9918BC29
:1074A00061FE4A3DF9F7293E5C3D17BE3C4E91BD59
:1074B0002BD9B13D758E413D234C21BE7F134ABE71
:1074C00049BB21BE8DEDB5BB64AD213CA2D41E3DB0
:1074D000DE7380BD2C65D9BD666C883DF964C53A04
:1074E00032FF283DBB46CB3C7617683D527C9CBDA5
:1074F00064EAAEBB8BA6133E310B4DBEDFA940BE86
:107500001D918F3D433D3D3D1904B63DA9FB50BE45
:10751000E718103D460714BEAC3C013D666CC8BD83
:1075200050C337BBC39A4ABD3201FFBDD6532B3D72
:107530008EC847BEC021D43D7765D7BD5F09C4BDA5
:10754000564ACFBC5E9F79BD4981853C2079A7BD55
:10755000A6B8AABC917E7BBD89B3C23D87A5013C7C
:10756000C842143EA83A84BD1C78753D71720F3E26
:10757000AFED8D3D2BA286BE503926BE54C3DEBD75
:107580004B90113D7923F33AFEB7923CA8561FBEAB
:107590000C1E16BE821A3E3DD717893CAB5967BDFB
:1075A00073D53C3D5663C93D111AC1BD47560EBE49
:1075B0002C9F453ED00EB8BBEE073CBE22FF4C3C94
:1075C00020994EBD7D06043E274E5EBEA7CB62BD10
:1075D0003CD93DBEA4FD0F3E08AD57BE06BB213DC4
:1075E000F987CDBDE41247BD3F73F63D09C48BBD9D
:1075F000B79B603D4AB890BD1B9B5DBDBEC127BE19
:10760000CCECD3BD641EF93C1344BDBD6AC060BD63
:1076100062C012BEA5828A3D6AA6FBBCD8D5A43D35
:107620008EB0283B4A9ABF3DD36A183E39D6853D75
:10763000AF0B4FBEE44EE93B384A4EBEB9E38D3D39
:107640001BF24F3C267201BDBCB2EBBD8D9AAFBDA3
:10765000E701AC3CCC2981BC8334A3BDF180F23D71
:10766000C652E43D319453BD080698BEE0A1283EC1
:107670006953D53D644086BEB7B6703D6BF32FBEEF
:107680007E1EA33DECFA75BE6EF9E8BD49F48ABED4
:10769000853F333EFFEB7CBECC0C9B3C3EB364BDD0
:1076A000EB3BBFBCE84A243E7FDBB3BD69C6223C4E
:1076B000278664BD9ED241BC67B7D6BD50C6B8BD53
:1076C00083BE743D4A9613BE8A931BBE0FD1E8BC9D
:1076D00089CE32BD79AE6FBD863BB73D130A11BD71
:1076E0009850A13DB2497E3DC58DDB3C34646CBEF3
:1076F000CEA9243DB9C491BEAEBA8E3CFC0024BDD7
:10770000204648BDB89308BB8D0B47BE17F3333DE9
:10771000876E763DE15D6E3D8B8CEE3DBC74D33D56
:10772000D1790D3C0C768BBE74B5B53D575E123EDB
:10773000ECA529BEF7583ABD591707BE62F6723D4F
:10774000615086BD0B9A16BEDEAE67BEE86B763E14
:107750003013853DA6B72FBE85EFFDBCCD3DA4BD42
:1077600099479E3DE5B4A7BDE620C83D58E32C3DB2
:10777000ED2DE53BF2B47C3DAC02B53D8D5F383D6F
:107780004F969A3D6B7EFC3C3F0114BDEF914DBD81
:10779000AB5C083E9B702FBC9FE4AEBD7AE023BE7D
:1077A000E7AB24BD1C2705BE205D8CBD8F3884BD92
:1077B000FD12713CE23C9CBA32590C3E35466B3DA1
:1077C000284701BE3D644ABD8C15B53C4C8BFABBC5
:1077D000187BEF3D2713B73CBE13B3BBBF1032BEBF
:1077E0002D22AA3DCF134F3CACE403BE49F52DBE7C
:1077F000983531BAFCC617BD795BE9BD4C19D8BDC7
:107800000EDB563D95D3FEBDC09657BE726DA8BA2D
:10781000DBFBB4BDCF2C893C8E8FF6BDFDA1993D1D
:10782000E3E012BD3C6C223D67283E3E950F813D52
:10783000D7A1BA3D371BABBC3C8471BCEE93A33BD4
:10784000B9192E3D1AE12DBDCA6D7B3C0052BB3DDE
:10785000F17EDC3DB4E8BDBDF0C341BD8C860C3C7F
:1078600060C8EABB4983DBBDCCEF34BE9A5B21BD67
:10787000ACABA2BDBD52D63D02F13ABD77F40FBE0E
:107880008E21003D124C753DEFCA2E3D7650493D8C
:1078900043AB93BC7B832FBD261C3ABDF436763DAB
:1078A000C70F153DA30332BEC6DECBBD7D24853D8B
:1078B000956508BC7555A0BC0F7F4DBE191F263DB0
:1078C0008AC810BE2A1F82BCA306B3BD7B327FBB11
:1078D0003674333CFA440EBEFC1DAA3DD8D3EEBD2F
:1078E0002E8CF43C4AEEB03C755520BDCA8720BCB6
:1078F0001CB7983C0264E83A1A8865BD111C573DD4
:10790000363CDDBD08CDAE3DD15B3C3DC4EDB03D68
:1079100093028BBDF3CA753CD5053C3D02BB9A3C36
:107920006D1E87BD9CFB83BEEC34D2BC8B6BFCBC54
:1079300029784A3D0FB82EBD088EABBD50896B3BF0
:10794000ADDFCC3C42437F3CE90DD73DD6E594BC4E
:107950002B8AD73CF44D9A3B2F8888BD4180CC3D83
:10796000DDB1583CE2B0F4BDBCC96F3D191DD0BDBE
:107970009851AC3D59340DBE323AC0BDADF71BBE77
:1079800024460F3D45D91BBD569B7FBC844B073D0C
:1079900023861DBE0282993DDFA76ABE47E5A63C4D
:1079A00064E903BD8126423CC6A710BE501CE0BD61
:1079B0003CD8623DEDD3D1BD8F53943D607419BE68
:1079C000B076943DADF75BBDF1664D3D6E6A20BC6F
:1079D0006342CCBCEC4B763D946B0A3DFD4ED3BD6F
:1079E000A7E6F23C7A6C4B39A2CFA73DCBD9DB3D61
:1079F00029E70B3DDF6B083D2272FA3CFAED8BBDA7
:107A0000695676BD215C81BCBEA1303D8654113DD6
:107A1000320480BC63D560BEA6D3FA3D3FE16C3D25
:107A20003A1E93BDCEC3A93DC6FB01BE3AE69C3DBE
:107A3000F165C2BD71AFECBD1F1088BD0394063E59
:107A40003E7697BC882BE7BC9ACF39BCEC1205BEBA
:107A5000BC7A153D6EC0B7BEE90A76BD8654D1BC6E
:107A6000ABD12B3CF17F47BD66868DBC2847813C5E
:107A70001D8EAE3BF510CD3D16BE2EBECAE27E3C3D
:107A80008C105EBDC45BC73D0E2F48BD4B3F61BC33
:107A90006EC4B33D7CD209BB44694FBE9F8FB23CDC
:107AA000876D8B3C0C5BB33D700A6B3D76C2CB3C63
:107AB00011E0B43D5B27CEBDB22C98BA7766423D4B
:107AC0007593183DA0A4803D49A0413D505581BD0E
:107AD00021066ABE9548223D7BF6DC3D93E1B8BDA8
:107AE000DD40813C1B620CBE25EC1B3D0E83B93D85
:107AF0001DAF10BE2EFE363D5CE6F43CC993A43D9E
:107B000025CB29BE90F409BEEE0952BE29ECA23C59
:107B1000C38190BDD1790D3D1F819F3DC9B03ABE53
:107B2000B4E3463DE4D6243C672658BDE1240D3D30
:107B3000E44BA8BA38BAEABDA16949BDC98F983DDE
:107B4000FAB74B3D93FE3EBEBEC137BECA54C13BE1
:107B50005A9D5CBDFB950E3DBB61BB3DCA341A3DD1
:107B6000BDE0533D6500583E4C6BD3BAC26A5CBE63
:107B700059A5F4BBEA5BE63C92CE003EA515DF3D7D
:107B8000FBB1093D3604E7BD54FFA0BD6501133EBE
:107B90000D6E0BBEC2FC553DD3666CBED0B7A5BD05
:107BA00012DBDDBDC0CF98BDBEF5E1BDF0526ABCB1
:107BB000C8435FBE8EE989BD91269E3D321EC5BD7C
:107BC00033375FBD404FA3BD344B023E548E493D19
:107BD00080B82B3CE202B03D462505BEF7E7223CCB
:107BE000BEA3C63CC11FFEBC54E4103D902D0B3D0E
:107BF0008F1A93BDF2B47C39C26CC23DA27F023CA5
:107C000013D7B1BCE92CB3BAC98FF8BC8A55033B72
:107C100054E3253C89F06FBDA8A6243D69AB12BC96
:107C20005B41433E591797BDEEED66BE0934583BA4
:107C3000414ACC3D8753A63DD61B353D8CA0B1BDF6
:107C4000F18373BC4912043C86FFB43D965AEFBDE4
:107C50008657923BE3FB02BEC284D13B07B64ABDC6
:107C600021AFA7BD8A7625BEF0A570BB9C1476BE59
:107C7000C5038ABD8E01D93CC23020BDF62606BDA3
:107C80005B9A2BBEFEEE1D3D6971463AF44D5A3D9E
:107C9000A4E4B5BD6633E7BD2499553CE200FA3C47
:107CA000D0D42BBD5280A83C83A1CE3D0FBA24BEB8
:107CB0006150663D0476D53DF1D99A3DD9942BBDEE
:107CC000F261F63C2997A6BDC024553D4277493D57
:107CD000D1402CBDEA7A223C56B7FABCA8C5803DFB
:107CE000B5C234BDD6FE0EBEF75B9B3DE25A6DBCFD
:107CF000ADDDF63C7C9B9E3D16855DBDC53D16BC4D
:107D00008849B83A16A4B9BD72F98F3CA12ED2BCED
:107D1000855B3EBD0C7302BC419A913DEE22CC3C8A
:107D2000137C9BBEEAB2583DC6BE54BE2CEFAABC23
:107D30001A15983D7349D5BC7F888D3CA16753BE09
:107D40008717043D272FD2BD600237BD707D18BD57
:107D50002D431C3DE20290BDF19B023D498185BC53
:107D600045DA46BDDF70DF3DA32329BEC555E53D9D
:107D7000744614BD3FE2D7BC649251BD9544B6BD74
:107D80002C81943A49BD273DC764913D3D0A173D7A
:107D900038876B3D6A6CAF3DD0259C3D8124CC3D3E
:107DA0004837C23BE38B763BA111ACBD58C59B3C29
:107DB00003232F3DBB430A3DDE8F5BBCD3D9C9BC37
:107DC0001EC042BE520EC63DBC2238BD39B95FBD91
:107DD00076E35D3C4C19383DCC246A3C22FFCCB99B
:107DE0007EABF5BC27335E3D11FE453D3B6E783CD6
:107DF000C28712BD6B61B63D4E412EBED540F33CED
:107E00006FF687BDDFBF39BE4B03BF3C404E183C09
:107E1000D12130BDB4E4F1BB5FD303BD906882BD16
:107E2000CD90AABCEA3F3BBE7632383D2A73333D43
:107E300019ABAD3D96EDC3BDF581A4BD21E8883DEC
:107E4000315EB3BD2862B1BD85B2303D97C6AF3C4F
:107E5000E545163EEA92013EF016E83DB134703C2D
:107E6000BBB4E1BC342C06BDAE458B3C72DEBF3DDD
:107E7000F3E5853D91485B3B79792ABEB9C6E7BDFC
:107E80004FAE89BD2671D63CB2D6F0BD180541BCB7
:107E900085798FBD28F284BD191BBA3C6E1815BEBA
:107EA0003A3B493EFF04D7BDF86C9D3CC38386BD79
:107EB000D2FB06BE21E8E8BD15376EBD8A75EABD66
:107EC000992E443D1BF20FBD7F4DD63A16C21ABE05
:107ED000D49E923DFE7F5C3D15E0BBBCFE6060BC65
:107EE000C898BBBD287C76BD7DAE363D3D44033E83
:107EF00018B12FBECB8655BE80D7E73D8D0C92BD05
:107F000030F2423ED5E8053E4A257C3DE7E2EF3CB3
:107F1000855D143EAE49973DDE5434BE965B9A3D76
:107F20006EA2163CA036AABC2499D5BC2EE6A73D6D
:107F300066118ABCBE1373BD36E6B53D1E703DBEEC
:107F40000400E73D21CB22BE7156E4BD4C34C8BDD0
:107F5000EC1641BD0B5D893A50FE0EBE88BA1FBEBD
:107F6000B6813BBD6DE43A3D57E8C3BD079B9ABD62
:107F700018CE05BE61E0393D7A37963C11E54B3DA0
:107F8000A94CB1BDD46446BC548B08BCE76DAC3D74
:107F900073301BBA47C7B53D198D3C3D215900BE12
:107FA000F25B34BD12DEFE3DC251723D079663BDE9
:107FB000D04503BD8ECC63BD46B3323CB8C9E83D65
:107FC0005B095D3D342DD13D76E09C3DEA05BF3D2A
:107FD000E1B4803DAE9C95BEE481C83CFB231C3ED1
:107FE00080B6D5BC2B310FBD8271F03CDA8CD3BB8F
:107FF0002C672FBDC47A633DA68004BE342BFB3DA5
:10800000BDDF08BEEB711FBDF91054BD359A1CBE13
:10801000E0F4CEBDE42E423BE09D1CBE4A0941BCCB
:10802000EC85023DC59272BD091AD3BD2CBB30BE92
:1080300038320FBDA7B0923D7714873D03ECA3BD46
:10804000CEA683BD3BA7593DEFAD383E92EB663DD2
:1080500032C6A73D2DE89D3DD4D3A7BDF228953C5F
:10806000DF8B6F3D1574BB3D3EB40FBC47AF063D83
:108070005393E03C8BDE693D5A63003E3A7A3CBD47
:10808000FA98AF3DC630A7BCE15E19BDEF1C4A3C73
:10809000B2F24BBE7CD209BB1B110CBC47CC2CBD31
:1080A000F914803CE1606FBDF629473C484FB13D73
:1080B000E8F818BE8B53ADBD7C46823D5E4A7DBE5E
:1080C000554B9ABD9E5D7E3DD6E1C8BDBD0083BEC9
:1080D00094F6C63DAE2960BE2043C7BB18066C3D72
:1080E000F3CB80BD2E04393DF833DCBD1E35C6BD53
:1080F0007F854C3C3048FABB334E43BDDF6E493D73
:10810000904B1C3D28BA0E3E59C3E53D465C803D70
:10811000CE177B3DE4A2BABD655544BD8812CDBDE6
:1081200071572F3C0A6A98BD4F3FA8BCA27FA23D61
:1081300065894E3D8A3B1E3E76FD42BD7D25103C45
:10814000266D8ABDC91EA13D4582293D490E08BE46
:108150002A72083B753B3BBD80D4A6BC3CA503BD41
:10816000396142BC48A8993C6878B3BB0E2F28BE41
:108170002DED943D3ACEEDBC5228EBBDDA726EBDCA
:10818000662E903DC422063D9A5F4DBDB58A7E3C69
:1081900066A4DEBDB22FD9BC22507D3CACC868BD00
:1081A000D11F9A3D84BA88BDA5F7CDBD00E1C33C7F
:1081B0002EAD06BC73D9E83C4B04AA3CED0DBE3B8A
:1081C0001A16633D153A8F3D6E317FBDE10CFE3CC2
:1081D00092201CBE3AB117BE77A284BD97003C3DE9
:1081E000FA2562BED8F20ABD94DBF6BC5AD843BE6B
:1081F000EEB4353D389E8F3D3B01CDBC36E8CB3CDF
:108200000491C53D3814BEBD22718FBD7F2E9ABD2D
:10821000342C06BDE010AA3D3AEAE83D2159E03D84
:1082200022727A3CF69ABEBD7B67F4BD198FD23DAF
:10823000698E2CBD5BEC06BE2909C9BD5EA0243940
:1082400031B1F93A0AF4893B01FB683C00522B3EFC
:1082500094343FBD8C49FFBDC3D496BDB9E36DBE18
:10826000DD5C2CBE193DB73B0D1A6ABE0A4A41BE01
:10827000236BEDBD423E68BDDF6B88BDE659193EFC
:1082800050FE6E3C5BEDE1BC8D9C45BDE771B8BD19
:1082900042E8203DD97745BDFB5C1D3EA0C69DBD93
:1082A000279F7EBE53761A3EA1BC0F3C55A0663E6A
:1082B0000681B53D304684BDA1BF903D093884BCE0
:1082C00079ACD93DADBD6FBE745FAE3D276AE9BDE7
:1082D00038D750BE4EB4CBBD5801BE3D7AC7293DFC
:1082E000C2C1BEBDB3B318BE83C105BE836D843D9C
:1082F000D465A1BE8410903C0DA6213DC1C7C03DF0
:10830000677E353D52B5DDBC38DCC73C691A143D8B
:10831000F3AB39BDF6281CBD541C97BED9766ABE96
:10832000DB13C43D4FB00FBED9B402BEB79B603C57
:10833000CF14FABDE205513D904F383E683E67BC10
:108340004436903C66144BBD4A0AACBD779E783DDE
:10835000FC00243DFD4C0D3EDF52CEBD58E5E2BD94
:1083600064902B3EE5D44E3BF08B4B3E8DD10A3EC4
:1083700060CCF6BD8124AC3DC5E3A23DCA87003E7A
:10838000C572ABBEAAD5573DDC82A5BDDFDFA8BE56
:10839000F4C308BD6D53DC3D93E00D3D28D403BE0E
:1083A00066F83FBE5BB355BE44DFDD3C5037B8BE18
:1083B0009F8E073D527F3D3DD600253D4B227B3CA5
:1083C00018EC863CB89388BDEAAEEC3D49654ABDE1
:1083D000039406BDF6CEA0BE98F823BE1552BE3D4E
:1083E0002C9D0FBDB83A00BED26D89BB19AAC2BD83
:1083F000CB2CE23D3C66603EFF5E8ABCD4D20CBE14
:10840000E01200BCA8C4F5BD410C943D399D643D0B
:1084100086C6333EAD16D8BD319A15BD9659443E39
:108420006075643C0F0F213E4B009EBD82E10CBE87
:108430000E4FAF3DA087DABB62D95C3EED837CBEB8
:10844000037C973D9B38B9BDB8CC69BE3A1E73BD5D
:1084500057EC2F3D3830B93CC7B882BDBB4821BE70
:10846000D0D0BFBD01FBC8BD6039A2BE8D60833DC9
:10847000B0CAE53D26FB273D4A6013BE8ACD873D45
:108480007EAB35BE94A09F3D45F3803D9885B6BD3B
:10849000BD3786B69B9101BD130EBDBC2767A8BC36
:1084A00017670CBDD178623D96EDC33D1A8B663DD2
:1084B00076164D3EF832F13D79E6653ABE839F3D32
:1084C000F5135EBE3C6A4C3D8BFE903D4C8DD03D1D
:1084D000CD1E28BEC9C819BD9DF5E93D7EC51ABD92
:1084E000D366FC3DB3079ABD9FC7A8BCBFF426BEA8
:1084F000396398BD5E470C3E2673CCBDFE26543DC5
:10850000A6D39ABDA185C4BD5BB014BE5DA7113CC6
:1085100089EB98BC2A90193DDCD6F6BD88D9EB3D95
:10852000016D0BBE5BE975BE5D6A043C9AB4293DE2
:1085300014208A3D6D71ADBD1DAD6A3DD13D83BE38
:108540002FE1503C80BA813DDF198DBD51A4FBBDA8
:108550008066903C95649DBC2E3D5A3D2F4EFC3C60
:10856000E27412BD7845003EF92E253CEC16C13D63
:1085700049141A3E315D48BDE943B73DD55B23BE82
:10858000B8567BBE2979753D711F993DCA8750BE8B
:1085900097AC0A3C8141B2BDE2390BBE47E79C3D36
:1085A000AE6186BC6022DE3BB438B3BE6F9E6A3AD1
:1085B00072518DBD231285BB766EBABDD4450ABDFE
:1085C0003291D2BB07D1DA3CD0B4C4BB01BF06BDE7
:1085D00089B277BD0A82AFBE3D0D083E8E7707BED9
:1085E00010251ABEADBD6FBE2C7ED33C4BAC0C3EED
:1085F0000DE38EBD1C25AF3C90A48CBEE3C196BD9F
:10860000342DB13D782905BE62DBE2BD464015BE82
:1086100038F61C3E0D8A66BD22FD963D1765763DF7
:10862000C096173E80D6DC3D826F9ABB56D375BC90
:108630001EC2083E6556CFBDFD12F13D5358A9BC80
:10864000C24D263EB01B46BE0E8434BE2C1188BEE1
:10865000F88868BE7E7086BE6150263C240DEEBC54
:1086600052F28A3D9F5AFD3CCC63CD3D26E5CE3D7E
:10867000CD72593E020FECBD9FAD83BD8C6760BECD
:1086800013F497BDA9F714BE6D532CBE4511F2BD6E
:108690008E5AC13DB43A79BEF27A40BEE066D13D11
:1086A0000D3334BD971EAD3D2BDB17BEF5F5FCBC7D
:1086B00023D78D3D27A0093CA37835BE8D41273DAA
:1086C000E8A2E1BDD3F5843D04754ABD2BA47C3BF3
:1086D00003CDE7BCDEB06D3D87C312BD4D86633C64
:1086E000BAA4EA3C98A4723D8108B1BD3622983DF7
:1086F00071CA9CBDB552883C0F432B3C69C8983D5C
:108700000589ADBD1B0D80BE126840BE742502BD3B
:10871000C7F018BE5CCCCFBC586FD4BCAF786A3DF4
:10872000DDD17F3CA510483D59A2333DB96DDF3DF9
:1087300029CB10BDFD169DBDA9308EBEAE631CBEFB
:1087400022FCEB3DE8672ABDC5AC97BD2EAD063DCA
:10875000821A1EBE02817EBE8E06003EFB73113D54
:10876000B48F553D06D912BE9DBC083DDC9D353DFC
:1087700017BA523D117389BDD13C403D094EBDBD74
:10878000DE39143D7B4BF9BD1F84403D85B5B1BC3E
:108790001004E83D0A4BBCBCEBE1CB3C72A3C83DE6
:1087A000662EF03C3EE76EBD4852923D6876DDBDD8
:1087B0009FAB6D3DDE91313C520CB03DB1170ABE0E
:1087C00040C34BBEADA4D5BD76FD023C9D11C5BDD9
:1087D000679C46BD12C01DBE28EF233D22C2BFBC10
:1087E0007383613DD7BD95BCA660CD3D4E44BFBBF4
:1087F000D9B3C7BD3C318BBD917B1ABE71031E3E00
:108800000CAED93D6DC87FBD268D113D0D5426BEE1
:10881000BAA284BE69E1B23C9CE09B3D1CB5423DDE
:10882000BD36FBBD5EF2BFBC041E583D2EC9A13D46
:108830006A88AABD9771533D850577BDA9BD88BCDF
:10884000321D0ABE83A3A43D3F39AA3DEDD8C83DE1
:1088500034D6FEBC9DBBDD3C616BB6BBA1DB8B3D62
:108860001381EABD537AA63DE4A024BE2C28AC3D7A
:108870004AB3793D8909AA3DC570B5BDEDD3F1BDB7
:108880002FBEC8BD1D1CEC3C793DF8BD58AD8CBD5C
:1088900062D90CBE08B0483D52D5843C8733BF3BFB
:1088A0006E8871BCD251CE3D12A0A63CFF20B2BD55
:1088B000F4168F3CF91450BEDF190D3E014D043EF5
:1088C0008DB3C9BD8506823DCD92A0BDC3BAB1BDF1
:1088D00099B9C0BC817B1E3D08ABB13BDF5008BEDF
:1088E000E3C542BB97AA34BC632B883D62F7BDBD8C
:1088F000AB2086BC282C713CDF878BBE116D47BE38
:10890000C2C11E3EA2B4D73D8B34B13D5DA751BD5F
:10891000D0D380BC8BFD75BE7D96673CE94442BDDB
:108920006C5DAABD847F11BE6B65023D9010E53D74
:108930008AE5F63D2FA7843C861E91BD7CD5CABB37
:1089400051BEC03DF915EB3CCAA61C3D9E969F3D0D
:108950008602B6BD48C088BD664B563D74D29BBDED
:10896000F50F623D0D54E63DD3DB1F3DC172143E51
:1089700087F887BD7E8CF93D87FB483E2A5718BE95
:108980002B6B1BBE416752BC6633073BBB283ABE0C
:10899000DAADE53D6DE515BE73DA13BDDC2B13BE14
:1089A0007FF891BEA06BDFBCC3F1BCBDBE14DE3D41
:1089B0007782FDBD48C58FBE5EB996BE904B1C3D0B
:1089C0002C618DBD9BA9B03D8A57D9BDCEE2053D36
:1089D00095D5943DF65C663DFF2589BD98C38E3DD7
:1089E000136424BE749B70BDFE4766BE3602F13D23
:1089F00002D9AB3D452E48BE268C8EBE12C04D3CE2
:108A0000187703BEB43A193EA5129E3BD192A73DFA
:108A1000F0694EBDF5DA1C3ED7C28C3D5184943DC1
:108A20007BA2CBBD0EA3803D7EA864BEE76DAC3DAE
:108A3000C808A8BD3F72A3BEC07B77BEADBF653D71
:108A4000F147B1BD72FC303E06D8C7BC99F221BED9
:108A5000FB04F03D2ACA65BDC72BD03DC8B4B63D66
:108A6000B9FA313CB8C81DBEBF7E083C7077D6BC91
:108A7000DD7ACDBDDD61D3BDB01CA13C9E5F14BBD2
:108A8000BEDD923CA7B288BDDDCD533DF60AAB3DBD
:108A900063D1343D757672BD7E1CCD3CDD0C07BEC6
:108AA0009ECEF5BD5AD69DBD77A38F3D49F347BBFA
:108AB00001DA36BE13D22ABE65A9753DCC09DA3B70
:108AC00045F2953CEEB2DF3CA301BC3C3886A0BD2C
:108AD000CEA8F93CF25D4ABD787DE63D3EEBBABDDD
:108AE0006C0638BAA7AFA7BD42765E3D4774CF3D4E
:108AF00071399EBD7D0303BEDEC6E63C2E03CE3C2F
:108B00000FB5AD3D838513BC016A6ABD9CDF703D26
:108B1000F6D2143DAB5B9D3D2BC1A23DAB048B3D1A
:108B200020990EBEA94B463C8FC275BC56F2B1BD12
:108B3000FF0708BE325A073DD95CB53C47714E3D30
:108B4000ACC527BB6E8A473D14958D3DF25D0A3D4D
:108B500033A575BC23F3083DE98024BE2882D8BD27
:108B6000DBFC7FBD7C64B33D132802BEF43395BDAE
:108B7000ABAFCEBD89B3623D22352DBDF9818BBD32
:108B800023869DBD24F0073CA4198B3B3A3EDA3C7A
:108B9000FBCA033B384A9E3D10752FBED31657BD06
:108BA000693BA63C86370BBE583A9F3D8CBFCD3DF6
:108BB00075E503BE4F202CBDE7A64DBB72C284BC39
:108BC0005CE49E3C02D96B3C698A003D38A2FB3CC8
:108BD00012BC213D63B3A33DBC04873D4852D2BDC6
:108BE0007CED993D3F55053D139ED0BC7EC52ABE08
:108BF000E1EEAC3C1F49C9BC2ECB973DD2E0B6BCE0
:108C00000EF9E73CAAD3013CDFBFF9BC8350DEBCC0
:108C10008BA6D33DE63FE4BDFA6144BD6D70A2BCB6
:108C2000728C843D965DD0BD4181D7BD6D7052BEC2
:108C300050C2AC3DE4322EBDF27DF1BC15E6BDBCA8
:108C4000ACCA3E3D7B4B793D2C65293E5AF3233D12
:108C5000207BFD3D236A12BE8F1928BCAB26883CC1
:108C60001D55CDBD77137C3D80278D3DCB489DBDE7
:108C70009372B7BDB1A632BB55DCF8BD9622393D23
:108C8000D993C03B4BEA44BD3FA9763C179E973B26
:108C900047904ABD6265943D77BB9EBDC39AEABDCD
:108CA000B404193DE35235BE16F9B5BDC9C8B93D86
:108CB0008AC890BD93C9A93C5CCC5FBEC651B93C83
:108CC000126705BE6ADC0BBEA5BD013DE125B8BC3F
:108CD000EDEF8CBE0EDBD6BD55DC78BD50FB2D3DD7
:108CE000F0A4C53D2D2701BEF4354BBE36E84B3E02
:108CF000DE718A3B40C02A3EFAB8F63D452C42BEA2
:108D0000919BE13DF46F973C7920723D33DF413D0B
:108D10000872B0BDFD6C843DC5E2473E1D92FA3D30
:108D2000C24B403EA9F84F3EDC6850BE728868BE18
:108D30007F31FBBD86E3F93CB076F4BDE15D6EBDED
:108D40005FB8D3BD55301ABED690B83CDECA12BD4E
:108D50007786A93C904EFDBD09DEB03DF5BD86BBD2
:108D6000E292C3BD35EBA4BEA836B8BC0B439CBE93
:108D700091D3B73D438C47BE4E9D073D0F5EFBBD73
:108D8000CB0FDC3DD732193D5F9B8D3D7CEE043E21
:108D9000A9DA0EBE8E7684BE8507CDBB7617083E57
:108DA000D9E9C7BD23F734BE397E28BD406CA93D43
:108DB000D5E9E03D2DB52E3EF69B893D46422BBEC2
:108DC000C6FB313DBE4EAA3D503A81BE5C729CBD91
:108DD000BF7C923DE71DE7BDFDD8E43D7A1B4B3ECD
:108DE0007F138ABDDD080BBD5ED8BA3D5453023EE9
:108DF00046270B3ECE5418BE8E73ABBEF94D81BDD7
:108E000053B4F23C7C9B2E3EF1D463BD895FB1BC70
:108E10001FA176BE0F5F663DF3FF2A3CF6B26D3BA5
:108E20001A872ABEB85CFD3BC45FD3BD46CE823DE7
:108E3000B0C82F3C0471BE3D9F750DBDD97745BDAF
:108E4000B5C109BBE38BF6BA1FA07BBC1075BFBDD3
:108E500032AF33BE7E8EAFBDF7EAE3BC63EFA53D14
:108E6000F8C610BDFC8A353DF391943DFA9BD0BC09
:108E700065FC7B3BC939713DE5298BBD512E0DBC8D
:108E80007520EB3C6D5728BEF70534BD8061393D38
:108E90007FA35D3D1268303DA2B62D3EA8FC2B3D60
:108EA000F1F535BD3145793D52431B3DB9347E3D29
:108EB000BF7E08BD219522BE9DD497BC0E4DB93D05
:108EC0002C288C3CF698C8BC3065603CC9CBFABDF8
:108ED0000646DE3DA5BD413DDD9648BCA3E500BD8F
:108EE000FDBF8ABD2DB51EBD9C6E593D37A8FD3C0A
:108EF0003E3EE13D7590D7BCF96445BD13BBB63C21
:108F0000F0A5F0BBF86E733CF4F908BE2C469DBD8D
:108F1000BD7368BEC6A53ABE4C6B533D31D0B5BDDE
:108F2000E8BCC63D9565083D1E1880BDD95DA0BC56
:108F30007898F63DC2FBAA3B3EB44FBDAA9AA03C2E
:108F40000BB4FBBD2507ECBCED9C663DA33CB33DDB
:108F5000D21B6E3C39B7E93DE1EC163D5DC04B3BA1
:108F60007617283D86372B3DAEB6E23C2EFF61BD1D
:108F7000CD9501BE82A87B37B682263CD043CD3D3D
:108F8000A087DABCB8E98F3D0E1212BEAC57D13DB6
:108F9000F5F3263D2E20B43B60924A3C1AC407BE2E
:108FA000819729BED7F9B73C076259BCF8FD1B3E33
:108FB000A56825BD38F64CBEA2983C3D6EDB77BB5C
:108FC00033DE063EB4ADE6BDD74F7FBDAF0723BE4F
:108FD0000D34BFBDA5125EBD674409BE5648F93DBC
:108FE0007C9A133C4E0D34BD041F433D6D03773D09
:108FF000F8E28B3DBC79AA3DD00D4D3D6FF24BBEE2
:10900000AEBB59BEF10E703C54FE753D0A8071BB7B
:10901000B5E1D03D8412C63D32746C3A060F93BD63
:1090200074ECA03BB0C619BDBB0C9F3DFC01EFBD6D
:109030007E190C3CB4CCA2BCCF9FD63D6553AEBCD0
:10904000CDCBA13DE7FCD4BDFF07B83DABCC94BC74
:10905000CAA31BBD56664ABDFF5B09BD2507DCBE22
:109060008FC681BD6B6201BD7901363DF0FACCBC83
:10907000A67CC8BEDC10133E83328DBBC7B8123E3F
:10908000E34F34BE9C368BBE51A01FBE1399F93DF1
:1090900034A2D4BD9FAA82BE6820663E8099EFBBF1
:1090A0006763E53DE38C313E611C1CBD4014CC3D43
:1090B0008B898D3DFDD9AF3DF358C3BE4A4583BE74
:1090C00062D7163E57E97E3E6820463E0E495D3E19
:1090D00049F29C3DFCFFD8BDE335AF3C828B95BE89
:1090E0007991A93DF8FE863C5B7CAABEE6922ABC3B
:1090F000925C86BE575B313C47E7FCBB7B9FAA3C3A
:109100003EAE1DBE8523C83CA9BE033E7AC33D3D8D
:10911000D11FB2BE8335AEBD56470EBEC0268BBD35
:109120005DC5623D9BE788BC577BD83C802AEE3DFD
:1091300050A7BC3C4C8839BD389E8F3D336C14BE63
:109140008DEE20BE827431BD185E493DB282DFBC17
:10915000D38603BD621484BD81CF8F3D9B370E3D06
:109160009580983D86048CBD3813533C18EA00BEA8
:109170007825493DC8B476BEC87814BDF0A7C63C72
:10918000D97B71BC94DBB63D8F89D43D05FC1A3E7A
:10919000014E2F3D2312053ECFC048BCC51F053EE2
:1091A000815971BE5F0D88BE49BAE63C13D5DB3CE0
:1091B00077D7F93D401682BDA94D1CBC70281CBE56
:1091C000310AA23D3B18F13D4AD10A3DA0A460BE40
:1091D000111A01BDF41A3B3C817687BBE55FCB3D9C
:1091E00060587E3C62488E3D37E2C93B4ED3A7BDF6
:1091F00066FAE5BD9B8D553D0533A63A333238BE40
:10920000882A7CBE048FCFBD4D2E46BC4C37C93D4D
:10921000882BE7BC809E463D719020BEC19055BD15
:109220003D0FCE3D40A5CABDAA9E0CBEE3352F3DE5
:10923000CBDBF1BD5F42853D2B30243DC8B2003E03
:1092400016165CBC4DF7DA3D7E8C393D7DAFA1BC76
:109250009164F63D43916EBC4DD9C93D1AC39C3C07
:10926000778774BE20F0403B06137F3D3509DE3B17
:1092700067F077BCC2DB033CFE4811BEA4A8B33D37
:109280004D13363DA12D873D7D06D4BC261AE4BD85
:109290002C280C3D6133C03C8C48943D9A78473D66
:1092A000AB074C3C3BE105BEECF99ABDBE6BF0BD93
:1092B00013D59B3D145C2CBDFC53CABD50A99ABE6E
:1092C000FB5A67BEFCFC77BC01A7F73D46CE123EB9
:1092D0008B71FE3BD97860BE8FFCC1BB6CAF053D86
:1092E000CA87E0BD03E9E2BDFC8A753D6971C63CF1
:1092F00097FF103C47209E3D72FCF03D7A50D0BC59
:10930000E675443DDD5F7D3D0C5BB3BC9B8EA03DAF
:1093100016F75F3DBF27D63C88F205BDC845F5BDB1
:109320004EEFE2BC1F68053D6EFB9EBC4339D1BBCE
:1093300032B08EBC0399BDBDC80B693C2F17F1BC80
:109340000DA8B73C48A5583D174800BE575B313DB6
:109350005CC6CDBC6DA9A33D7382763D48BF3DBDC3
:10936000321FB0BE70EE2FBD7444BE3C3789813DC4
:10937000B396C23D2A38BCBD50FF39BE661536BE15
:10938000E064BBBDCB6739BDE4143D3E9947FE396F
:109390004F20ECBDD2A62A3D1ADDC13CDC2BF33BAD
:1093A0002D25CB3CA12B913D67D73D3DF609A0BDB6
:1093B000CADF9D3DCC43663DAE665D3DB8C9A8BCE5
:1093C000D652803D44C10C3D0F0D8BBCB9382A3DAF
:1093D000E09C91BD1497233DFFE685BDD45F6FBD32
:1093E000433826BDBE4E6A3CE5D44EBAD53E5DBE7E
:1093F0008335CEBCCC9AF83DD7672EBE765174BB70
:10940000267201BDB6BA9CBD236A22BD6553AEBBB0
:109410009868D0BDEBC8D1BDFFAECFBC323B8BBE90
:109420000B2814BD98E0D43C7DB1273E4B2110BCE5
:10943000D15D92BE613827BE42B115BD0AD7C3BD0A
:10944000EE409DBDDB89B2BDB890A7BD5FB5B2BD92
:109450004051293EF06B843D8C2D143E48C2FE3DA8
:1094600024F2DD3C6C78BABDD15A31BEF88D2F3D67
:109470009416AE3DE560463E82C436BDD12306BD9E
:10948000645B063D908588BD2CBB603DAAF23DBD66
:10949000CEFA943D069E1BBEF10DC5BDFB3D11BE2F
:1094A000734C563D1BD9153DB48E6ABD526257BCF4
:1094B000897D72BEEB530E3EE8BD213E92B340BEA5
:1094C000CC25B5BD787A25BC4F5A58BEC32E4A3D2F
:1094D0001020433D95EF093E76F9663E3E05C03CBF
:1094E00004713EBEB70AC2BD1B4A2DBE1040AABDC4
:1094F0002A7032BC0D8C3C3D76A8A6BB75AB273DCF
:10950000D0B91BBD7382D63DA2EE033DFE47A63DFA
:10951000C230A0BE6C5FC03CE73641BE0A690DBCDC
:109520005BB52BBD88F1DABDDB1710BD87E0F8BD58
:10953000CA31993D2C10BD3DD195283E3D62F43D88
:109540005B9459BC56EFF0BD397CF23DB77D7FBED0
:109550001365CFBDDDEFB03DC85FFA3D1BD569BBDC
:10956000AD4CF8BCBA4D28BEA3B1F6BC5C02D03DF0
:1095700040C2703DA378353E280E203CC329D3BDA0
:109580006C5F003D77F6953CC0E7273E2861E6BD5D
:10959000A52E993DB1DF933CA242F5BD8A598FBDFE
:1095A000AA6616BD85CF563C33DC10BE8DD506BEEF
:1095B0003A7911BE406BDEBD38BA8A3D008D62BE7D
:1095C000FEBA133D077995BEE2B0D4BD1FF5173E34
:1095D000F3E2C4BD48A558BD3F1BD9BD4BCBC8BCA9
:1095E000EEEEC1BDCD3AC33D9B76313EB0C7A43D42
:1095F000094F283D6808473C486FD83D5797933D31
:109600003F00A9BCF1D679BCA759A03C6BB6D2BD2E
:10961000E17E003D9412E23D1B68DEBD4B7200BD51
:10962000D2E21CBEC3F4BDBCD1E7533E71AB20BD3A
:10963000791F373EDA8C933DE78D13BE3E3F4C3D9C
:10964000C3642A3DE3E19D3D408824BD088ECB3AAA
:10965000554DA0BE5DA365B94B04AA3DF2E9F13DAD
:1096600021B11D3DB68612BEFF9214BDB9E395BE71
:10967000CAA727BEE561213D68938BBEFA7BA9BDD1
:10968000B21190BECAA5D1BDC8CE2B3EAC0360BE00
:109690000F9B88BDFF06BDBEA27DAC3BBF0C46BD87
:1096A0000EF4403EF04E5E3E9DD5423D21E953BC56
:1096B0009C36A3BD09A95B3DB4726F3D62BE3CB848
:1096C000DF35E8BD3144CEBC08941DBE662D85BD96
:1096D00054AB2FBD12F873BE7973B8BDE4F405BE68
:1096E0006F83DABC598A043ECCD286BE9817003EFE
:1096F000726AC73D6268A5BEB1F8AD3DA9173C3D91
:109700007F8722B9DEFF073DA2CF07BD0398B2BE17
:109710000C58F23C0FD00D3E6117C53D93E2833DDE
:1097200019A9F7BDECA092BD0A13B6BE118F04BDF6
:109730008A743F3D4608B7BE2107A5BD9BC7A1BEA1
:10974000AB09A23C8B4F013E48DE09BE8620873D17
:109750005B966FBED6C9193DB3EC69BEBF7F033EB1
:109760004E7D303EDECC683D0F0C00BEF38EB3BDA7
:10977000C11E533D65C831BC71C6B03C05359CBDAA
:109780002B51D63D1EE20FBE90A404BE8258A6BE49
:10979000024968BEA225EFBD923F28BE6459B03D84
:1097A000FB76B23DBE9F6ABEC408613D2AA8E83D73
:1097B000360281BEF46EAC3D30621F3DF52E3EBEDA
:1097C000D53E1DBD7B8630BED0B49CBEC636A93DFD
:1097D0008201E43D616F523E0F28BB3DDCF34CBE7D
:1097E0005C1B1ABE89CE82BEEF000FBE5188E0BD61
:1097F00071589ABE4FCFBBBD4E289CBE4DDA243E59
:10980000D995163EC0EB43BE166B483E375030BE6E
:10981000982F2F3D418177BE5644ED3D2E1D333D9F
:10982000419D723EBED916BEA51349BDD178623D99
:109830003EEBDABD83A5FA3DC4ECC5BD5B26133E05
:109840001B0FA6BE765405BE7F8461BECDCA66BE20
:109850005EBE75BCCAC227BEC2DDD93CAED734BD20
:109860006D3B2DBD2654F03CADDEC13D87FAFD3D7C
:10987000A165FDBDD443D4BDAC38853EB95485BE89
:10988000CA1A05BEC424DCBD8EAD37BE607213BEDD
:10989000FA2AF9BCBD1A00BE21CC7DBE6C98A1BCD1
:1098A00096B0F63DDCBC71BDD4449F3C09DDA53DBE
:1098B000A6B4FE3B183EC23DA88E153D419C17BE86
:1098C0004A0AECBDBEA59CBD39471DBE9889C2BEE3
:1098D000D34D623D8657F23D170D093EED9A303E5D
:1098E000A510E83D58C7413E371BCB3D5AD4A7BD14
:1098F0009AD024BD0C562CBEA77A22BEA4FEDABD97
:10990000F86C6DBEA2D288BCA9D8183EBAA3FFBD20
:1099100058E7583DBB7B70BED15AD13B293CC83D6E
:10992000A5BC563D02B76E3D855CC93DF7AB40BD59
:10993000A5F5B7BD7382263E551209BEF2771FBE4C
:109940005E6442BDD8D233BEABAF2EBD4EF2A3BCD7
:1099500006DABDBD53CF62BE46244ABD658DBA3D11
:10996000A9501D3D088E4B3CE334C43C8061F9BCDA
:109970002B6EDC3DFC346E3D0A9E42BD1EFF35BEA3
:1099800057CD73BD5D1944BE47719EBEE94402BC0C
:10999000F8E0B53D228E953D4FB2F53DD636E53D1A
:1099A00014B3FE3D486DA23DC11BD2BD007498BCEE
:1099B000FF7704BECA16A9BD008E4DBE0C76C3BD8E
:1099C0000F7B21BDE6E6DB3D438ECDBDEC898E3DB0
:1099D000CF83BBBCA0FB323DA0C4E73B96AF4B3A64
:1099E000F99E11BC0519E13D7896E0BD79E7D0BC40
:1099F000C3BC07BDBAF645BDBFF220BD5D5380BDF7
:109A0000CAA9BDBD3D61E9BDBA2C86BD6CAF15BE0E
:109A1000A06C3ABE1EC10DBD4E09883DD177373CC2
:109A2000A5125EBD3FA88B3D6C07A3BCE21F063E9E
:109A300081789D3DC55565BD726AC7BD435481BDE2
:109A4000302CFFBD244815BE8A3B5E3CCFA1EC3DC7
:109A50004A44783D96CE173EA31D373DC215003EC1
:109A6000C11BD2BCFE9ED8BC53EA923CB81EE5BDD9
:109A7000DC80AFBD9B370EBE0E6B6ABDC9AEB4BBFA
:109A800018EBFB3D4F7673BD8DED353A01F8273C61
:109A900031B4BABC096E24BBB39517BD278925BD67
:109AA0007E8B0E3D4C8EDBBD9818CB3BFAB5753CDA
:109AB0008D98D9BC70076ABC95D74ABD30A102BE4B
:109AC00041472BBD97C4D9BC0FD554BDA9C089BD92
:109AD00027C030BB3AE8B23DFC35193D35F18EBCAC
:109AE0008FFED73D98BE573CC3D4D63DD5EA6B3DDB
:109AF0007F160BBD643F0BBC056986BD62BFE7BD29
:109B00001F12BEBCF4FA13BB23D9E33D66F80F3D28
:109B1000003AAC3DB0E8563D97E5CB3D24EE31BB75
:109B200070076ABC74D2FB3CDD7C83BDE2C9AEBD6C
:109B30004E9AA6BD5BB395BD020DB63C5CCBE43D31
:109B4000B1C28DBD1BF2CFBB7BDC973DD7D910BC1A
:109B500085949F3CCEFC8ABD8CDA7DBC2EE4513DC1
:109B6000498486BD2200B83C67476A3D75CA23BD5B
:109B7000081D343D0400C7BB25B0B9BC63D089BC07
:109B80001077F5BCDB519CBCC8435FBC587380B9EF
:109B900027D8FF3C44A4A63C1CB5A2BD9DD98E3D50
:109BA000D61BB53B787A25BBCC095A3C6BF1A9BCD6
:109BB000B83A40BDEBFC1BBD78B687BD7288B83C97
:109BC0001AF93C3C2829303D5B7DF53C50C80E3DE0
:109BD0000DE06D3D70257B3DAAF0873D74EBB5BC73
:109BE0002B13FE3C33FC67BDDAE385BBDC9B5FBA1D
:109BF000BE85F5BCAC74F7BC00AC0E3B8ECCA3BCF0
:109C0000A27F02BC4966353DDCF106BE66A4DEBC1F
:109C1000AEF3EFBC844886BB944E043EA852B3BD5D
:109C20009E245DBED730C3BCC190D5BD7F4D56BC10
:109C3000A2292BBE0891CCBD31445EBE170F1FBEBA
:109C400063EFA5BD8CDADDBDAC3C41BE06D5263E3A
:109C5000E75006BD6D1C713DAA0DCE3C956673BDE7
:109C60004F22E23D3563913D234B76BE5D6EB03CA5
:109C70007C6368BE149482BE0C1F513D8E795D3D9D
:109C8000D8EF293EDDB62F3E97A9693E9D81F13D73
:109C9000965D503E32AEB83CCE1971BE4642BBBD59
:109CA000139949BEB22B2D3DD90573BEE198E5BC91
:109CB000297965BE4C550A3E560CF7BD97ACAA3DB6
:109CC0009A2200BD90DA54BEC51B19BC581CCEBCEC
:109CD000F17E5CBD304C763E0B0C193D975392BE25
:109CE000D8B81EBE50534BBCD82DE2BDE94690BE3D
:109CF0001A873ABEA985B2BDD15946BEAA66D6BB5F
:109D00002C495EBE1B62BCBD6133203E0A2B95BC54
:109D1000821D7F3C1CECCD3C9790AFBDAE29003E30
:109D2000F12E973D37C62EBE8258F6BDC13953BEBF
:109D3000FE465BBE7C46A23CA9A48EBD6AFA0C3EE0
:109D40008F519E3DD63A213E5341053E74297E3EB9
:109D500090668C3DED9EBCBC917DB0BDA56524BEDA
:109D6000D52563BC74CE3FBE0742B23C64E71DBE3E
:109D70004C6D693D42946FBDE6CF773D836C09BE63
:109D8000705B4BBE4B586BBE8E1FAABC6D8C0DBE5C
:109D90008B175B3E80F44D3D30F272BE69E55EBECE
:109DA0002E0469BE2EC78BBD088E8BBE5CCAD9BD82
:109DB00018EDF1BBE25ACDBDFE28EABC664D4CBEA3
:109DC000F8DE5F3CB8AC123ED508FDBB67D5873DD9
:109DD000D7A1FA3D035F11BE1157CE3C7651F43D39
:109DE0008A73D4BD1172DEBDFAB7CBBC29D027BEB1
:109DF000DE0013BE30D56CBE6AA4053EE46A043EA4
:109E00009DBD633EDBDDE33D66BB123E730F093D46
:109E1000075EADBCD49C3CBBCC2575BEC49789BB4A
:109E2000DE1E44BE338AE53C1F65443D357DF63D6C
:109E300055F8B3BCACC9D33C31EE26BE3E3F8CBC1A
:109E4000581CCEBD832FCCBDD099B4BDEB8C8FBD3B
:109E500034F8FB3CF6B6193DA0C33CBDBE89E1BD5C
:109E6000D47C15BB8BE0FFBD3E062BBD5E4B483C52
:109E7000D4F1983C5C8D6C3C556A76BB7157AF3C15
:109E8000D177373D4A4282BDCFD8D73DE867CA3D3A
:109E9000A88C3FBDD8F1FF3D0C94043EC13BF9BBFB
:109EA0003448A1BD31B650BDC82699BDD9B59DBDB8
:109EB00032773DBE3F38DF3D753A103DF65F273EB5
:109EC0002C2A82BD70ECD93C61AA193C4B5730BC9E
:109ED000E7C3B3BB8ECC8BBEB47706BD1C959BBBD2
:109EE000CD5A8ABDA4E27F3D8FC5B63C390A103DEC
:109EF0006494273DFF75EE3C37DF883BA800B8BD72
:109F00005A65A6BD2159C03BABAE83BDDE7621BDEF
:109F1000DC10633D8880E33DADBE3ABC9CA5E43CCB
:109F2000F98301BD7C2BB2BD9C53C93B26AAB7BCAB
:109F3000DA3C4E3D47B0713D4AD2953D302A29BDAD
:109F4000ED478A3A172EABBC425AC33D2B31CFBBEB
:109F500030D6B7BC2AE5B53BF20A043DE910B8BDDE
:109F600050E00DBE1556EABD0531503C6FBBD0BB6D
:109F7000BC7A553D5F99B7BC732B84BC26FEA8BD47
:109F80000ADCBA3CB7D5CC3D677FA0BB1CD13D3DB8
:109F9000CE4F91BE1C5DA53C21063A3D5A2BDABB43
:109FA000AAB61B3CA8721A3DB8C9A8BCC18EFF3B1B
:109FB0006133803DE04A86BEBA8182BC143D703D6B
:109FC0000056473E9868B03DA5F5F73DE25B90BE70
:109FD000792373BB3DBA11BED3A3A93DE78CC8BD9D
:109FE000D97A36BEEF5420BEF52AB2BDDAAD85BDB2
:109FF0007D3E8ABD137C33BEC4D0EA3B0264683C1C
:10A000009C6C433E66BE03BE34820DBD1C7BF6BC19
:10A0100009FCE1BC64EAEEBD5721253DBF2A17BE0D
:10A0200018B15FBE6C09593EB7D3D6BA33DEB63D20
:10A03000AA2DF53DAE47213E8E071B3D64AF173E6E
:10A04000F452D1BD809ECEBE815EB8BD626970BE45
:10A05000C3F4BD3B43E21EBD99D83C3D1C6101BE2B
:10A060007AFB33BDDF701FBD27C030BBBC23E33D8F
:10A070007FDA38BEA165BDBD8EE989BC2315363EA9
:10A08000CA54813E247BC43D21AF47BE3B72C4BD50
:10A09000C7627BBEDBA24C3D43ACFEBDE19514BE66
:10A0A0003E09ECBD50E203BE776818BDCC7DF2BD21
:10A0B000B7B244BEFAD1B03D56BA7BBD882B573EED
:10A0C00063271CBE56F01BBD1FA2D13CE202B03D6F
:10A0D000A94E67BEAC8F07BD33C3A6BD9E7C5ABEDA
:10A0E0009A051A3E50710CBEF5F53C3D3E3FAC3D25
:10A0F000E0DA913E3D7C193BACC5473E9D83E7BC11
:10A1000010942BBED34F98BE59166CBE0A811CBE4C
:10A11000E23C2CBE0F80583E35D167BD346913BD7B
:10A12000AD86143E7D97F2BD591521BD657044BEC4
:10A130008EAF7DBE5D6B8FBD234A3BBD85956A3E6C
:10A1400009709A3D58C85CBDECDBA1BE689185BE24
:10A15000E50B9ABD666927BEEC6761BE94C2BCBDC3
:10A16000A931C1BD3DBAB13D4357A23CE129E4BC90
:10A17000BD188A3DBF61023E64CE133ED2548FBDEE
:10A18000C95978BE8107463D2713F73D45F330BED8
:10A19000B2689ABD34BD443D2C2E4EBEF4FB7E3DCC
:10A1A000C63348BE70E9583DA2267A3DDE76913E20
:10A1B0008DB464BEF2ED9D3DB24C3FBD7D76003D59
:10A1C000CA341A3C83DA3FBEDAE50BBEE1CFF03D7C
:10A1D000085A213E14B33E3E7841843D1937753DFF
:10A1E0009DF604BE66A278BEB8CAD3BD21932CBE2C
:10A1F0006FF120BED59725BD3998ADBDBBD65E3C6D
:10A20000E866BF3D83142CBEFE7F1CBE5C3E123D43
:10A2100038681FBEC8EA06BE60EA67BDEF02A5BC8B
:10A2200039D6A53D92925E3D2D224A3DFF5963BE2F
:10A230005EBB943DBC05223E20ED3F3D2881CDBD57
:10A240005DA9473EBA679D3D6FD911BE246074BEBB
:10A2500095BBCFBC3E9468BE871704BD5A2A0FBE7B
:10A2600060AF30BB9AB0FDBC7BA27B3E4CA830BE39
:10A2700063D36ABE3140223C4018783D499E2B3D55
:10A280004CFE77BE2BDE08BE71A90A3E5F7BE6BCA2
:10A2900058CAF23D0A121B3D1286813DF86CFDBD85
:10A2A0000F81833D92E7DABD33C3A6BD884C79BAEE
:10A2B000DA59F43B9373E23C2F8B493DD00B773D49
:10A2C000C2BFE83D7F4CEBBD105C253DE09F92BDD9
:10A2D000A968ACBDD446D53D295BA4BC4B90913D4B
:10A2E00002D5BF3D51F9973DCA6E86BEC231CB3B08
:10A2F00099A0863C9DF3533D74D23B3DBAF344BCD8
:10A30000FA9754BE2BA331BE2865E2BEA6D019BE73
:10A310002BFCF9BD4E61853D21CB823C3DF3F2BD66
:10A320003AE97DBE8734AABD8E916CBC6EA642BE52
:10A33000FD4F7EBC3EAF78BDB798BF3D79AC59BEEE
:10A34000CC5DAB3D04AD003E5F7B26BDA88BD43D0C
:10A35000A45317BDEC51B83C168A343D8063EF3DE1
:10A360001E87C1BC6CCCAB3D1E6B06BD889D593EA3
:10A37000828DEB3DB1FB3E3E2B681A3DE2AD933D35
:10A38000BADAAABD59A7AA3DA016C3BE2C4447BE3F
:10A39000E4C0CB3DEB8B84BC59FC66BE7139DE3C1E
:10A3A0003D644ABDC07846BE467AD1BDCEE06F3E20
:10A3B000C47742BED55DB9BDA46EA7BE6EDDB5BE85
:10A3C00000C71EBE8255F5BBA7026E3C43CA7FBEC6
:10A3D000151D493ECA151EBEBD1E8CBD4C52993C72
:10A3E000E7A64D3B309CEBBDEEB5E03DDE550FBE24
:10A3F000C91F4CBE3F54FABDA1473CBE59A2333DD4
:10A40000F660123DD6C86E3D91269EBDA7CC2DBEEE
:10A410001F4CAA3D92E60FBDFB9378BCCF1149BEFD
:10A42000D0D1AABB23F473BD1D75143E6005783CE2
:10A430007289033E33FA11BD68B0293CE3C33CBEC8
:10A44000E8DE433E5C0496BE40BE44BEE3FDB83C3D
:10A450004B9217BE6090F4BCA4AA49BD9D81D1BDAA
:10A46000FA8070BE685E8EBC24464F3E6B2A1BBECF
:10A470002B35FBBCE36DC5BDAB75223D5453F2BD1E
:10A48000D509483E3677743C349C42BED449B63D2B
:10A490006D36F6BDDE040FBEA452AC3D917C553E38
:10A4A0001B1287BE78095E3E261ED0BCB2A10BBE31
:10A4B000A470FDBDE1465ABEFCC7A2BD02D9ABBD2A
:10A4C000D6E1483EF4C433BDD09DC0BD3DD60C3E60
:10A4D00088D820BD4B5BDCBC0FD35EBEF65D51BDA2
:10A4E0009B0013BE1C26BA3D2D2761BDDA20133C0C
:10A4F0004C37A93D921F01BE97577EBEF9F4583DD7
:10A50000FC1C6FBE9E2508BD77DA9ABC01BDF0BD6C
:10A51000A9A1AD3D48A42D3DE8A4F73CDEAD8CBD1E
:10A520001EC1CD3DA931213EF54BC4BD74B680BCE2
:10A530004BEA44BE904B9C3C9CE04BBE628282BE88
:10A540001C78353EBA2CE6BD4ED1913DD4D688BD9F
:10A5500097E656BE52D31E3E7769BB3EDCD99FBEFE
:10A560000DC3173E36C8A4BD73F3ADBDF374AE3C46
:10A57000A33A1DBE4EB8D7BC342F07BCAF79153EE9
:10A58000E606633E30656039B1A301BE59C004BD23
:10A590007023E53D774B92BDD6FCF8BCC05B60BD37
:10A5A000BFF125BE1B9CC8BD5AF18D3C7714373EC8
:10A5B00093A621BEC40A27BED6FD03BEA9D8F8BD06
:10A5C0001DE821BEE946F83DE430F8BD1748903D4E
:10A5D000B83BEB3CAAF1D23C2D9517BE062A033EB0
:10A5E0009A97433C1BBC6FBD77F4BFBBD19207BEAB
:10A5F000043DD43C54721EBE67D6A2BEFA09E73CA5
:10A60000B93569BC59A409BC740947BD3A0591BE66
:10A61000266D0ABE01188F3E98A773BD643D45BEE6
:10A620000685013DBADA8ABDD76C053E79065DBE66
:10A63000249D813DC7A0B33D18CC1F3DECDC643E9A
:10A64000088ECBBA2FA7A43D5F9A22BED47D403E90
:10A65000D3A494BE91B71C3D38F92D3D2FBFD3BD77
:10A66000EE77A83C1CCD91BC85440A3E499F563DDF
:10A670007F349CBD672A04BEE17B7FBDECA3D3BDC4
:10A68000E694003E630E52BEC7D4DD3D68AEB33DD6
:10A690003FC8B2B9BDAB4EBEF2ED1D3DBFBB05BE5E
:10A6A0004A29E83C42989B3D2590923D4C88B9BE92
:10A6B00083BEACBE1BD9A5BE6BD52EBE003CA23B53
:10A6C0004622943DCC43A6BDCE5232BC0DC6E0BE60
:10A6D00098FAE1BEFED5E33CA33E59BEE4D9E53C81
:10A6E0006E14D93C8A04933D3A40B0BDBB26643D0C
:10A6F000F19FAE3D3B6EF8BCCDE5363E7E375D3C0E
:10A700004C546F3D48C27E3D83DF363EAE10B63DB1
:10A71000EAEB79BC2EE3A6BC37A5DC3D9416EE3DF2
:10A720009277EE3DE36C0A3E73F64E3B984E2BBE9D
:10A73000B0C56E3DCCD163BEBD3560BEB0AF253E69
:10A74000672C5ABE11005CBDBC76E9BC6D72783DC9
:10A75000888043BEEDBC4DBD91D09E3E1AA731BE50
:10A76000C9737DBD319689BE2AFEA7BE5890E63DCD
:10A77000B7EE06BE0F81A33D8FFCA1BE3FA9B63D3B
:10A78000223628BE9D2CB53B65172C3E7FDA28BDAE
:10A790006FB9C2BE49D70CBD7B3114BC0DE4D93CA6
:10A7A000666907BEDB69AB3D6EFC893D8FFC41BA33
:10A7B000BD53413DC407763D24D4ACBD21AC463DDC
:10A7C000D05F883DCD759A3D6DAE9A3D3A91E03CA3
:10A7D000486F68BE59851D3EE23E02BE5796A83DB1
:10A7E0008736803EBE2D98BD251FFBBD368FC33CEE
:10A7F0009EED51BE848438BEE49F593EE7C3B33B0F
:10A800006CD0173C210113BE86583D3DF437A13C66
:10A8100026A8A1BDDF15913E666A42BE60E69BBDDB
:10A82000EEB0B9BEB8E523BEA164D23D2B8580BD94
:10A830004BE919BD7D2475BEA1DA603DBDC799BB4A
:10A84000018665BCDC0E953E5FD3033C618E06BF7E
:10A850008CF4823DA20E2BBDCFBF1DBD064894BD1A
:10A86000D388193DA3E7163E9FE624BD8CF3D73D60
:10A8700087C47DBD8D7BF3BC24468FBD0187103E10
:10A88000CC095A3B323E4CBE6C3F993D0B9820BEE2
:10A89000EB55843D6134CBBDB7EE66BCA8E331BD5A
:10A8A000F8C43ABD840D0FBEE274F2BD4985413E45
:10A8B0000070EC3C7AE3343ED7F7613C0E6A6F3EA1
:10A8C000717134BE1D3B68BDB134F03D07254C3C71
:10A8D000CC7CE73D5D173E3D990E1D3DE2210CBE4F
:10A8E000AB5D23BE058A48BE3C8441BEA73E903C7A
:10A8F000B3B4133D12337BBC1B1277BBFA9C7BBDF8
:10A900002B6D913E404D6DBDEC84D7BDA4888C3C31
:10A9100074D0653D759443BDAD14C2BD95BB4FBDAC
:10A920006F2E9E3D1CD2E8BDD2C8C73D04901A3D93
:10A9300050C337BAD5AF04BE0D8BD1BD1C5D653E8B
:10A94000CB0F84BED0B56F3DA48E4E3DEEB4D5BDC9
:10A9500070B4E3BCB37BF2BD22E3F13DF3C83FBE6C
:10A960005A105ABEFC01CFBD7BBF313EF72084BDDB
:10A97000E754123ECD7605BE732D8A3EC497A9BD1D
:10A98000B64945BEC2F8E93C47051E3E20F040BE30
:10A9900067623A3EE4D72F3E56D54BBC6FD70BBD0E
:10A9A000F0A6C3BE2BF6AFBEA20DA0BD2C2E5E3E00
:10A9B000F25CDFBD2C29D7BD6A153DBEBFD18EBE6E
:10A9C000C3D797BE9F8F023E9AEA81BEC5ADE23DD6
:10A9D000093834BE10212E3B5645B8BD64CE133E17
:10A9E000139A24BDD256C5BD6491863E56D4E0BCB0
:10A9F000DD06D53DDC4613BE965E4B3E4E5FC7BEC0
:10AA0000EF1FAB3DEBACD63D598B2FBE5264CDBD95
:10AA1000C1190CBEEEEDB63D8863ADBEF8FF31BE88
:10AA20007E1E13BED253643CA35A64BEE481C83D6B
:10AA30001618F2BE2B8A273ECE5593BDCB47B2BD2A
:10AA40002F4FE7BD293CA83DAE2ADBBEC156813E53
:10AA5000D927303ED6C5AD3E573D60BEEFA801BFF9
:10AA6000F59CB4BE82A87B3CF46A503EB7B846BDA4
:10AA70003A0248BE30F5D33D8CF600BFE277F3BE14
:10AA80005760183E0C56ACBED445AA3D7AFF5F3DD8
:10AA900094162EBE3065E03B15ACD13D488707BA11
:10AAA000F3AE5ABE9AE9AE3E3317083E3B8B1E3ECC
:10AAB0006BD8AFBDD90A2A3E687A09BE331B8CBE5B
:10AAC00054391D3E772F273EDC808FBED89A2DBE8D
:10AAD000325520BEFFEBB43EC158DFBA95649D3CB1
:10AAE00050E0FDBDB344273E0AD999BE6631913D81
:10AAF000A4C1ADBD0B267E3BF1A099BD193CCCBDD8
:10AB0000643DB5BD5741CC3D3D4348BE90689ABEBB
:10AB10000EF3853D3CA1573DE9B70FBE596E693D27
:10AB2000058BC3BCB69DB63CA9BC0DBEEF38A53E97
:10AB30007237A8BD276A29BDFFCCC0BDB5FE96BA45
:10AB4000C93846BDA514843E43011BBDD0ED25BECA
:10AB50005EDB0BBE8F1D74BE12336BBEC95A43BD84
:10AB600083DD60BE1500633D317E9ABDAC8B5BBE5C
:10AB7000BCAF5ABEB91CAFBD7650A9BEDBDF193ED3
:10AB800097AD253EE38D3CBEA7AD513D9CFA60BE1E
:10AB90008318903ED55B033E2FBFB33D8F1C69BD2C
:10ABA0009BE7C83DC49814BEA0366A3DC9E3E93DA1
:10ABB000B4E7923DD3A3693D3F8C90BE4DA25EBDEC
:10ABC0008940753DC5CAC0BE18D0D3BEC39C20BC49
:10ABD0001E4F4B3C0ED815BD7CEFEF3D23BBD23C46
:10ABE0002E55E93D9529E63B23320C3E92925EBEFE
:10ABF00055845BBEAC1989BEAC3B56BE28F09EBEE8
:10AC00005B7B2F3E4B02D43BAF4450BE996399BE51
:10AC100022A915BE77A1B9BB7C621D3C19576CBE39
:10AC20006DE3AFBD2714A23C51315EBED7DD8CBEB3
:10AC300031082CBCAA668EBE946ABF3D23D9A33DC1
:10AC4000153964BEEA25163E7172DFBD6A6A593E47
:10AC5000A2D44E3E772CB63DB29B59BD53B0863D33
:10AC6000C0ED49BDB150CB3D31EC703EBD8B273EB0
:10AC7000FB57063E045894BE2D5B6BBDDDB66F3CA2
:10AC800012DBEDBE3ACBC4BE959932BEF2CD36BED4
:10AC9000EACF3EBD5DC1063E50A6B13D29CDA63DE1
:10ACA0000491153EB1A5873D4AB6EABE2BFCA9BE6C
:10ACB0002121D2BEC61983BEB14D02BFFE99213EED
:10ACC0000951BE3B9F56D1BDB98D86BE570740BDC9
:10ACD000FD4DC83D91990BBDAE7E3CBE1329CDBD47
:10ACE000228C9FBBA5D726BDA166A8BE1F2B38BD51
:10ACF000A56950BE802B59BC8D252CBCFA9CB3BED7
:10AD00006CED5D3EFEEF48BD58AC61BC11E2CA3D42
:10AD1000C2F8E9BCB857A6BD8B16803D7573713C6F
:10AD200039EE143D467D623ED9254A3EE23D073E5E
:10AD300063B9CDBEA73E103BD733A43DE2066CBE3F
:10AD400045D8B8BE8BFD55BEE48469BEFFB29BBD3D
:10AD50009AB6FF3C88F6F13D0D33743D789A3C3E3F
:10AD6000FB58013E7990E6BED74C6EBE2E539BBE7B
:10AD7000A64462BE77130CBFA0F91C3D4641F03AD1
:10AD800005A77EBDFB96A9BE7C7B57BD79AE4F3E25
:10AD9000E76D2CBDE3FB62BD7767EDBDAAD6423CF3
:10ADA00070227ABD0B7D88BED1C902BED94383BE55
:10ADB0001C0A5FBECEA548BE49BC8CBE6805963E47
:10ADC000DB89F2BD2F36ADBED19071BBC1C84BBD82
:10ADD0007E373DBE80F0A1BB70E9583DAB79EEBD3A
:10ADE000FF93BF3E1EA59A3ED767AE3DCA6E96BE84
:10ADF0006D91143EB96F153ECA6EA6BD2E928EBEE1
:10AE000053913ABE6E324ABE035E36BE2331013DD7
:10AE100098C32E3DBD370638F433153EFDF47F3E12
:10AE2000239E9CBEB66520BE707736BEECA268BC81
:10AE30006C5C5FBEA9114ABEA33C73BD1FD831BE76
:10AE4000C022BFBE8ACC9CBD62676A3E2C6258BDE0
:10AE50009B7671BD6A884ABEEFE27DBDE76D2C3DF1
:10AE6000278915BE7A5020BE0E2D12BEAA61DF3D85
:10AE7000BEDB3C3C255987BC08C8B7BDAE46D6BD35
:10AE8000AD32D33DB797343DA164723D971E1DBED0
:10AE90001897CA3D3C84F1BDD520CC3C1DE38ABD4A
:10AEA000266D6ABDF51283BD0F0CA0BC4694F6BB9F
:10AEB0007E8DA43DEE7C7FBD615199BEA565A4BC8D
:10AEC0009A4011BE817792BD048F2FBDD7DEA7BBFC
:10AED000399A833D7FF9A4BD87340A3E8A937B3C2F
:10AEE00024D3213DA0A741BD3DB5BA3DA70785BCF0
:10AEF00011A9193E1536833CAF97E6BD8B89EDBD90
:10AF000057CD63BEEDBB32BE3BC700BCE57B56BE32
:10AF100048C20E3E16BE3EBC3673C8BD15FF773D17
:10AF20001D8E2E3C674534BEC748F63BFE8087BC6D
:10AF30001ADFD73D384E4A3D2C4407BC7828EA3DFD
:10AF4000FA25E23CC6F7C5BCF7CDBDBD9EF0523D2B
:10AF500010212EBC6C40843A53CE173D280C4A3B3E
:10AF6000C85EEFBC59C3053D1C7D4CBCAC8F073C93
:10AF7000D9B3E73B726F6EBE41BC2EBDC1ABE5BD20
:10AF80000664AFBC8B51D73CDECA123D27BDEF3CF7
:10AF9000F08A60BC840E3A3D7618133DAA650BBE5C
:10AFA00072873DBE562D69BC969611BD1747853DEB
:10AFB000B5FDAB3C71E617BD22FE11BE5E4A2DBE4B
:10AFC000C784983CD5920EBC1B9D23BE594FAD3C07
:10AFD0001B8223BDF86D083D0742B2BBE40F863CDF
:10AFE000717530BE9D2D803D15E5D23AACE54E3DE4
:10AFF000562CFE3DC0089A3CE7E3DA3CA2B34C3D38
:10B000003AE7A73ACBF360BCCC9B43BC7C7B573B75
:10B010002E000D3CDE58D03D9A09A63D15E1A63C18
:10B02000077DE93CF914403DF530743D0EF9C73D0C
:10B03000BF7EB0BE7CD344BEF33CD8BDFF9169BB9C
:10B040008028183DF2EA9C3C73F38D3BFCE07C3D8C
:10B050005167AE3DF9BA4CBEE2394BBEFE7F3CBEF5
:10B06000B72A09BDA67F49BD9D63003D069EFB3CF6
:10B07000C268D6BCE81379BE404F83BD57CD733D3F
:10B080005AF3E3BCF88A6EBDCDC880BD2B51F6BB28
:10B09000FEED323DF6619DBD66DCD43A813E99BE3F
:10B0A000C6F8B0BC5EBD8A3CC80808BEFB93F83D3C
:10B0B000295F503D7CF3DBBD2FDF7A3BB2BBC03C48
:10B0C000C4E809BE59DD2ABD3B38583C6A1412BB9E
:10B0D000419FE83DD76CE53D1250613DE048A0BD81
:10B0E0004C54EF3D7A1DB13D6552433EE2728CBE39
:10B0F000183E62BE609034BE9FE9A5BDDCBA1B3C21
:10B100005709163D7409873B711FF93D4EB6813DC5
:10B11000725082BEA6F010BE51851FBEB344873D5B
:10B12000C03DAFBD4A79ADBD68252DBBA8A78FBD79
:10B13000F260A3BE785F95BD76FEED3D74CF7ABD1B
:10B14000600538BDC6FD07BE1CB7B8BDB728733D46
:10B150002975C93C9FACD8BD547143BED6C969BEE0
:10B16000163297BD1AC01BBEDD5B513E2FF99F3DC5
:10B1700082E1ACBE9CDC6F3A9F8EC7BBD69088BE86
:10B180004EB7EC3A3E7BAE3CCA1A05BEE5D14D3E09
:10B19000CFBD273E1327F73D580394BC8E95F83D4D
:10B1A000CC98123E37544C3EA9F86FBE5B4391BE1B
:10B1B000B07022BE6F0E17BED7C3F7BD27D9EABC49
:10B1C000569CAABD257A093EC5FE023E2F8567BE64
:10B1D0007940593CA8C3CABD98149F3D919D77BD45
:10B1E0005FD062BECADD17BE13D791BD944DC1BEFC
:10B1F00064782CBE6E350B3ED5ED2CBD4DD793BC7F
:10B20000DA3882BE662DE5BDE38CC13D997F943D61
:10B210001A8ABBBCD9D00D3DE0D69D3DB893883B82
:10B22000CCB8393EEF3CF13D3FACF7BDFBADDD3D69
:10B23000518715BD683D7C3D261D45BE45F3A0BD2B
:10B24000E5988CBD151A883CBD6DA6BBBA9E68BC3E
:10B2500084D984BDEB19C2BC03965C3D43E7153E1F
:10B26000A1BD3ABE7A1A20BE789B47BED34E8DBE92
:10B27000F7E80DBD6DADAFBD13445DBCEDF3B8BDDA
:10B2800015A8C53C29D0C73DA9C0493DA0E14DBC8A
:10B29000E883C5BDC3B7B0BC215A6B3D9E08823D53
:10B2A000685B0DBD724D71BE89609C3C4B1FBA3B03
:10B2B000338724BCAA63553D0D5406BE21CC2D3DD9
:10B2C000B589133DED9BDBBDE2AFC93B1CEB623C96
:10B2D000C329733DDAAB4F3D2CF0B5BD5AF5993D0E
:10B2E000E78AD23DD0ECBABCB35F973D23D838BDD6
:10B2F000E293CE3C672A04BDC8B34B3D23BBB23DAD
:10B300008CF422BC21CB023D9415433DA357833CD2
:10B31000EE5F593D8CF84E3D373550BB172EAB3D97
:10B320002DD1B9BDB0590EBE8FDE40BE467E7DBA6E
:10B3300040A15E3DDB32A0BD834CB23C376C5B3D2F
:10B3400040BE843CADA23FBDB83B5BBEB29D6FBE6C
:10B3500044F857BE28B6823B83A2393DBB45E03C4A
:10B3600003B4ADBD2C45F2BC3C165BBB1FA1E63C53
:10B370000AD7233B48DD0EBECE8BB3BDBF0E5CBDEE
:10B3800043A9BDBBBBF1EE3CFF4164BD988546BE01
:10B3900076E2F23C952B3C3CE179A93B556AF63DBF
:10B3A0003292BDBCC24D863D5A6867BC7A6C4BBCBC
:10B3B0004F5737BD81EB8A3DF1D4833DF7E58CBD16
:10B3C000B309F03D0DDFE23DCAA7473CC4EA0F3A9E
:10B3D000E4A12F3D7F4D56BC9B3AEF3DCE893DBD4C
:10B3E0005585A6BD2F1781BE32CAB33CF166AD3D6F
:10B3F000A94E07BDF5F326BCCB9C2E3DC0D0233D06
:10B40000AE9E43BED23791BE886385BEBF2C6DBC55
:10B41000170E843B8ECD4E3DE6072E3CD9B0A6BB21
:10B42000B95500BE0ED72A3D5628923D7C65DE3CBC
:10B430007FC2D9BDFA0C48BEBF7FF3BB9ACD633B38
:10B440005C9198BAA5BE6CBD9CA845BE355FA5BCF5
:10B45000B7EF513D7616BD3C8F8EEB3DF165223C3A
:10B46000BC23E3BCF567BFBC49D9E2BDBF620DBDDB
:10B47000DA56333D05359C3D637FB9BD564ACF3D15
:10B480008522BD3D1BD43E3DB952AFBD452A0C3C83
:10B49000AC56263D9E611A3E48DE09BEE49E5EBE65
:10B4A000A08D84BE472189BDF46DA13D126A06BC02
:10B4B0002EE6673CAAF20D3EA915663DEBFC4BBE9D
:10B4C0000937F9BD8E5956BE799535BCC8B34BBC0A
:10B4D000F470823CEBC851BD2079673CB68098BEC1
:10B4E00061C17D3909E0863D132B633D80600E3CD0
:10B4F000ACFF53BE0D3334BD0072C23B4D4B2C3DEF
:10B500009D8141BE40A41FBE33E147BE21ACE63D54
:10B510003E3EA1BCBF9B2E3E9C36633C8DB3E9BD35
:10B52000DFA6BFBC566133BE9B3C55BE03B603BC11
:10B53000575A463D15C701BEB5DDC43DE413223E52
:10B540006A85193EDC9F1BBE1AA7A1BC6B9AB73D4A
:10B550006E30543E588ED0BD05DCB3BE60AEADBE7D
:10B560004B7511BE0DE38E3DD175E1BDE1425E3DEF
:10B5700030F60E3E4301FB3D9A0B6CBEA3220E3DFE
:10B580001EF9E3BD50E01D3DC36595BDB62F203CBF
:10B59000F7E895BE2DB2FDBD622D12BF0075433D8B
:10B5A000BADB153E938A06BD90692DBD7BDC97BE44
:10B5B0008787B0BC9339D63D6D1EE73DBFD2F93ABF
:10B5C000EA7937BD6E15443B382F4E3D508DD73D3F
:10B5D0007CB91F3E266E15BEE2753D3DCE505CBD6A
:10B5E000834F333DDE7205BEB708CCBD1D59F93C13
:10B5F0004A5E5DBD36CC50BB651CA3BC931DBBBD74
:10B600003B5619BEE59701BDB81E05BCE0D823BE68
:10B61000CA1794BD8F19A8BC0056C73D0952A9BCD2
:10B620003C1570BE7D96873D02D705BEAC009F3DA0
:10B63000F0DA653DED7DAA3D8FFDECBDE7FB093EEF
:10B64000668437BC70EEAF3C7B690ABBBB48C13D2A
:10B65000F92EA5BDF8FB053DB074BE3C998320BC16
:10B660005A0EF43C047093BD054EB63D0F5FA63CE8
:10B670001E526CBED525633B1B2D47BD9430D33C79
:10B68000C3D501BD05DF343D8CB96B3DB4ABD03DB6
:10B69000F19CCDBD077D693CB9E08C3CCC9B433C23
:10B6A000B727C8BC14AEC73C0E15E33B30BD7D3C8C
:10B6B0007C9E7F3D431EC13DA7026EBD586FD4BC2A
:10B6C00069E0C7BC142175BD4790CA3C5017893D3D
:10B6D000AFEB173DA1DA60BC05A613BD5803943C3F
:10B6E0001074D4BD36061D3A29B2563D3A234ABDE0
:10B6F00030F488BD9FC708BE865627BD6329D2BDDA
:10B700008942CB3BBC3B323DAED3083D4A7EC43C74
:10B71000E6CD61BC6DC9AA3D06B98B3D3813533CDB
:10B72000B6F513BE556B81BD0D6F563B30F232BE80
:10B73000070A7C3DACFD9DBD05C379BDA3AF60BDCF
:10B74000B728B33DC009853B93C9A93C1FD99CBD0F
:10B75000B1178ABC026292BC19A977BC7D09953CDD
:10B760000476753D8198043DA20C15BE02BCC53D12
:10B77000D026073E53CBD6BCC023AABCA0FE93BDA7
:10B780000536A7BDD3F6AF3DFE27DF3DC020293DDE
:10B790006684B7BD350A89BDDD950D3EA3CA90BD4F
:10B7A000793D183C1231653D244524BEEF5957BB05
:10B7B0007C0B4BBEE44ABDBD8066D0BD317CC4BDB0
:10B7C000D2FBC63D98A4B2BC6440F6BC7C9CA9BD2B
:10B7D0004AEB6F3D73F7B93D9FE9A53CAB3D0CBE0D
:10B7E00055875CBECEC1B3BDADDEC1BD685E0E3D4A
:10B7F000882F93BCD5CE80BE014E6FBCC8CD703DA6
:10B80000B263E3BD5CC90E3DA054DBBD22FFCCBBDF
:10B810006341E13C73125ABE2FDC79BD1BB9AE3DCA
:10B820003D48CF3DF20C2ABEE294D93D8715AE3D8E
:10B83000DA032D3D62BEBCBD6EBE61BEA06D35BDDE
:10B84000876AAA3DD26DC9BDC1738FBD3178D8BD9D
:10B85000F59C74BC1D3C133E231546BDF050943D31
:10B8600028B72D3D0938443D944E24BD895F11BE53
:10B87000541C47BD747BC9BC5280C8BDCDCD373D7B
:10B880001DAB143C4B1FBAB9F6EE1FBE50C4823D2F
:10B890006572AA3D8CDBE83C6A330EBE62F527BEBA
:10B8A0007CB60EBDEB1E59BCEBFD863DE84B0FBED2
:10B8B000D7DF22BE93563CBDA513893D18B064BDA9
:10B8C000376E01BE4B034FBE3B36823D630D17BD45
:10B8D000CC9BA3BE7CD51ABE7BD9F63D93FDF33D30
:10B8E000A9F7D43CE199D03D7D09953DAB06013ED9
:10B8F000C64E08BE093804BE569969BD2F336C3D4B
:10B900005DC38CBD6AF600BE9819D6BD43AED4BCEB
:10B9100024EF2C3EE8BD01BED690B83D30F4083D82
:10B92000AC363F3D26C3B13D9B3A4F3DBDE053BDD4
:10B9300072335C3BEBA925BEA777F13D30634ABD6E
:10B9400034854EBDB797C4BED465313E8107E63D10
:10B95000D63770BD213D85BE770F10BEBE6A25BDAE
:10B9600045F2D53DE3FB823D28275ABC6F460D3D8D
:10B97000FD8689BBB7998ABCCD72993DAEB9633D4E
:10B98000E23D47BD5CC7F8BD74CECFBC71E742BB9A
:10B99000E3A85CBCD40CA93B2BA13B3D3EEA1F3E77
:10B9A000D40A53BCAEB933BE077D29BD6824A2BDFD
:10B9B000BEDE9D3D2D93A13DCBF6A1BDD064DF3D04
:10B9C0009947FEBA603A6D3DA721AABAB75D80BE1D
:10B9D000AF5D5A3A965904BDD4480B3DBA1146BEE4
:10B9E0009B1EB43DC18F6A3D35D1A73DB0C8AF3D68
:10B9F000C5C7A73C26AA373CA246613D08CD2E3DCF
:10BA0000207E7E3D9BC6F6BBDD0A21BED06229BDED
:10BA1000AC1B6F3C522C373C7DE8023CA2EBC2BD14
:10BA200018ED71BDFA415D3D5B4329BDE9EFA53BD2
:10BA30000D354A3DCDAC25BAB519873D9354A6BB0B
:10BA400061AA19BEEB901BBCDF6D5EBCA27C41BD40
:10BA500065562F3D5C05B13C2A70723D317C443DFA
:10BA6000F32128BCDE8FDBBC315FDEBD5A9BC63CB8
:10BA70003E786DBCC7F5AFBDA435863C349CB2BCE6
:10BA80004831C03C4392593DBD52F6BDB6BE08BDDB
:10BA9000DA3BA3BD50500A3D18605FBD7461243C81
:10BAA000B16BFBBCA6B86A3DCE35CC3AB669ECBCEE
:10BAB0007B31543D6902C53C40A3343DAEBC643D7E
:10BAC000D5B40B3D13F02BBD5B0C9EBCB7EB65BD35
:10BAD000459B633C8602B6BC6536C8BCE1B50BBD70
:10BAE00045B8493C61FADEBD7D3C743C1877033CA7
:10BAF000E2E4BEBD3ECBF33ACC7C873C0074F8BD9B
:10BB00007B4F65BCD0436DBD3291B2BDB037313D86
:10BB1000D40FEA3CC9E96B3D8B34713D45D8303DCB
:10BB20003811FD3BB9382ABD76C6973D49136F39A8
:10BB3000DD231B3C8FFE173C4B227BBAEE5D833D21
:10BB4000056B9C3CA7B3133D4C702ABDF86EF33BCC
:10BB5000BFB7693C4660CCBD8C81F53C9E28C9BD11
:10BB60007427583C3A0323BD6B29E0BD3EB0633DCA
:10BB7000FE4550BBFB5B423D2FA5AE3C9FAFD93C81
:10BB8000EEEA153DB60E8EBDB5A629BED34CD7BD87
:10BB9000535889BD7BA2EBBC4391EEBCDD41EC3B2D
:10BBA000978BD8BDE71B113DBD1E0C3DDC9B9FBD97
:10BBB0004C1762BD41834DBD65173CBE797338BDDE
:10BBC00005A580BEBAF59ABD80B9563D3200543DF8
:10BBD00034D8543DE4F30A3DF299EC3C5ED985BC7F
:10BBE000481846BD47563E3D728B79BDD317C23DBE
:10BBF0005839B43CC32CB4BC10759F3C66868D3B51
:10BC00005FCFB73DD06394BC8EE7333D8BDE293CDC
:10BC10006F2C28BE04029D3C2254A9BC6CCCEBBA0C
:10BC2000976F9D3DCC96CCBD056C473DCA54413CB9
:10BC3000DDD1FF3BBF49D33B3C851C3DA6D0F93C41
:10BC4000008E7DBDBCE730BE9A2501BD3676E9BDCC
:10BC5000526257BCEE5D033CE59A823C66F764BCD9
:10BC60007F138A3C360211BE198FD2BC80D842BEE7
:10BC7000157285BDF01422BE8F5625BEFC369CBEC3
:10BC800040BEA4BD38F4163DE448673D1059C43D9C
:10BC9000A9FA553DBA10ABBCC05AB5BC2B68DABD89
:10BCA00014EDAA3D42CE3BBE541CC73DB6D7423D23
:10BCB000DAE3853D8E3BA53CE1EEACBC05FB2F3DB8
:10BCC000FCABC73C2DB29D3D16F694BDC86100BECD
:10BCD000ED29793D958018BDAC74373D9293893D2F
:10BCE000F75624BE79E6C53DD1408C3D6DC92ABDCD
:10BCF00071C971BD0A4AD13D03271B3DA516AABDD6
:10BD00000611C9BD94A18A3D669F07BD97C8A53D90
:10BD100030470FBCE99A493DAAB61BBCF3E630BDDB
:10BD2000567D8EBDC40A373CC3676BBBEB1DEE3D31
:10BD30005DFA973C4D1095BD2994E53D1D93C53D99
:10BD4000535829BA3A20493D410FB5BDE97C78BD29
:10BD50009608D4BC5FB7583E338AE5BD2B8881BDB9
:10BD60005E80DDBD3C2DBF3C18969FBD94891B3D78
:10BD7000AFD1F2BC825575BCA7EA1EBD46962C3EDB
:10BD800080483FBD8BFAC4BD4C6EF4BDBBD4083DAA
:10BD900057E823BE7D97123D3BFD60BD20B2A8BD94
:10BDA000B9192EBD3A07CF3B027F68BEF9126ABDB2
:10BDB000A37895BC61C5893DA511033E5F4691BD41
:10BDC000BEA085BC96B0963D552F3FBD93560CBE88
:10BDD000DE8E703DA73FBBBD6287313DE0BD833D38
:10BDE000C556503C8DCF84BDC1FD00BCF0C3C1BC65
:10BDF000452FA33BDF8AE43DCA18DF3D4051193D82
:10BE000082544A3D151F0FBE6FBD66BD838854BD69
:10BE100007ED253E1DE94CBD9EB440BE44A5B1BD15
:10BE2000481ADC3D28275ABDAAD42CBDA720BFBD87
:10BE3000B43EC5BDFCC7C2BC4D4D323EF7035E3DAE
:10BE4000AD844EBEF88B99BDCC7E5D3DB22E0EBE4C
:10BE500097A8DEBB9FE3A3BD3BA6AE3DD9437B3D88
:10BE6000726E933CFE4726BE85436FBEED4594BD82
:10BE7000C006043DDBBE073E658D7ABD4C70EABC52
:10BE800036CDDB3DAF9500BEE2B11FBE44C10C3CD8
:10BE9000FB0450BD53CFA23DD3F74A3ED159263DB6
:10BEA000ACC868BE2671D6BC9180513C342E9C3CF7
:10BEB0008C2B0E3EB285E03DD0B8203EED0D3E3AD3
:10BEC000BE32AFBDA46D5CBEF702B3BC4E2804BD4C
:10BED000679C863BFD2D99BE62811FBE0D1A3A3DBF
:10BEE000D10294BD47E912BD0ABAFDBD9EEF67BD00
:10BEF00091F37E3D2CB6E93D81CD793DCFDA85BE0B
:10BF000056652FBE976F7D3D399B0E38C3BC473DAC
:10BF1000FA449E3B47E49B3D8BFC7A3DE069323D11
:10BF200081AF28BD16854DBE9EEBFB3BA12DE7BB27
:10BF30005C55F63D51678EBD12F6AD3DD993E03D9F
:10BF4000C6A615BD552F1FBEF72084BCB35D61BDCD
:10BF500058E4573D92E9103E444C893D16FBABBE78
:10BF6000EDD632BD2C49BE3DE1D1463D486F983DEE
:10BF700010B0163DC975B33DEE93A33CAAD5F7BDED
:10BF80004CDF4BBEDE7275BC31CE5F3C46EDFE3CF5
:10BF90002C4758BE5B0BA3BEDAE6863D959B18BEC8
:10BFA0005917373C456242BDB378B1BC1A33C93D1D
:10BFB0008692C93DFE46DB3DC6BE44BEAD2F72BE75
:10BFC0000E2CA73D9A6038BDFAB6A0BD95F345BDCD
:10BFD000B58AFE3CA2B8E33D0342EB3D3FE081BDA4
:10BFE000520A4ABE9C6C833DAB09A2BCBB80973D04
:10BFF00062A3ACBDBBD5D33DF5F3C63D6E52D1BDFA
:10C00000350C5FBE8577B9BC6C9405BEA0C4673D96
:10C0100062A0AB3D177F5B3C541EB5BEBCCD2BBEB2
:10C02000A019A43D4C1A233D5ED76F3D0B0A833CFB
:10C03000B938EA3D9B8D15BB8672E2BD9DF4A6BE64
:10C04000293E9EBD67BAD73C1424D63D48C28EBE59
:10C05000E15DAEBE48C1D33C04CAA63BD880C8BD92
:10C06000C764F1BC485187BDE1D1263EBB097E3D86
:10C07000DB6DD73DA0FC2DBE8467AABEB9FFA83DED
:10C08000FF5D1FBC268F673DD8EF893C9604883D35
:10C090008DB4D43DFBAEA83D35EB0CBDA9505D3B46
:10C0A0003EB0633D1A860F3B45485DBC094F88BDD5
:10C0B0003160493CFF97EB3C5130E3BD86C613BE6F
:10C0C000A20B6A3DC367CBBD1FBBABBD80D8D23DC1
:10C0D0000AF5743C88665EBD7521563D7F2E5ABDBB
:10C0E000A45402BE95EEEE3D38BD0BBC286211BDD6
:10C0F00064AD21BD78EFE8BD378CC2BDA06CEABD50
:10C1000092EA2B3E1FF301BD5ED76FBD39F1D5BD5D
:10C1100099BA6B3D4225CEBDC0CE4D3DE8D92C3CF1
:10C12000492FEABC213E30BC24431E3E5D6DC5BB99
:10C13000B6121ABEA03454BC507392BD37C63EBE70
:10C14000A052353E0B0D04BE336A7EBD6329123CFE
:10C15000EB6E9E3D975899BCD0B7053D63F206BD86
:10C16000D97A06BDF3058D3D929389BC91D52DBC3E
:10C17000519FC43DAD68D3BD52F1FFBDC3D501BDD4
:10C180006A8995BCDA59743CA94E173E2BF9583D83
:10C19000B70977BDB66A573D747C743D804A553DFA
:10C1A000AC71963DD8F11FBDD864AD3D5D37A5BBE0
:10C1B000B1F978BD97C9F0BD0682C0BD8195033E37
:10C1C000677FC0BDADA425BEB5A97ABD0682C03DBE
:10C1D000C8B1B5BD3E41223DC2D92DBD30F418BE17
:10C1E0004CC671BDA59E853DFD161D3B48DF74BE46
:10C1F000EDF142BDD63AF13CFED1973DAA0AED3DA4
:10C200002FA6993BE4A3C53C00A9ED3D9D9C213D93
:10C210004016A2BC2024ABBDFD8774BC89F0CFBD05
:10C22000BA2E3C3D4512BD3BD2367E3C0F619C3D53
:10C23000289CDDBD7E3973BD838814BD20D019BD17
:10C240008D25AC3D9B011E3E3BAB053DCD7740BEF1
:10C250003509BE3DD55EA43DCEFB7FBCB893083DFD
:10C2600073DA53BD4CC3F03DDC12B9B9E7A823BD66
:10C27000B3251BBEB057F8BDF0F8F63CC42286BC0F
:10C28000C0E717BEA2410ABED74E943B1B0EEBBDC2
:10C2900051A0AF3DF35407BC2FF99FBD27F525BD35
:10C2A000C43FECBC314022BDCA3690BE89CF1DBA16
:10C2B000804A053E5D89803D1B2D373E931BC53C62
:10C2C000FD4D283D200DC73D6B62413D28F2A43D48
:10C2D000AA4845BEC26CC2BDB2D565BDAFCC1B3D40
:10C2E000793D98BBF721AF3D420848BC7EC8DBBC16
:10C2F000BE6609BE410FB53C3FE11CBEF44F303D68
:10C300006BF1A93D564A8F3DD81084BE3AAD5B3CD7
:10C31000CA6CD03DA53245BC2B88813C3CF45DBD48
:10C32000226D633D1F2DCE3C71AFCCBC5E9D43BEE4
:10C330008EC877BD2E1B1D3C994B6A3DF60805BE85
:10C34000AD4B0DBEAB3FC23C16FC76BD99D5DB3D77
:10C350008A04533D96AFCB3AC37D643C86A92DBD7C
:10C360006477013C3AEA68BE91D52DBC475A2A3E13
:10C370004224833D02BC45BD3F9127BD575FDD3C54
:10C38000AD158D3DD3303C3DCD06193CAC1959BDA2
:10C39000D99897BD3BFF36BD0CACE33C4BCADD3CA6
:10C3A000AD690E3E7E8F7A3CE4A0843CBEBC10BEDC
:10C3B000E5B93E3D6152DCBD6362333D8E765CBCC7
:10C3C0000742B23AE38CD9BE84F21EBEA2F0593DB8
:10C3D000083B053D978D4EBCD97B71BCCAFCA33D83
:10C3E000C5CB53BD09A5AF3D0396B4BE82C9ADBD53
:10C3F00044157E3B55A51D3EECDFADBEB6F5ABBE8C
:10C40000F73E153DB35E4CBDAA619F3DF774053EF6
:10C4100000AA383C5586713D2BA2A6BC32C6073C0B
:10C420007C0E84BE96B046BE5EF4053E02BC853DE1
:10C43000F225D43DA48A623CF2D3783DDA56B33C6F
:10C440001F80543C676024BD2C4A09BD2B1895BC45
:10C45000295F50BD1D580E3AF9A192BD27D8DF3D86
:10C460000917F2BB2CD8C6BD64AE2CBEB876A2BBF1
:10C47000B4E89D3DF92E253C61A66DBD03B257BDC4
:10C480009B1D69BD10768A3D90BF14BE193DB7BA99
:10C490007B4ACE3CEB1FC43C55A181BBDBC4E9BD4C
:10C4A000A30653BC66BF0EBEA20E1BBE6EC4433EA7
:10C4B0009D48B0BC656D13BEFED6CEBC946A5F3D90
:10C4C0004DBAADBD4815C53DE2C92EBDDEAA2BBD96
:10C4D000E21F36BB4A282D3EFA7E6A3DDE7285BEDB
:10C4E0000ED78A3D7ADF38BD225554BD1078503EB4
:10C4F000ECF744BCF241CFBD2862013EBBD4183EEC
:10C500003927763B5705CA3D272E37BE8A8E04BE93
:10C51000CD3CB93C94A1AABC6092CABC03421B3E6C
:10C52000249A40BE92E825BD71CA1CBDEDD371BBF3
:10C53000D4609A3C86E24E3D221CB3BBEECD6FBD6B
:10C54000F585B03DD90A9A3C24F172BB749AC53D79
:10C5500035B7A2BDAEF41A3D5FB5B2BDB24A29BD32
:10C56000C07ADCBD3926EBBD0E4C0E3EE179C9BD6B
:10C5700073F30DBED522A23C1AF7663DEEB21FBE84
:10C580001C41AA3D2D405BBCEA5B86BD2D3EC5BD6E
:10C590000B0BAE3DBB99113D6153AFBE09A444BC2A
:10C5A00050C24C3D3F70553D855DD43DE71B113D6C
:10C5B000B51BFDBC2593B33D4260A53D61E37A3CCC
:10C5C000AB225C3DD0D340BDDDB449BE0306C93CBF
:10C5D000C7F56F3CD28E5BBD9A956D3D38D8DBBDFB
:10C5E00054C469BC50A8A73C813FFCBB48FA34BC8A
:10C5F0002D228A3DD4D2DCBBDCF4A7BDC3676B3DE2
:10C600002BA6523C13D3053CDFC14F3D6536A8BD78
:10C6100083F6AA3D732B843C17F0923D0A9E42BDDF
:10C62000346517BE8C9E9B3DEB8FB0BCDF6F44BE64
:10C630009CDB04BCACE0373DC50009BE3C15D03DD9
:10C6400087C0113D53918ABC81EA9FBDEED0B03ABC
:10C65000DC668ABD85B3B3BEEB55E43CEE78933D12
:10C66000D690783D93C4B23DFA62EF3C9D2FF6BB65
:10C6700033A6E03CB22A423DA4DF3E3CBC218D3CC7
:10C680009A4267BDC7DABFBD93E3CE3CA60EF23C2B
:10C690003FE0013D8DD3103D6CEC123D2FFA8ABD79
:10C6A000B16A103D60E801BED3F584BD01857ABD55
:10C6B0005E4B48BCBD184ABDC096173D749A053DF7
:10C6C0007A6C4BBB7809CE3CCE52B2BD7C0C163D89
:10C6D00085B09A3D7AAB8E3DE41332BE6ADAA5BDD1
:10C6E000CDAC25BD8B34F13B05FC5ABE5F4506BE83
:10C6F000BBED023DF7E9B8BDEB36083E1781913D31
:10C700009CDDDA3C73F2223D24805BBD5F5CAABCF9
:10C710006BB868BE27A0C9BDEA40963DFDA36F3D3A
:10C72000F985B73D50C3B7BCFEEF883B329328BCB8
:10C730003065E03C8CBF6D3CF9D948BC020DB6BCFD
:10C74000E5B592BDA376BFBBD7DBA63DA724CB3D05
:10C75000700B96BCAABB723DAF5D1ABE5265B83D68
:10C7600044A63C3D8EB0A83BD53DD2BD880E81BDD0
:10C77000134693BE3526443BD8B929BD5BEDA1BD18
:10C78000B188613DFB3C063D1A6E003D4A7A983CFB
:10C79000268D013E67B889BE9566B3BD8CBF6D3CE2
:10C7A00077314D3D6402C6BE1156B3BE1F86D63CDE
:10C7B000A1BC0FBE0C58623EDD25313EC66AF33D7A
:10C7C000E97F193E29CD863D6C40A43D1A324EBE0C
:10C7D0000DFC58BE5EBD0ABDF0C1CBBD5797233ED0
:10C7E00009A5CFBDFB73B1BD5B4088BD9C197DBC65
:10C7F000E59957BD9D491BBC707B02BC1D77CABD26
:10C800000DE118BD8D7A88BC48DE093E57267C3C78
:10C810000454083ED8494DBE7A7077BD5E4A1D3D2E
:10C8200024615F3DD9CE67BE89D3A93D6D1E47BD4A
:10C830002FF749BCFE0D5ABC8753663D00E404BC8B
:10C8400019909D3D4BB0B8BC936F36BE7A72CDBC8B
:10C85000B8E8A4BD64E8F8BD71ADB63D986BD1BB36
:10C86000111A61BEF913153D4B5B1CBD76A41ABEAF
:10C870003849133E3CC0B33D821F05BEDC65BFBBDB
:10C8800081CE043E04ADC0BA232C2ABE44A2D03CC3
:10C89000B43D3A3DCA190ABD156FE43D68588C3C59
:10C8A0004C8B9ABD4E6125BC63D5003ED235B33D5D
:10C8B0007CEE243ED8D6C7BE18090DBE8CF20C3DC6
:10C8C000F4505B3D6A3283BD3CA2E23D51676EBECF
:10C8D0001FF216BC79E6253D9AB07DBC47AE1B3CE5
:10C8E0005C5847BEC5754C3D5320B3BCE57DBC3D8F
:10C8F0001B0E4B3D9738923D2926CF3DFEEF483D1C
:10C9000067657BBC5F6026BEA986FD3B233181BD88
:10C910009FC708BE98DE3E3DE28F623DBBD563BE39
:10C92000F3E75B3C4276DEBB38DBDCBD45D5CF3D73
:10C93000C2F9143D5ABD83BD3814BEBD4031723DAD
:10C940006072A33AF2EA5CBEB742583D3D62743B66
:10C95000D046AE3C062D643D85B05A3DA72300BCB1
:10C960000AF4493DE9456D3C4DD628BDF2EC723CD8
:10C97000939058BE250596BD66C0993D560D423C24
:10C980009FAE6EBBD7F9B73D7C45D7BD876A8ABDE0
:10C990000531103D3F6FAABDAEBC643C38BDABBD98
:10C9A00060AFB03AD94125BDE17BFF3CDA3B233C87
:10C9B000DEE8233D42AF9F3D7A008BBB583A9FBCD7
:10C9C000663046BDF2CE613DCA8C77BD88A01ABEE6
:10C9D0007845703D9605133DE8A532BECD72593BB2
:10C9E000DB3521BD875120BEAF07233E1C448B3D64
:10C9F000A1689E3C809C90BDB74343BC8D60633C66
:10CA000089D349BE2CBBE03CC0952C3D9A93573D41
:10CA10002250BD3D459EA43DD993403CE0D95EBD2A
:10CA20008178DD3C3411763DDAC960BB7A72EDBDA8
:10CA30009771D3BD7F30F03B5A9EC73D66BE833DA4
:10CA40005933923DAF3FE9BDF7C991BD562B533DD8
:10CA5000AA99F5BD9BC80CBD68403DBDF4C132BD6F
:10CA6000645A9BBB9A40113D78B4F1BDA60E723C4E
:10CA70000917723D3E7AC33C6AFAECBC5EF716BDFC
:10CA80006688C33DE82D9EBDF29746BE2577D8BC8B
:10CA90007E39333DBDFE8CBE249A80BD78970BBB9A
:10CAA00070D1E9BD6E17823E67D5E73C00551C3D4D
:10CAB000DEAA6B3BFB75273C8753E6BC873254BD2F
:10CAC0009B8E00BE3A57143D2498EABC0745B33DFF
:10CAD000F8DDF43C3239353C346828BD56BC91BC95
:10CAE00039D5DA3C34BDC4BC3AEB133D2EC8F6BD93
:10CAF00007D2453C3599113E064B153E158F8B3CB0
:10CB0000F12A6B3DB9C29BBD38F5013D3106163D9A
:10CB1000B3EBDEBC9E7E10BDB70A02BECAF982BD71
:10CB2000234BE63CA98863BE2AC639BD38D9A63D49
:10CB3000E02E7B3D4B5CC73CD8288BBD3E780D3E3C
:10CB40006F84C5BD776993BE0C746D3C14E7A8BCB7
:10CB5000A43350BE506D80BE0D6CB5BD749A35BE09
:10CB6000CC5FC93E23DAEE3D485127BDE1270EBD1B
:10CB70003FE46D3D2D3FB0BD145F6D3B2CD660BED4
:10CB8000C7800CBE3FA710BE083E363EB5A639BDD5
:10CB9000D1C9D23C7A53B1BDE67970BD42B1B53D41
:10CBA000C97127BEE3E2283CEC69E7BD501B553C48
:10CBB0006EFB5E3D09A4E43DEBC6BB3C5EDB5B3D2A
:10CBC000EE0867BE2097B8BE2C2E8E3CF1483C3D47
:10CBD000AC55DBBD26E5EE3CE44922BE849E7DBE1D
:10CBE000780C8F3C3BAA1A3DBAA39F3D75C80D3EF9
:10CBF000D6AB383E6D6F9FBE5936933D083E46BD5D
:10CC000092B02FBD8317FDBC062C093ED46571BEC2
:10CC10009433543D4704E33A0DC51DBD74D23B3EE9
:10CC20006EE01E3EBA6567BEB2F24BBC2731083DCE
:10CC30004C51AE3D5AB88CBDADDEE1BB7D91D0BD4F
:10CC40006E6905BE802AEE3C221A5D3D30D7E23D7A
:10CC50003657AD3D647781BBAC39803D3352AF3D33
:10CC6000446D2FBF5FB447BDC0956C3D27BD8F3D60
:10CC7000361D01BD93560C3EDE593BBE1FA1263D1D
:10CC8000A41A36BDA39400BE7383213DD157F0BDD5
:10CC9000E2CD5A3D76C1E0BC1A6E803DC1A7B93CD9
:10CCA00055C09D3DC1AC903DF60A8B3C126AA63D35
:10CCB000E8328DBEE0BB4D3C86AA183C9371ACBDFA
:10CCC0002D0A3BBD9DD7D83D93FEB6BE6FBC7B3DC4
:10CCD000EE0611BDAB21D1BD9D491B3EE36E503D1B
:10CCE000554C85BD29203DBE4DD7533D3999B83CA3
:10CCF000A969F7BDB5FE9638EECEDA3C419DF23C0F
:10CD000033A8D63D1A8A7B3D2BFB2E3CA35B2F3DDF
:10CD100077DA5A3D1DE4F53A0F5E3BBC24F1EABEDA
:10CD20001D71A8BDF7574F3DC346F93D01FC533D6A
:10CD30007D24E53D886438BE829197BC494B853D92
:10CD4000B37E8BBEA5168A3D5743E2BCC347443B26
:10CD50005DA4D0BCC0CD223DF3927F3C7EC85B3D3C
:10CD6000BD55573D3D80C53C28B9C33C02A0E2BE3D
:10CD7000029EB43D874DE4BC46452CBE70076ABB9D
:10CD80005C00BA3D991281BE268A903CA01984BDF0
:10CD9000BC0467BEED81163E09513E3D39D3043CCB
:10CDA0004BAC8CBE0DAAADBD944D39BD145D17BE04
:10CDB0005F45A6BDA1BBE43DE92B483DBAF5FA3D70
:10CDC000BC07683CD271B53C6687983D98A59D3CF0
:10CDD0001D3EA93D910D24BC967A46BE2FC224BEAD
:10CDE0008D08C63CF4FE2F3E3886103E787EB13D5D
:10CDF000E2AF19BE912CE0BD6C3EAE3C87A210BEE6
:10CE0000DDEE653D3CA5433DFB5B82BD24464F3CCA
:10CE10004AB7253DE4680EBE6E86FB3DBE6BD03C36
:10CE200033345E3D7AA9583B500035BE484E663DCE
:10CE30002731083D05A881BEB9C1D03CBDC7993D89
:10CE4000F3AD6FBEDA8FD4BD47AEDBBDD57984BEFE
:10CE5000EF1CA23E81095CBCFE286ABDD10595BECF
:10CE6000740B1D3DA75920BDA836D8BD6C260FBE3A
:10CE7000C406CB3DA22AC6BDCD5A0A3EBBEEAD3A92
:10CE80003EEC85BDB62D4A3CEF8CB63BEBC6DB3D98
:10CE90008F1C69BCCB68E43C4B2283BE7154EE3CD2
:10CEA0001092E53DF8A82F3EE36C9A3D679AD0BDFD
:10CEB00023BAE7BD0FEE4EBEEA20AFBDEB01933DB6
:10CEC0003370403D570916BE7785DE3D5B07873DD1
:10CED0005F0B2ABE0D51C53D7F17B63B6A6B843D83
:10CEE000DB303A3E427A5ABE82E6F33D7C7CC2BCDD
:10CEF000558A5DBE8AC90B3EBB641C3D06BB71BE34
:10CF0000A62BF8BD96970CBE62F389BED0290C3FC4
:10CF10002B6E5CBDFE27C7BEF19E8BBE95640D3E99
:10CF2000193D67BEDBFDAABD78D533BE99B980BD7A
:10CF30007F6D3DBE5FB8333EDAE10FBEC47A23BCDD
:10CF40004DD8FE3CC8CEDBBB624A143EA034543BF5
:10CF500033DDEBBB698B8BBED0F2BC3C6EC4533E61
:10CF60005DA686BD60E8013EA27C01BE593578BE53
:10CF7000848428BDACAD583CF73C7FBD750686BDAA
:10CF8000CC63CD3A8B351C3DE0BDA33C1A6C6A3DA9
:10CF90006D1FF23C3AADDB3BEEB1F4BC5C38103DAA
:10CFA0002B8405BE41F28E3DAC8D313C3560103D89
:10CFB000463F9ABDF644173DF38ED3BC55BEE7BD40
:10CFC0001822873D448A813C9FAA42BD624A24BD03
:10CFD0007CD2A9BD98184B3C67618FBD0A6436BDF1
:10CFE00023650BBC1DB08BBD533D993CDB6D573D9C
:10CFF000280C4A3C5CCC8F3DD5ECE13DE54285BD3B
:10D000007991E9BD98BDCC3DDA1FE8BD62DB52BE27
:10D01000564A4F3C51BBDFBC50AA7D3D60CD81BD1F
:10D0200092080D3BD3D9C93B7A6C4B3B3B3682BD52
:10D03000EC34923DB1C3F8BDA260A6BDA9A4CE3C1C
:10D04000B1DCF23D3CBC273D904C07BC9B018E3DC2
:10D050003F398A3C27BE5ABD067F3FBB17B87CBD0F
:10D0600042761E3D55F6DD3D95D35E3D1F308FBCAB
:10D0700053763A3D7250C23C78B491BDF0336E3D68
:10D08000960A2A3DDB1675BE7CD6B5BDD0B399BDD8
:10D09000664AEBBCF3E4FABDDDCE7EBDA9F92ABD3C
:10D0A000FA7AFEBDEF5440BC29B3013DFB3BDBBD2A
:10D0B000809A9A3D4BE4423D645AFBBD24F172BE16
:10D0C000605AB43DC26C023DA4FE82BE94679E3D90
:10D0D0000DA9223C2BBEA13BE38C01BE2574973BDE
:10D0E00068B0A9BCBDC2A23D56F417BE9E42EE3D3B
:10D0F00076C180BEF984ACBD4DA3E93DDBFB543D58
:10D100003F1963BD917EFBBD79068D3DFB1E25BE9B
:10D11000F1D4C3BD3ACA21BE15E61DBED6389BBBAD
:10D12000AA7F003E423E083E130FA8BD56478E3DE3
:10D1300073A1723DE8A2813D9D4AA63D658EE53D05
:10D140002F5002BE4320573D2FA86FBE2D405BBD20
:10D150005A826CBE774D38BEFA2A393D0CB2E5BD15
:10D16000F50ED73D7C44CC3D7C6007BE2E70D93D8A
:10D17000AF7B8B3D70B122BEA6EEDABE0CCC1A3E60
:10D1800064E7AD3DB2BEA1BE8CDB183E0DA5B6BDB9
:10D19000B893883D72A473BEF81606BEBAD7C9BC50
:10D1A000D449B63D957CCCBD59520E3EE94327BECD
:10D1B0000FD03DBE17821C3EFA449E3C9F20F1BD1D
:10D1C00066A072BD304C06BE41F1A3BE103B33BE1B
:10D1D000DB308ABE6973BCBDD39FDDBDAE0FEBBC37
:10D1E0009DF3033EE25CC3BB789BF73D6727A33DFD
:10D1F0000284873EC366C03D2DCDCD3DE6E5B0BD82
:10D200001D73BE3DFB3E84BE29AE1ABE8DECCABD69
:10D2100089F097BEBEA346BBA5125EBD77136C3ED8
:10D2200020D5203EA6D3BA3D97387239CB2E983DF3
:10D23000EA203FBE4E8099BEF838533C8A1E283EF5
:10D24000121229BEEA96BD3DB83C66BE20EC943C65
:10D2500090159CBDE02C45BEB88F2CBEA5F6E23DD6
:10D26000BB28FABD98A1B13D7FDFBFBD083B45BEDD
:10D270003FFF5D3EF99E51BEB7B698BEED29B9BDE0
:10D28000595123BE33DCB0BE2FA403BE3C4D8EBE2D
:10D2900094340FBE3B5443BE35CFB1BD860020BD94
:10D2A000C1C9D6BD99D4203E786341BD4696EC3EB7
:10D2B000193C4CBD5644CDBC88F74CBE2E01803E77
:10D2C00055BF22BE86C869BC522BCC3C62C012BE80
:10D2D000ABCECA3D47C9ABBD13EE253E9A25413EB4
:10D2E000490FAB3E3CD8E23CE2759D3D2B3014BE6D
:10D2F0000F7EAABECCEF44BE54C69F3EECF94ABE98
:10D30000182312BD22FA45BED73374BE5CE3F3BDC9
:10D31000653688BE958143BE4B048ABDB13385BC5A
:10D320004887073A6EC1D2BDBF6017BE1B4897BC85
:10D330008EE9893CF695873DCA332F3DE2218C3D2D
:10D340008ECACDBC0FB8AE3BE949193BF1B828BC39
:10D350004B3C203C8BDE693D662FDBBBF86D08BC87
:10D36000395FECBC500005BDE8BC46BEAA63153D64
:10D37000A452EC3BDFFC063CD89C033CCEFB7F3B3D
:10D38000CC08EF3C62D7363DB189CCBC67286EBB78
:10D390009F5AFDBD996123BB7902813D6C21C83C38
:10D3A0005A49AB3CF4A40C3D198CF1BDAD691EBDCE
:10D3B000CDAFE63C9220FCBD6CEDFD3C4D810C3DBB
:10D3C0004B23E63CA089903DC3F3D2BC64CDC8B9E1
:10D3D0000C3E4D3D8B6FC8BD1B4CC3BBE675C43CBA
:10D3E000AE61A6BD47753ABEE59741BD3E25673D96
:10D3F00010760A3C7CD50ABD307FA53D3AB1073C8A
:10D400009274EDBDF0A570BA4704833DF1841E3DD2
:10D41000C16E183DEA5A9B3D9A60B83C142260BC2C
:10D42000268EBC3C745C4DBD04C93B3D766F053D0A
:10D4300098C203BE11C73ABD9EB5DBBC58FF673A20
:10D440002A3686BD6AA425BDBF0CC63D99814A3CDB
:10D45000FC51143D09E23C3D3543AABC78EC273D24
:10D46000B421FF3CE2AEFEBDE086B8BD4C18CD3C19
:10D4700076530ABD5E30D8BD64B2B83C6308803CC8
:10D48000F06D7ABC5DFC2DBDF7CC92BA253E373DE0
:10D490003AB272BC6A4FC9BD1494823DEA200FBEF5
:10D4A000F59E7ABE6FF5BC3DB81F303DE12839BD11
:10D4B0000DABF8BCB0CB703D7AC5D3BC1E3390BD6C
:10D4C00044850ABE64E9033DAF5A193A0744183E41
:10D4D0002D24C03D6215EFBCD2DF0B3D6EC4933DE1
:10D4E000EFA91C3DD57A3FBDDA3C4E3DAD3168BD5C
:10D4F0007C0EAC3D75C7A2BDC7D7DEBD00A882BEFD
:10D50000CB660EBEAB42033EF1660D3D6D58933DBA
:10D51000F73D6A3DF321A8BCA56BA63CD4B6E13C1F
:10D52000EF3CB1BD88F19ABD8638563DAE83833D50
:10D530006EA14BBECC7CA73DB7EB25BD4E64E6BCCF
:10D540007E74EABCC3F1BCBDBEA4B1BC664BD63C84
:10D55000B4E3063D5F61C13DC00684BD6C0688BE74
:10D56000A54E003E58E186BEFB2231BE5DF8C13CAF
:10D5700093C743BE6FD35FBD04715EBD640795BEA4
:10D58000D75155BBC1012DBDFBE7E9BC4FE5043EBA
:10D590001613BBBD15018E3D97C5443DC0CD323E2F
:10D5A000320054BDDF6B483D28F4FA3C514D893DB3
:10D5B000F609A0BA34F324BE31B545BEC1C58ABE52
:10D5C00016C1BF3DA052853DFEEFE83D6A692E3D84
:10D5D000143DF03C87F8A73DB43CCF3DF58009BE33
:10D5E000446D1BBD25CFB5BD82FE423DE0808EBEA1
:10D5F0004DBE593CE67885BDE49F19BEB16E1C3E18
:10D60000725042BD1616BCBD404B173E967BC13DC5
:10D61000172B8A3D9D84B2BD41F4ECBEF7AE413E6E
:10D620002880B2BE129FE3BE541DF23C043792BE66
:10D63000AC00BFBD0E6528BC9A22C0BEA2EF4EBE94
:10D6400017618A3C21C92CBE0DC3073D58E146BE77
:10D65000CBD7753E07D2C5BD11378F3E707D28BE32
:10D66000A4A986BE8BC65A3D0E4B733E5342703DF5
:10D67000AD8A50BEF7729F3C163297BED1B28EBDB6
:10D68000C5901CBC1EE0493EBD1A303E0805BD3E9B
:10D69000B4C74B3D3221263E7D3C54BE890C2BBE87
:10D6A0004738A5BEFDBE1F3E0B0EFFBE5DE072BD3E
:10D6B000DAAAA4BD062F02BF5F60063E448AE1BD20
:10D6C0007DE6ACBD3D6575BD6E322A3BD00C22BDFA
:10D6D00004E516BE6F642EBE8869DFBC4CE0163DC3
:10D6E00098C02D3C40FB91BB13F116BD5E4D1E3C16
:10D6F000B8CC69BD57EB043DF085093D1F8395BC4F
:10D7000095102C3CA438C73C342DB1BB12A0A6BB4D
:10D71000A8AA503A272EE7BDA306533C212360BD9B
:10D72000DD42D7BC855FEABC16131B3C8A5A1A3C03
:10D730009A24963C1F300FBD158B5FBC4BEA84BD0D
:10D7400036E936BB707D183D9B922C3CD2E181BD01
:10D75000AE28253D49685BBE9E62D5B9F58164BCA3
:10D760002C47C8BC05508C3B3FC5F1BC8C85613D46
:10D7700005500CBCDB8A7DBCB743433D36AB3E3D18
:10D7800062F391BDAE61063C97ADF53C5D86DFBDB1
:10D790006F9F45BE0E2C07BD880FECBA7E18A1BC4A
:10D7A0007D7AACBDD0B7853CFFAECF3BF64196BD90
:10D7B000C58C703D0EDD8C3DAB3FC2BC2AC93A3DE5
:10D7C00065532E3C37C7B93C1840783A4372323D16
:10D7D0005182FE3C11E50B3D546E223CCA8976BD58
:10D7E0003C8386BC63B48EBCD3BC633C261B4FBD5C
:10D7F000D55D593C2767683D5CE41E3C2E39EEBB85
:10D800008D7F1F3C363A27BD6DE6103C73A0073C68
:10D81000444FCABD50C50D3C6C06383DAE818DBD30
:10D820004BE52D3D520C103CFC1D0A3C3ECA083C09
:10D830009BCAA23A228C1FBD8194983D755B62BD44
:10D840006F2D13BC6C26BF3D1344FDBD2ACA35BEE7
:10D8500027DD163C3BA61EBE8750A5BCA75CE1BCDD
:10D86000719090BD85259E3CE410F1BDB1C318BCFC
:10D870008F52193EA4FB993DEF1E203C4B03BF3C49
:10D88000CC2816BD47930BBC5DBF603DAD6B343DEE
:10D89000CADF3DBCAEB6823D04AF163C51BB1F3D56
:10D8A000514C5EBA3CA5033C3A952CBE936FF6BD35
:10D8B000EB1A6D3DA725163DF38FBE3C8318E83B60
:10D8C00047AB1A3DA62641BDEA961D3D973737BEA8
:10D8D00012699B3D64CB323DE94919BB3C4F3CBECC
:10D8E000BF0F473D68CBB9BC904FC8BBDD5B113C57
:10D8F000EE940EBD9625BA3CF563133B48DD4E3CD5
:10D900009198A03D3677F4BCE6CE5CBEAE0E103EDC
:10D9100045D5EFBDE59D03BE853FA33D69028DBEA4
:10D9200063B3A33C6D9009BD878A99BE3D488F3D86
:10D930001EC2F8BC1CB32CBE03ED7E3E1A1AEFBD0E
:10D94000B75FBE3D2979953DD13EF63D8D611EBE46
:10D950006F65893CE316D33D9BE4073D71E8ADBCA0
:10D960004E7E4BBE7A3726BECBB994BE1C5CBABC89
:10D970001937F53D5C1BCA3D68EB803D73A0073D40
:10D9800082C7B73CD672273D1651F3BD2F6E233D9B
:10D990007F69F1BDDB8BE83C59C3E5BE6726383EA5
:10D9A0003579CA3C4758D4BD3200943DBE2D183D50
:10D9B0005DC281BDA1A1DF3D272E473DCAE2DEBD8C
:10D9C000DE54A4BC23DBA9BE7E557E3E29263FBE85
:10D9D0005CE4AEBE87FD5E3DE8D9ECBE304CA63BB4
:10D9E000A703293EA854D1BEE8BC9EBEB725D23DB0
:10D9F000481575BE857BA53D77313DBE05866C3EDD
:10DA0000507392BEB055323E6077A2BE884988BE40
:10DA1000525F863E8FFC913E3D0C2D3C2ACA65BE6E
:10DA2000221C733D2D60C2BE9338D3BEAAD3013CE5
:10DA3000F10E403E82A82B3E5DF9BC3E1FBD51BE9B
:10DA40009773293DC40B82BE739EB13DFCA585BE74
:10DA50008461A03D9A5C14BFB8CB3E3D1002323DBC
:10DA6000AE4731BE4BE84E3E64CA073BB87818BE9D
:10DA7000C235B7BD5A453F3D871A853BD32F113D6F
:10DA80003C314BBE9D81B1BD4AECBABD707CED3CD2
:10DA90008A3A33BD253E37BD695636BD429645BDEF
:10DAA0002A1E97BC583C753C17610ABD0ADAE43A55
:10DAB0005663893CB1C0D73CF3AFE53CA320F83CAA
:10DAC0001C403FBC952CA73CE999DEBCE1ECD6BBE1
:10DAD000E3361ABD86768E3D8ACD073D7731CD3C43
:10DAE0003BA6EE3B16DB24BD7992F4BC548B083C7C
:10DAF0001972EC3C55849BBBC191E0BD24D080BD24
:10DB0000B20D0CBE7DD0333D197618BDA113823DF8
:10DB100051829E3D581C4EBC2FA8EFBCCA6ABABCAD
:10DB20004B74163CC9013BBC064A0A3D80D67CBCFE
:10DB3000A6BA403D3F390A3D9F3D17BDAEBB29BE49
:10DB400084D904BE1AF801BE2E53533D48FD75BD5D
:10DB5000B82271BD1841E3BC2FDF7ABAC6353E3D0D
:10DB600095D5343D2C2AE2BB9AEC1F3C967A16BD23
:10DB7000D68C8C3C7AE3243D2E000D3DFA97A4BB55
:10DB800044FC033DCC79C63C18B490BC09513E3CE2
:10DB90004AEC1A3DF0302D3DCE52323C01344A3D24
:10DBA000F8DD94BD2E8E0A3DC3676BBB1C08493C53
:10DBB000A2EFEEBC4C6F3FBDB3B53EBD86760EBD49
:10DBC000960769BDE736613D7BF446BD87C0913D50
:10DBD000486DE23B83A3A4BD24D2B63C433951BC7B
:10DBE000F75985BDF8540E3DA5F321BD0400073D4E
:10DBF0009833BB3D772D41BE5B5F44BE161406BD16
:10DC0000D87F6DBE06B8C03D1783473DF22895BD4D
:10DC1000D673523C6C787ABDDA91AABD2B4B343D59
:10DC2000B66716BB68252DBD6A34B9BCAC1E10BEE4
:10DC3000DC65BF3BC9C9C43D340F203D0587173D96
:10DC4000E4BD8A3D575E923D8ACB913DADFCB2BCAE
:10DC5000CD77F03C05C3D9BDA532A53DBC5CC4BDA4
:10DC6000234BE63CF60A4B3D9B8FEB3C317E1A3D45
:10DC7000ED288EBD29B2D6BC0D54E6BD6C24893C7E
:10DC80001501CE3C4F021B3CE21F26BEC5901CBBBB
:10DC9000F83728BDE1ECD63C01A34BBD1F4C8ABC34
:10DCA0001492CCBCC5FF1D3DF646AD3C9AEE953DA9
:10DCB00001BEFBBD384D7FBE57D0D43D19E268BED2
:10DCC000139919BEB709073EA9116ABE3656E23D3F
:10DCD000F419503D937382BE2E04D93DFBE67EBC01
:10DCE000A45006BED1CABD391CB201BD37C4783DAF
:10DCF0006A6A193D1F10683D03098ABC5EDAB03DAF
:10DD0000A018D93D2E20343DE8F527BD9E7BA7BE47
:10DD10005EDBBBBD4F055CBCC4D260BE492F2A3D53
:10DD20003D7FFA3D37E0733DA46DFCBC73BA8C3D7A
:10DD30000ABA9D3DB8E68EBDCCD0D83DBA311DBEE5
:10DD4000E3A7B13DF73F90BEF5BC1B3DF014923DFB
:10DD5000164C7C3D4FADDE3D209BE43CFC8A25BE4D
:10DD6000CDC9EB3D514C1E3DB8AE08BE54C594BD67
:10DD700022E17BBE6F84253E2FC224BEAB0897BE36
:10DD8000537B013EE274B2BEE6CD613D91812C3EF3
:10DD9000DB13A4BEEB5489BEB24AE9BC7369FCBD77
:10DDA0007C653EBE399B8E3A7B13133E129F5BBE51
:10DDB000FDBFEABA4FB0FFBDDBDC18BE1100AC3EC0
:10DDC0005A9B163EC6176D3C78F2E1BE68CE7ABB10
:10DDD000643D65BE8716B1BEC11D08BE61A7B83DD2
:10DDE000FED4F83D986BF13D6892D8BD1EC40E3D3F
:10DDF000FBB02EBEC4EE4B3E70EB0EBEB4228A3D8D
:10DE000040C1A5BE317EDABDB936443E17D5523E7B
:10DE100058E36C3E423F533D033EC7BEBE2F1EBE7D
:10DE2000CF15853DD4D608BBDF36933D3946B2BC0D
:10DE30008A91E5BD99653FBEC365153D6DAEBABD1E
:10DE40008256803DA454A2BD1F68853C4B223BBD39
:10DE5000D4F1183D9FCA89BDD175613D34BCD93C10
:10DE60004AEC1A3D60E4253D6CCE41BC6B9D38BD4B
:10DE7000EE96E4BC535829BC721480BD56BC11BC4C
:10DE80001783873DFBAE483D58C8DCBC107A363D51
:10DE9000B916CDBDB2139E3DDB148F3C734A003DD5
:10DEA000C97468BDD863A2BDC592D2BD234E27BD3B
:10DEB00048322B3D52431BBD2C7F9E3D9773693DDD
:10DEC000231205BC01A561BD47AA6FBC6A4C083C82
:10DED0008945ECBD30F01C3DFD4DA83C368FC33C60
:10DEE00078F13E3DE7FE6ABCE8D94CBE1CEB623CD3
:10DEF00061DD90BEA0DC963D431BA03D239E2C3DE2
:10DF00000F7B213CDEE7783C6FBB50BC431D563D88
:10DF1000DC2DC9BDF0F9A13DA65FA23C2C7D68BCFB
:10DF2000475A6A3D1CCD113D90BB08BEA31EA23DC1
:10DF300049D70C3DECBD18BEB709773C15CA42BCA9
:10DF40000728AD3D6EA2B6BD3200F43DF70409BE10
:10DF50004B3EF63C0C06B7BD0515D53CA51404BEDA
:10DF6000A73D65BDB70977BC3337DFBAD95E1BBEA5
:10DF70006CB3313CA7CC0D3D3D10D9BCDFA6BF3CF6
:10DF8000A9DB09BE5F42053D021122BD0D55B1BCA2
:10DF9000E3A51B3D399C393D82548ABEA818C73D74
:10DFA00046078CBE28F0C6BE9D13DB3DECF9AABE29
:10DFB0007423AC3C62A1063E79CEF6BD76F9B63D3F
:10DFC000D28F063D744185BE5E2ADEBE4EB932BE9A
:10DFD000569C6A3D12DA923DCFF703BE9C51B33D89
:10DFE00023A0E23DCB4988BD3883FF3D938BB13DF3
:10DFF000CEC7B53D5308A43DE6CD09BF8330773D7C
:10E000001D5B4FBD0A49763E6805CEBEE99BB43D17
:10E01000032525BE73667BBDB1C403BD0917F23A63
:10E020001BA0B43CF29841BD5CCA39BE79AD14BEA8
:10E030004E9BB1BD9291D3BDEF6F503D579753BDED
:10E040000B97053EA60D273E99F5C23DD2E20CBCCA
:10E05000D504113EF20949BEC53B403DDF3257BEF3
:10E06000D9094FBE2843353E4B5B3CBEC3B9C6BE43
:10E070005F292B3E88F2BDBE9276233E2FA6993DA6
:10E080004F3FB0BEEB6E9EBE8B535DBE7A8F03BE1C
:10E09000039406BC0E84A43D2A8B023E95D39E3C7D
:10E0A000C0AEC6BD6F84553E897B6C3D24D1EB3D2F
:10E0B000ED49E03CBB42A7BEA7024EBE3A7A7CBD0A
:10E0C000C66A833EC4D0F2BEA3CB2B3EF87104BE19
:10E0D000755B12BE25B37ABDA450963D4E43B43D48
:10E0E000A8FC2BBD22C3EABD6F9DC7BE7F2EBABD63
:10E0F0009CC15FBEA9C21F3C2EC5B53DC500293ECF
:10E10000EAE75D3ECEE1FA3D1E708DBECD3B0E3E90
:10E1100042760EBECF138FBD857AFABCC405E0BD32
:10E12000AA2A443E40D934BEB9C60BBF17B8BC3D7D
:10E1300083359EBEA836183E72C4823EE7732EBE5B
:10E14000C39F31BE153CC5BDF88A8EBDA7755BBEA9
:10E150005EBE253EC9224D3EB47154BEB1FBAEBD7C
:10E1600096093F3E5FD032BE22FCAB3E51DB36BE4D
:10E17000B74599BE98F803BF5438A2BD2043973ED7
:10E180002619C1BE9E41A3BD09FA4BBD726D18BED2
:10E1900057EEA5BDE6072E3C3C316B3CA708F03D91
:10E1A0000727823D7E0248BE0CC8FEBDB5DC09BE15
:10E1B000F0BE4ABE8387193EA08CA13E4D13A63EF9
:10E1C00079E7203E823A45BFB7F07CBD57B34EBBDE
:10E1D000F2B6B23DFE0CCFBD9C8628BCEF1E60BDE2
:10E1E0007F4E21BE86553CBC904986BD3412213DF0
:10E1F00033C25B3CF9D9483D55C158BE19C8F33DFF
:10E20000931D2BBE9832003E45F215BAD592A6BE9C
:10E210003BC6F5BDC4E8C13E45B849BC628666BE92
:10E220008C4A6A3E787C7BBE988621BD8752933E9D
:10E230005F4205BDD57A1FBE861FDCBDEA051F3EC5
:10E240000E858F3D098CF53DD3DB3F3E89EB58BEF3
:10E25000882D7DBD740791BDB30805BD425B8E3D21
:10E260009AEEF5BC7993DFBC04FED03D937382BD7A
:10E27000ACE5CEBC6C7B3BBC37C7193EE6E95CBD68
:10E28000158E303E0EBBEFBA30313233343536376F
:10E2900038394142434445464748494A4B4C4D4E24
:10E2A0004F505152535455565758595A61626465EC
:10E2B0006667686E71727400000000000000000163
:10E2C000020304060708090000000001020304001D
:10E2D0000000000000000000000000000000003FFF
:10E2E000400000000000000000300040003000400E
:10E2F00000000009000BC03D000BC03D00090018E4
:10E30000C024407FE0224031800000180024C01B60
:10E31000000D803240018003801C4027401C800794
:10E3200040004010006000000000000000000000FD
:10E3300000000000001F80204040200000402020FE
:10E34000401F8000000000090006001F8006000931
:10E35000000000040004003F8004000400000000EE
:10E360001000600000000000000000040004000431
:10E370000004000400000000000040000000000055
:10E38000000000002001C006003800400000001F0F
:10E39000802040204020401F800000000010403FAF
:10E3A000C000400000000018C02140224024401856
:10E3B00040000010802040244024401B80000002C8
:10E3C000000D0011003FC0014000003C80244024AB
:10E3D000402440238000001F802440244034400318
:10E3E0008000003000200027C03800200000001B03
:10E3F000802440244024401B8000001C0022C022B6
:10E400004022401F80000000000000084000000083
:10E410000000000000000004600000000000000098
:10E420000004000A00110020804040090009000992
:10E430000009000900000000004040208011000A8F
:10E440000004001800200023402400180000001FD2
:10E45000802040274029401F400000004007C0396D
:10E46000000F0001C0004020403FC0244024401B5A
:10E470008000001F8020402040204030800000208D
:10E48000403FC0204020401F80000020403FC0246B
:10E49000402E4030C0000020403FC024402E0030BD
:10E4A0000000000F00108020402240338002002036
:10E4B000403FC0040004003FC02040204020403FB7
:10E4C000C02040204000000060202020203FC020CD
:10E4D00000200020403FC024400B0030C0204020DE
:10E4E000403FC020400040004000C03FC03C00030F
:10E4F000C03C003FC0000020403FC00C4023003F14
:10E50000C020001F802040204020401F80000020AD
:10E51000403FC024402400180000001F80214021FB
:10E520004020E01FA0000020403FC02440260019EA
:10E53000C0004018C02440244022403180000030F8
:10E540000020403FC020403000000020003F8000FD
:10E550004000403F80200020003E0001C0070038FE
:10E56000002000380007C03C0007C0380000002031
:10E570004039C0060039C020400000200038400764
:10E58000C0384020000000304021C02640384020E4
:10E59000C00000000000007FE0402040200000009C
:10E5A0000070000C0003800040000000004020408C
:10E5B000207FE0000000000000200040002000005C
:10E5C00000000000100010001000100010001000EB
:10E5D0000000004000000000000000000002800574
:10E5E00040054003C0004020003FC00440044003F9
:10E5F000800000000003800440044006400000004A
:10E60000000380044024403FC00040000003800518
:10E6100040054003400000000004401FC024402487
:10E62000402000000002E005500550065004202064
:10E63000403FC00440040003C000400000044027E5
:10E64000C000400000000000100010041027E0008F
:10E6500000000020403FC00140070004C0044020EB
:10E660004020403FC000400040000007C0040007B9
:10E67000C0040003C00000044007C00440040003BD
:10E68000C0004000000380044004400380000004F8
:10E690001007F004500440038000000000038004D1
:10E6A00040045007F00010044007C002400400047A
:10E6B000000000000006400540054004C0000000C6
:10E6C0000004001F80044000400000040007800098
:10E6D00040044007C000400400070004C001800659
:10E6E000000400060001C0070001C006000000048D
:10E6F0004006C0010006C0044000000410071004DA
:10E70000E00180060004000000044005C00640044B
:10E710004000000000000004007BE04020000000FA
:10E720000000000000FFF000000000000040207B1F
:10E73000E0040000000000400080004000200020B5
:10E740000040000000000000000000000000000089
:10E750000000000000000000001FCC000C000000C2
:10E760000000000000080030006000080030006079
:10E77000000000022003FC1E20022003FC1E2002D9
:10E7800020000000000E1811043FFF10840C7800D8
:10E790000000000F0010840F3800C00778188400B4
:10E7A00078000000780F8410C411240E9800E40053
:10E7B00084000808006800700000000000000000ED
:10E7C00000000000000000000007E01818200440CE
:10E7D000020000000040022004181807E0000000BA
:10E7E0000000000240024001800FF0018002400260
:10E7F0004000000080008000800FF8008000800052
:10E800008000000001000D000E000000000000006C
:10E810000000000000008000800080008000800078
:10E820008000800000000C000C00000000000000D0
:10E8300000000000000006001800600180060018BB
:10E84000002000000007F008081004100408080762
:10E85000F000000000080408041FFC00040004008D
:10E8600000000000000E0C10141024104411840E3F
:10E870000C000000000C1810041104110412880C84
:10E88000700000000000E00320042408241FFC00A6
:10E8900024000000001F9810841104110410881037
:10E8A000700000000007F0088811041104188800A7
:10E8B00070000000001C00100010FC13001C001071
:10E8C00000000000000E3811441084108411440E22
:10E8D00038000000000700088C1044104408880726
:10E8E000F00000000000000000030C030C0000001A
:10E8F0000000000000000000010106000000000010
:10E9000000000000000080014002200410080810F0
:10E910000400000220022002200220022002200225
:10E92000200000000010040808041002200140002C
:10E9300080000000000E001200100C106C10800F00
:10E9400000000003E00C1813E4142417C40828077F
:10E95000D000000004003C03C41C40074000E40059
:10E960001C000410041FFC1104110411040E880083
:10E9700070000003E00C1810041004100410081CB0
:10E9800010000010041FFC100410041004080807F5
:10E99000F0000010041FFC1104110417C410040837
:10E9A00018000010041FFC1104110017C01000080B
:10E9B00000000003E00C181004100410441C780040
:10E9C00040000010041FFC10840080008010841F91
:10E9D000FC10040000100410041FFC1004100400BC
:10E9E00000000000030001100110011FFE100010C4
:10E9F00000000010041FFC110403801464181C1094
:10EA000004000010041FFC100400040004000400B3
:10EA10000C000010041FFC1F0000FC1F001FFC1056
:10EA200004000010041FFC0C04030000E010181F79
:10EA3000FC100007F0080810041004100408080770
:10EA4000F0000010041FFC10841080108010800F54
:10EA500000000007F0081810241024101C080A07F2
:10EA6000F2000010041FFC1104110011C011300E3F
:10EA70000C000400000E1C11041084108410441CAF
:10EA80003800001800100010041FFC1004100018BB
:10EA900000000010001FF810040004000410041F00
:10EAA000F8100010001E0011E0001C007013801C04
:10EAB0000010001FC0103C00E01F0000E0103C1FD1
:10EAC000C000001004180C163401C001C016341820
:10EAD0000C100410001C00130400FC13041C001094
:10EAE0000000000804101C1064108413041C04109F
:10EAF0001800000000000000007FFE4002400240BD
:10EB0000020000000030000C0003800060001C00C8
:10EB100003000000004002400240027FFE000000AF
:10EB200000000000000000200040004000400020E5
:10EB300000000000010001000100010001000100CF
:10EB40000100010000400040002000000000000023
:10EB50000000000000009801240144014401440029
:10EB6000FC000410001FFC00880104010400880060
:10EB7000700000000000700088010401040104001E
:10EB80008800000000007000880104010411081FC3
:10EB9000FC0004000000F801440144014401440069
:10EBA000C800000000010401040FFC11041104114D
:10EBB000001800000000D601290129012901C9011E
:10EBC00006000010041FFC00840100010001040085
:10EBD000FC000400000104190419FC0004000400F6
:10EBE0000000000000000300010101190119FE00EE
:10EBF00000000010041FFC0024004001B4010C01BF
:10EC00000400000000100410041FFC0004000400B5
:10EC1000000000010401FC0104010001FC010401E9
:10EC20000000FC010401FC0084010001000104005B
:10EC3000FC0004000000F8010401040104010400C8
:10EC4000F80000010101FF008501040104008800B3
:10EC5000700000000000700088010401040105013B
:10EC6000FF00010104010401FC0084010401000112
:10EC7000800000000000CC012401240124012401B3
:10EC800098000000000100010007F80104010400E1
:10EC9000000000010001F800040004000401080164
:10ECA000FC0004010001800170000C0010016001F3
:10ECB00080010001F0010C003001C00030010C01A6
:10ECC000F0010000000104018C00740170018C014E
:10ECD000040000010101810171000E0018016001B2
:10ECE00080010000000184010C0134014401840111
:10ECF0000C0000000000000000000001003EFC408D
:10ED00000240020000000000000000FFFF000000C1
:10ED10000000000000400240023EFC010000000034
:10ED200000000000006000800080004000400020E3
:10ED300000200000000000000000000000000000B3
:10ED400000000000000000000000000000000000C3
:10ED500000000000000000000000000000000000B3
:10ED60000000000000000F80380FFE380F803800D0
:10ED70000000000000000000000000000000000093
:10ED8000000100000600000C000038000031000007
:10ED90000600000C000038000030000000000000F9
:10EDA00000000061800067F807F980006180006161
:10EDB000800061800061800067F807F98000618051
:10EDC00000000000000000000001C0E003E0F006C9
:10EDD00030080418081FFFFE040E080787F003819F
:10EDE000E000000000000001F000060C0004040830
:10EDF000060C7001F9C0000E00003BE000EC1807A3
:10EE00000808040C180003E00000000001E00007FF
:10EE1000F003F818041C0804170807E1D003C0E049
:10EE20000023B0003C080020080000100000000093
:10EE300000000100003100003200001C0000000052
:10EE400000000000000000000000000000000000C2
:10EE500000000000000000000000000000000000B2
:10EE60000000007F0001FFC00780F00C00181000B8
:10EE70000420000200000000000020000210000436
:10EE80000C00180780F001FFC0007F0000000000A8
:10EE90000000000000000000000000000000004230
:10EEA00000006600006600003C0000180003FFC080
:10EEB000001800003C0000660000660000420000F0
:10EEC000000000080000080000080000080000081A
:10EED0000001FFC000080000080000080000080052
:10EEE00000080000000000000100003100003200B6
:10EEF000001C0000000000000000000000000000F6
:10EF000000000000000000000000000800000800F1
:10EF100000080000080000080000080000080000C9
:10EF200008000008000008000000000000000000C9
:10EF30000000003800003800003800000000000029
:10EF400000000000000000000000000000000000C1
:10EF5000000000000600001C000070000180000E90
:10EF60000000380000C0000700001C000030000056
:10EF7000000000000000007F8001FFE003807006B9
:10EF8000001804000804000806001803807001FF40
:10EF9000E0007F8000000000000000000001000889
:10EFA00001000801000803FFF807FFF8000008004F
:10EFB000000800000800000000000000000001C080
:10EFC0003802C058040098040118040218040418F8
:10EFD000061C1803F81801E0F8000000000000000B
:10EFE000000001C0E003C0F00400080408080408A1
:10EFF0000806180803F41801E7F00001E00000001B
:10F00000000000000000000300000D0000110000DF
:10F01000610000810803010807FFF80FFFF80001F5
:10F02000080001080000000000000000E007FCD01C
:10F030000608080610080610080610080618380604
:10F040000FF00607C0000000000000000000003FB5
:10F050008001FFE00384300208180410080410083F
:10F06000041008071810030FF00007C0000000008C
:10F07000000000000003C0000700000600000600BA
:10F08000F80607F806180006E00007000006000072
:10F0900000000000000001E1E003F7F00634100476
:10F0A0001808041808040C08040C0806161803F3C2
:10F0B000F001C1E000000000000000F80003FC3097
:10F0C00003063804020804020804020804041003BA
:10F0D00008F001FFC0007F000000000000000000F9
:10F0E00000000000000000000000007038007038D0
:10F0F0000070380000000000000000000000000068
:10F1000000000000000000000000000000000030CF
:10F110001A00301C00000000000000000000000089
:10F1200000000000000000000000080000140000C3
:10F130002200004100008080010040020020040005
:10F14000100800080000000000000021000021005D
:10F15000002100002100002100002100002100000A
:10F16000210000210000210000000000000000003C
:10F170000008000804001002002001004000808008
:10F180000041000022000014000008000000000000
:10F19000000003C00004C000040000080038080F8D
:10F1A000380808380810000C300007E00003C000E1
:10F1B000000000000000003F8000FFE003807002BC
:10F1C0000F1006708804C088048308047F8802C07A
:10F1D0009003012000FE400000080000180001F824
:10F1E000003E0801C20007020007E20000FE000026
:10F1F0001FC80001F800003800000804000807FFDD
:10F20000F807FFF8040808040808040808040808B8
:10F2100006180803F41801E7F00001E00000000000
:10F220000000003F8001FFE003807002001804002E
:10F23000080400080400080400100600200780C02D
:10F2400000000004000807FFF807FFF804000804A6
:10F25000000804000804001802001003807001FF79
:10F26000E0007F8000000004000807FFF807FFF8B7
:10F27000040808040808040808040808043E0804F0
:10F28000000806001801006000000004000807FFE5
:10F29000F807FFF804080804080004080004080040
:10F2A000043E00060000060000018000000000008F
:10F2B0000000003F8001FFE003807006001804009A
:10F2C000080402080402080203F00783F0000200A9
:10F2D00000020004000807FFF807FFF80408080010
:10F2E000080000080000080000080004080807FFE4
:10F2F000F807FFF804000800000000000004000800
:10F3000004000804000807FFF807FFF804000804D9
:10F3100000080400080000000000000000000000D9
:10F3200006000007000001040001040001040003BE
:10F3300007FFFE07FFFC04000004000004000004B7
:10F34000000807FFF807FFF8040C08001800003E4B
:10F350000004C7800503C80600F80400380400183C
:10F3600000000804000807FFF807FFF80400080081
:10F370000008000008000008000008000008000065
:10F380001800006000000004000807FFF80780086C
:10F3900007FC00007FC00003F80007C000780007EA
:10F3A000800807FFF807FFF804000804000807FFBB
:10F3B000F807000803C00000E000003800001E004D
:10F3C0000007000001C00400F007FFF8040000007F
:10F3D0000000007F8001FFE0038070060018040039
:10F3E0000804000806001803003001FFE0007F80D9
:10F3F00000000004000807FFF807FFF804040804F1
:10F400000400040400040400040400060C0003F8D3
:10F410000001F000000000000000007F8001FFE01C
:10F420000380700600880400880400C806003C03BE
:10F43000003E01FFE6007F8400000004000807FF93
:10F44000F807FFF8040808040800040C00040F0083
:10F45000040BC00610F003F03801E00800000800BB
:10F46000000001E0F803F03006301004180804181A
:10F4700008040C08040C080206180207F00781E0D3
:10F4800000000001800006000004000004000004E9
:10F49000000807FFF807FFF8040008040000040054
:10F4A0000006000001800004000007FFE007FFF0F5
:10F4B0000400180000080000080000080000080010
:10F4C000000804001007FFE004000004000006002C
:10F4D0000007E00007FE00041FE00001F80000380C
:10F4E0000001E0043E0007C0000600000400000424
:10F4F000000007E00007FFC0041FF80007C007F87E
:10F500000007FF80043FF80007C004F80007000070
:10F5100004000000000004000806001807C0780579
:10F52000F1C8003E00001F800463E80780F8060071
:10F530001804000800000004000006000007800016
:10F5400007E008047C08001FF80007F8001808040A
:10F55000E0080700000600000400000000000100B1
:10F56000080600380400F80403E8040F08047C08C7
:10F5700005F00807C008070018040060000000003C
:10F5800000000000000000000000000000003FFF3D
:10F59000FE200002200002200002200002200002C3
:10F5A000000000000000000000080000070000004C
:10F5B000C0000038000006000001C000003000005C
:10F5C0000E0000010000000000000000002000020A
:10F5D0002000022000022000022000023FFFFE0067
:10F5E000000000000000000000000000000000001B
:10F5F00000000000080000100000300000200000A3
:10F6000030000010000008000000000000000000B2
:10F6100000010000010000010000010000010000E5
:10F6200001000001000001000001000001000001D4
:10F630000000010000000000000000002000002089
:10F64000000010000010000000000000000000009A
:10F65000000000000000000000000000F00019F8A9
:10F66000001B1800220800260800240800241000AF
:10F670003FF8001FF8000008000018000000040018
:10F680000007FFF80FFFF00018180010080020080E
:10F69000002008003018001FF0000FC0000000001C
:10F6A00000000007C0001FF00018300020080020F4
:10F6B00008002008003C08001C100000600000004A
:10F6C0000000000000000007C0001FF00038180014
:10F6D000200800200800200804101007FFF80FFF82
:10F6E000F00000100000000000000000000007C053
:10F6F000001FF0001230002218002208002208002B
:10F700003208001E10000E20000000000000002043
:10F710000000200800200801FFF803FFF806200879
:10F720000420080420080720000300000000000057
:10F73000000000000E000E6E001FF30031B100202B
:10F74000B10020B1003191001F13002E1E00200EC9
:10F7500000300000000004000807FFF80FFFF80069
:10F760001008002000002000002008003FF8001FC3
:10F77000F800000800000000000000000000200861
:10F78000002008002008063FF8063FF800000800A7
:10F790000008000008000000000000000000000059
:10F7A00000000003000003002001002001002003EE
:10F7B000063FFE063FFC00000000000000000000C5
:10F7C000000004000807FFF80FFFF800018800039D
:10F7D00000002FC00038F800203800200800000882
:10F7E00000000000000000000004000804000804FD
:10F7F000000807FFF80FFFF80000080000080000ED
:10F8000008000000000000002008003FF8003FF85A
:10F81000001008002000003FF8003FF8001008002A
:10F820002000003FF8003FF8000008000000002022
:10F8300008003FF8003FF80010080010000020000A
:10F84000002008003FF8001FF8000008000000003A
:10F8500000000007C0000FF0001830003008002042
:10F8600008002008003008001830000FF00007C022
:10F87000000000000000002001003FFF003FFF00EB
:10F880001011002009002008002008003038001F57
:10F89000F0000FC00000000000000007C0001FF0D3
:10F8A000003818002008002008002009001011006E
:10F8B0001FFF003FFF0000010000000020080020A3
:10F8C00008002008003FF8003FF800080800100872
:10F8D0000020080020000030000030000000000080
:10F8E0000000000000000C78001E18003308002300
:10F8F000080021080021880021980030F0003860BD
:10F900000000000000000020000020000020000097
:10F91000FFF003FFF8002008002008002008000086
:10F9200030000000000000000000002000003FF058
:10F93000007FF800001800000800000800201000F8
:10F940003FF8007FF00000100000000000000020E1
:10F9500000003000003C00003F800023F0000078F1
:10F96000000070002380003C0000300000200000F8
:10F970002000003C00003FE00023F80000E00027EA
:10F9800000003E00003FE00021F80001E0003E00E2
:10F990000020000000000020080020080038380087
:10F9A0003E680027800003C8002CF800383800208B
:10F9B00018002008000000000000002000003003B4
:10F9C000003C01003F830023EC0000700023800016
:10F9D0003C000020000020000000000000000000AB
:10F9E000000038080020380020F80023E8002F88A5
:10F9F000003E0800380800201800007000000000D9
:10FA000000000000000000000000000000000008EE
:10FA1000000014001FF7FC30000620000200000068
:10FA200000000000000000000000000000000000D6
:10FA30000000000000FFFFFF0000000000000000C9
:10FA40000000000000000000000000000020000294
:10FA50003000061FF7FC0014000008000000000042
:10FA6000000000000000000000000000000018007E
:10FA70000060000040000040000020000010000076
:10FA80000800000400000400000C0000100000004A
:10FA90000000000000000000000000000000000066
:10FAA0000000000000000000000000000000000056
:10FAB0000000000000000000000000000000000046
:10FAC0000000000000000000000000000000000036
:10FAD0000000000000000000000000000000000026
:10FAE0000000000000000000000000000000000016
:10FAF0000000000000000000000000000000000006
:10FB000000000000000000000000000000000000F5
:10FB100000000000000000000000000000000000E5
:10FB20000000000000000007F000C007FFE1E00750
:10FB3000F001E0000000C000000000000000000034
:10FB400000000000000000000000000000000000B5
:10FB500000000000000000000000000000000000A5
:10FB60000000000000000000000000000000000095
:10FB70000000000000000000000000000000000085
:10FB80000000000000000000000000000000000075
:10FB9000000000000000000020000001C00000077D
:10FBA0008000001F0000001E0000001C200000015B
:10FBB000C00000078000001F0000001E0000001CA5
:10FBC0000000000000000000000000000000000035
:10FBD0000000000000000000000000000000000025
:10FBE0000000000000000000000000000000000015
:10FBF0000000000000000000000000000000000005
:10FC000000000000000000000000000000000000F4
:10FC100000000000180C0000180C0000180FE00095
:10FC20001FFC0003F80C0000180C0000180C00006A
:10FC3000180C0000180C0000180FE0001FFC000357
:10FC4000F80C0000180C0000180C00000000000068
:10FC500000000000000000000000000000000000A4
:10FC60000000000000000000000000000000000094
:10FC70000000000000000000000000000000000084
:10FC80000000000000000000000000000000000074
:10FC90000000000000000000000780007807C0009E
:10FCA000FC0640010E002003070020020380200F05
:10FCB000FFFFFC0201C0200200E060013070400143
:10FCC000F03F8000F01F0000000000000000000076
:10FCD0000000000000000000000000000000000024
:10FCE0000000000000000000000000000000000014
:10FCF0000000000000000000000000000000000004
:10FD000000000000000000000000000000000000F3
:10FD1000FE000001FF00000301800002008060037C
:10FD20000181C001FF070000FE18000000E0000094
:10FD300003BF00000CFFC00071806001C100200300
:10FD40000180600000FFC000003F000000000000D4
:10FD500000000000000000000000000000000000A3
:10FD60000000000000000000000000000000000093
:10FD70000000000000000000000000000000000083
:10FD80000000000000000000000000000000000073
:10FD9000001F0000007FC000FCC0C001FF806003A6
:10FDA00003E0200202782002061E2003FC07400127
:10FDB000F00380000103C000011C600001E020008E
:10FDC0000100200001004000000180000000000050
:10FDD0000000000000000000000000000000000023
:10FDE0000000000000000000000000000000000013
:10FDF0000000000000000000000000000000000003
:10FE000000000000000000000000000000000000F2
:10FE1000000000002000001C6000001C4000001FCB
:10FE20008000000F00000000000000000000000043
:10FE300000000000000000000000000000000000C2
:10FE400000000000000000000000000000000000B2
:10FE500000000000000000000000000000000000A2
:10FE60000000000000000000000000000000000092
:10FE70000000000000000000000000000000000082
:10FE80000000000000000000000000000000000072
:10FE90000000000000000000000000000000000062
:10FEA00000000000000000000000000007F8000053
:10FEB0003FFF00007807C001C000E00300003004ED
:10FEC000000008080000041000000200000000000C
:10FED0000000000000000000000000000000000022
:10FEE0000000000000000000000000000000000012
:10FEF0000000000000000000000000000000000002
:10FF000000000000000000000000000000000000F1
:10FF100000000010000002080000040400000803B4
:10FF200000003001C000E0007807C0003FFF000083
:10FF300007F80000000000000000000000000000C2
:10FF400000000000000000000000000000000000B1
:10FF500000000000000000000000000000000000A1
:10FF60000000000000000000000000000000000091
:10FF70000000000000000000000000000000000081
:10FF80000000000000000000000000000000000071
:10FF900000000000000000000C1800000E380000F7
:10FFA0000E3800000630000003600000614380004E
:10FFB000FFFF800061430000036000000630000086
:10FFC0000E3800000E3800000C1800000000000081
:10FFD0000000000000000000000000000000000021
:10FFE0000000000000000000000000000000000011
:10FFF0000000000000000000000000000000000001
:020000040803EF
:1000000000000000000000000000000000000000F0
:1000100000000000000000000080000000800000E0
:1000200000800000008000000080000000800000D0
:100030007FFF0000008000000080000000800000C2
:100040000080000000800000008000000000000030
:1000500000000000000000000000000000000000A0
:100060000000000000000000000000000000000090
:100070000000000000000000000000000000000080
:100080000000000000000000000000000000000070
:1000900000000000000001000000E3000000E2009A
:1000A0000000FC00000078000000000000000000DC
:1000B0000000000000000000000000000000000040
:1000C0000000000000000000000000000000000030
:1000D0000000000000000000000000000000000020
:1000E0000000000000000000000000000000000010
:1000F0000000000000000000000000000000000000
:1001000000000000000000000000000000000000EF
:10011000000000000080000000800000008000005F
:1001200000800000008000000080000000800000CF
:1001300000800000008000000080000000800000BF
:10014000008000000080000000800000000000002F
:10015000000000000000000000000000000000009F
:10016000000000000000000000000000000000008F
:10017000000000000000000000000000000000007F
:10018000000000000000000000000000000000006F
:1001900000000000000000000000C0000001E000BE
:1001A0000001E0000000C0000000000000000000AE
:1001B000000000000000000000000000000000003F
:1001C000000000000000000000000000000000002F
:1001D000000000000000000000000000000000001F
:1001E000000000000000000000000000000000000F
:1001F00000000000000000000000000000000000FF
:1002000000000000000000000000000000000000EE
:100210000000000000000C00000038000000E000BA
:1002200000038000000E00000038000000E0000025
:10023000038000000E00000038000000E000000312
:100240008000000E00000018000000000000000008
:10025000000000000000000000000000000000009E
:10026000000000000000000000000000000000008E
:10027000000000000000000000000000000000007E
:10028000000000000000000000000000000000006E
:1002900000000000000000000FF800007FFF0000D9
:1002A000F00780018000C00300006002000020020F
:1002B0000000200200002003000060018000C00058
:1002C000E00380007FFF00000FF800000000000046
:1002D000000000000000000000000000000000001E
:1002E000000000000000000000000000000000000E
:1002F00000000000000000000000000000000000FE
:1003000000000000000000000000000000000000ED
:10031000000000000000000000000000800020003D
:10032000800020008000200080006001FFFFE003CB
:10033000FFFFE0000000600000002000000020003F
:10034000000020000000000000000000000000008D
:10035000000000000000000000000000000000009D
:10036000000000000000000000000000000000008D
:10037000000000000000000000000000000000007D
:10038000000000000000000000000000000000006D
:1003900000000000000000007800E000980160010B
:1003A00000026002000460020008600200106002A7
:1003B0000020600200406003008060018300600153
:1003C000FE00E0007C07800000000000000000004C
:1003D000000000000000000000000000000000001D
:1003E000000000000000000000000000000000000D
:1003F00000000000000000000000000000000000FD
:1004000000000000000000000000000000000000EC
:100410000000000000000000F0078001F007C001AC
:100420000000400200002002010020020100200222
:10043000010020030380200186804001FCC0C00031
:10044000787F8000001E0000000000000000000017
:10045000000000000000000000000000000000009C
:10046000000000000000000000000000000000008C
:10047000000000000000000000000000000000007C
:10048000000000000000000000000000000000006C
:1004900000000000000800000038000000480000D4
:1004A00001880000060800000C0810003008100049
:1004B00040081001FFFFF003FFFFF003FFFFF00013
:1004C00000081000000810000008100000000000E4
:1004D000000000000000000000000000000000001C
:1004E000000000000000000000000000000000000C
:1004F00000000000000000000000000000000000FC
:1005000000000000000000000000000000000000EB
:100510000000000000000000000780001F8640036C
:10052000E100200302002003040020030400200354
:100530000400200304002003060040030301C0035D
:1005400001FF8003007E00000000000000000000AA
:10055000000000000000000000000000000000009B
:10056000000000000000000000000000000000008B
:10057000000000000000000000000000000000007B
:10058000000000000000000000000000000000006B
:10059000000000000000000007FC00003FFF00001A
:1005A00070C380008180C00101006003020020024E
:1005B000020020020200200202002002030040018B
:1005C000C180C000C0FF8000007E0000000000006D
:1005D000000000000000000000000000000000001B
:1005E000000000000000000000000000000000000B
:1005F00000000000000000000000000000000000FB
:1006000000000000000000000000000000000000EA
:100610000000000000000000F0000003C000000324
:1006200080000003000000030007E003003FE00338
:1006300001C000030600000318000003600000036F
:100640008000000300000000000000000000000027
:10065000000000000000000000000000000000009A
:10066000000000000000000000000000000000008A
:10067000000000000000000000000000000000007A
:10068000000000000000000000000000000000006A
:1006900000000000001F0000783F8000FC60C001E7
:1006A0008EC0400307802002030020020180200248
:1006B0000180200201C0200301E040018670C000DB
:1006C000FC3F8000781F00000000000000000000D8
:1006D000000000000000000000000000000000001A
:1006E000000000000000000000000000000000000A
:1006F00000000000000000000000000000000000FA
:1007000000000000000000000000000000000000E9
:10071000000000003F000000FF81C001C0C1C00117
:100720000060200200202002002020020020200281
:10073000002060020040C00100C18000C18F0000A5
:100740007FFE00001FF0000000000000000000001D
:100750000000000000000000000000000000000099
:100760000000000000000000000000000000000089
:100770000000000000000000000000000000000079
:100780000000000000000000000000000000000069
:100790000000000000000000000000000000000059
:1007A00000000000000000000300C0000781E0001E
:1007B0000781E0000300C00000000000000000000E
:1007C0000000000000000000000000000000000029
:1007D0000000000000000000000000000000000019
:1007E0000000000000000000000000000000000009
:1007F00000000000000000000000000000000000F9
:1008000000000000000000000000000000000000E8
:1008100000000000000000000000000000000000D8
:1008200000000000000000000600660006007800DE
:1008300000000000000000000000000000000000B8
:1008400000000000000000000000000000000000A8
:100850000000000000000000000000000000000098
:100860000000000000000000000000000000000088
:100870000000000000000000000000000000000078
:100880000000000000000000000000000000000068
:1008900000000000000000000080000001C0000017
:1008A00003600000063000000C180000180C000067
:1008B0003006000060030000C0018001000040021B
:1008C00000002004000010000000000000000000F4
:1008D0000000000000000000000000000000000018
:1008E0000000000000000000000000000000000008
:1008F00000000000000000000000000000000000F8
:1009000000000000000000000000000000000000E7
:10091000000000000410000004100000041000009B
:100920000410000004100000041000000410000077
:100930000410000004100000041000000410000067
:10094000041000000410000004100000000000006B
:100950000000000000000000000000000000000097
:100960000000000000000000000000000000000087
:100970000000000000000000000000000000000077
:100980000000000000000000000000000000000067
:100990000000000000000004000010020000200120
:1009A00000004000C001800060030000300600002D
:1009B000180C00000C180000063000000360000056
:1009C00001C00000008000000000000000000000E6
:1009D0000000000000000000000000000000000017
:1009E0000000000000000000000000000000000007
:1009F00000000000000000000000000000000000F7
:100A000000000000000000000000000000000000E6
:100A1000000000000000000078000001F800000263
:100A200038000002000000040000C0040079E00467
:100A30000081E0040100C004030000020200000382
:100A400006000001FC000000F800000000000000AB
:100A50000000000000000000000000000000000096
:100A60000000000000000000000000000000000086
:100A70000000000000000000000000000000000076
:100A80000000000000000000000000000000000066
:100A9000000000000FF800003FFE0000700780001B
:100AA000C000C00101F8400307FC20021E04200220
:100AB00030082002203020023FFC20013F0440018A
:100AC000800CC000E03180001FC200000000000068
:100AD0000000000000000000000000000000000016
:100AE0000000000000000000000000000000000006
:100AF00000000000000000000000000000000000F6
:100B000000000000000000000000000000000000E5
:100B100000002000000060000003E000003E200014
:100B200003E020003E200003E020000380200007B7
:100B3000FC2000003FE0000003FE2000003FE0003A
:100B40000001E00000002000000020000000000084
:100B50000000000000000000000000000000000095
:100B60000000000000000000000000000000000085
:100B70000000000000000000000000000000000075
:100B80000000000000000000000000000000000065
:100B9000000000020000200200002003FFFFE0032D
:100BA000FFFFE002010020020100200201002002FC
:100BB0000100200201002003030020018680600163
:100BC000FCC0C000F87F8000001F00000000000093
:100BD0000000000000000000000000000000000015
:100BE0000000000000000000000000000000000005
:100BF00000000000000000000000000000000000F5
:100C000000000000000000000000000000000000E4
:100C10000000000007F800003FFF000070078000A0
:100C2000C000C001000040030000200200002002BC
:100C3000000020020000200200002001000040010E
:100C40008000C003C00180003006000000000000EA
:100C50000000000000000000000000000000000094
:100C60000000000000000000000000000000000084
:100C70000000000000000000000000000000000074
:100C80000000000000000000000000000000000064
:100C9000000000020000200200002003FFFFE0032C
:100CA000FFFFE002000020020000200200002002FE
:100CB0000000200300006001000040018000C0002F
:100CC000F00780007FFE00000FF800000000000029
:100CD0000000000000000000000000000000000014
:100CE0000000000000000000000000000000000004
:100CF00000000000000000000000000000000000F4
:100D000000000000000000000000000000000000E3
:100D1000000000020000200200002003FFFFE003AB
:100D2000FFFFE0020100200201002002010020027A
:100D30000100200201002002038020020FE02003B6
:100D400000006003C000E00060030000000000003D
:100D50000000000000000000000000000000000093
:100D60000000000000000000000000000000000083
:100D70000000000000000000000000000000000073
:100D80000000000000000000000000000000000063
:100D9000000000020000200200002003FFFFE0032B
:100DA000FFFFE0020100200201002002010000021A
:100DB00001000002010000020100000203800003A4
:100DC0000FE0000300000003C0000000600000000E
:100DD0000000000000000000000000000000000013
:100DE0000000000000000000000000000000000003
:100DF00000000000000000000000000000000000F3
:100E000000000000000000000000000000000000E2
:100E10000000000007F800003FFE0000700780019E
:100E2000C001C001000040030000200200002002B9
:100E300000002002000020010020200100204003CB
:100E4000C03F8000303F80000020000000200000F4
:100E50000000000000000000000000000000000092
:100E60000000000000000000000000000000000082
:100E70000000000000000000000000000000000072
:100E80000000000000000000000000000000000260
:100E90000000200200002003FFFFE003FFFFE0024C
:100EA0000080200200802000008000000080000000
:100EB000008000020080200200802003FFFFE0038A
:100EC000FFFFE00200002002000020000000000000
:100ED0000000000000000000000000000000000012
:100EE0000000000000000000000000000000000002
:100EF00000000000000000000000000000000000F2
:100F000000000000000000000000000000000000E1
:100F100000000000000000000000000200002002AD
:100F2000000020020000200200002003FFFFE00379
:100F3000FFFFE0020000200200002002000020026B
:100F40000000200000000000000000000000000081
:100F50000000000000000000000000000000000091
:100F60000000000000000000000000000000000081
:100F70000000000000000000000000000000000071
:100F80000000000000000000000000000000000061
:100F90000000000000000E0000000F0000000F0025
:100FA0000000010200000102000001020000030233
:100FB00000000603FFFFFC03FFFFF8020000000231
:100FC000000000020000000200000000000000001D
:100FD0000000000000000000000000000000000011
:100FE0000000000000000000000000000000000001
:100FF00000000000000000000000000000000000F1
:1010000000000000000000000000000000000000E0
:10101000000000020000200200002003FFFFE003A8
:10102000FFFFE00200C02002010020000780000056
:101030000FE0000030F80002603E2003800F200324
:101040000003E0020000E002000020000000200099
:101050000000000000000000000000000000000090
:101060000000000000000000000000000000000080
:101070000000000000000000000000000000000070
:101080000000000000000000000000000000000060
:10109000000000020000200200002003FFFFE00328
:1010A000FFFFE002000020020000200000002000FE
:1010B00000002000000020000000200000002000B0
:1010C000000060000000E0000003000000000000DD
:1010D0000000000000000000000000000000000010
:1010E0000000000000000000000000000000000000
:1010F00000000000000000000000000000000000F0
:1011000000000000000000000000000000000002DD
:101110000000200200002003FFFFE003E0002003A6
:10112000FF0020001FF0000001FF8000000FE00022
:10113000001E000003E000003E002003E00020034A
:10114000FFFFE003FFFFE00200002002000020009C
:10115000000000000000000000000000000000008F
:10116000000000000000000000000000000000007F
:10117000000000000000000000000000000000006F
:10118000000000000000000000000000000000025D
:101190000000200200002003FFFFE0038000200386
:1011A000F0002000FC0000001F00000007C000004D
:1011B00001F00000007C0002001F80020007E00335
:1011C000FFFFE0020000000200000000000000003D
:1011D000000000000000000000000000000000000F
:1011E00000000000000000000000000000000000FF
:1011F00000000000000000000000000000000000EF
:1012000000000000000000000000000000000000DE
:10121000000000000FF800003FFE0000F007800112
:101220008000C001000040020000200200002002F7
:101230000000200200002001000040018000C000EA
:10124000F00380003FFE00000FF8000000000000E7
:10125000000000000000000000000000000000008E
:10126000000000000000000000000000000000007E
:10127000000000000000000000000000000000006E
:10128000000000000000000000000000000000005E
:10129000000000020000200200002003FFFFE00326
:1012A000FFFFE00200802002008020020080000298
:1012B0000080000200800002008000030180000125
:1012C00083000000FE0000007C0000000000000021
:1012D000000000000000000000000000000000000E
:1012E00000000000000000000000000000000000FE
:1012F00000000000000000000000000000000000EE
:1013000000000000000000000000000000000000DD
:10131000000000000FF800007FFF0000F0038001D4
:101320008001C001000640020004200200042002E7
:10133000000620020003E0010000F80180005C00CC
:10134000E0038C003FFF0C000FFC180000000000C1
:10135000000000000000000000000000000000008D
:10136000000000000000000000000000000000007D
:10137000000000000000000000000000000000006D
:10138000000000000000000000000000000000005D
:10139000000000020000200200002003FFFFE00325
:1013A000FFFFE00201002002010020020180000294
:1013B00001E0000201FC0003033F80018607E00119
:1013C000FC00E000F8002000000020000000000009
:1013D000000000000000000000000000000000000D
:1013E00000000000000000000000000000000000FD
:1013F00000000000000000000000000000000000ED
:1014000000000000000000000000000000000000DC
:10141000000000000000000078060000FE01E0016E
:101420008600C00303004002030020020180200266
:101430000180200201C0200200C0200100E0600104
:101440008070C003E03F8000001F0000000000002B
:10145000000000000000000000000000000000008C
:10146000000000000000000000000000000000007C
:10147000000000000000000000000000000000006C
:10148000000000000000000000000000000000005C
:101490000000000060000003800000030000000264
:1014A000000000020000200200002003FFFFE00314
:1014B000FFFFE00200002002000020020000000206
:1014C0000000000380000000E000000000000000B9
:1014D000000000000000000000000000000000000C
:1014E00000000000000000000000000000000000FC
:1014F00000000000000000000000000000000000EC
:1015000000000000000000000000000000000002D9
:101510000000000200000003FFFF0003FFFFC00205
:1015200000004002000060000000200000002000D9
:1015300000002000000020020000400200008003A4
:10154000FFFF000200000002000000000000000099
:10155000000000000000000000000000000000008B
:10156000000000000000000000000000000000007B
:10157000000000000000000000000000000000006B
:10158000000000000000000000000000000000005B
:10159000000000020000000200000003C000000381
:1015A000FC0000023FC0000003F80000007F800044
:1015B0000007E000000780000078000203C000027E
:1015C0003C000003C0000002000000020000000018
:1015D000000000000000000000000000000000000B
:1015E00000000000000000000000000000000000FB
:1015F00000000000000000000000000000000000EB
:1016000000000000000000000000000000000002D8
:1016100000000003C0000003FF8000023FFE000244
:10162000007FE000000F000200F00003EF00000365
:10163000FF8000020FFE0000003FE000001F0002DC
:1016400007E00003F80000030000000200000000B3
:10165000000000000000000000000000000000008A
:10166000000000000000000000000000000000007A
:10167000000000000000000000000000000000006A
:10168000000000000000000000000000000000005A
:101690000000000200002002000020038000E003A0
:1016A000F0032002FC0C20021F30000007C00000E5
:1016B00007F00002187C0002601F20038003E00294
:1016C0000000E002000020000000200000000000F8
:1016D000000000000000000000000000000000000A
:1016E00000000000000000000000000000000000FA
:1016F00000000000000000000000000000000000EA
:1017000000000000000000000000000000000000D9
:10171000000000020000000300000003C0000003FE
:10172000F80000023E0020020FC0200001FFE00090
:10173000007FE000038020021C00200270000003F4
:101740008000000200000002000000000000000015
:101750000000000000000000000000000000000089
:101760000000000000000000000000000000000079
:101770000000000000000000000000000000000069
:101780000000000000000000000000000000000059
:1017900000000000000020006000E0038003E00380
:1017A000000FA002003E200200F8200203E0200209
:1017B0000F8020023E00200278002003E00060033A
:1017C0008000E002000300000000000000000000B4
:1017D0000000000000000000000000000000000009
:1017E00000000000000000000000000000000000F9
:1017F00000000000000000000000000000000000E9
:1018000000000000000000000000000000000000D8
:1018100000000000000000000000000000000000C8
:10182000000000000000001FFFFFFC10000004107B
:101830000000041000000410000004100000041058
:101840000000041000000400000000000000000080
:101850000000000000000000000000000000000088
:101860000000000000000000000000000000000078
:101870000000000000000000000000000000000068
:101880000000000000000000000000000000000058
:10189000000000000000000000000007000000033E
:1018A000C0000000780000001E00000003C000001F
:1018B00000F00000001E0000000780000000F000A3
:1018C00000003C00000006000000000000000000D6
:1018D0000000000000000000000000000000000008
:1018E00000000000000000000000000000000000F8
:1018F00000000000000000000000000000000000E8
:1019000000000000000000000000000000000000D7
:10191000000000000000001000000410000004108F
:101920000000041000000410000004100000041067
:101930000000041FFFFFFC0000000000000000008A
:101940000000000000000000000000000000000097
:101950000000000000000000000000000000000087
:101960000000000000000000000000000000000077
:101970000000000000000000000000000000000067
:101980000000000000000000000000000000000057
:101990000000000000000000000000000000000245
:1019A0000000000400000008000000180000001003
:1019B00000000018000000180000000400000002F1
:1019C0000000000000000000000000000000000017
:1019D0000000000000000000000000000000000007
:1019E00000000000000000000000000000000000F7
:1019F00000000000000000000000000000000000E7
:101A000000000000000000000000000000000000D6
:101A100000000100000001000000010000000100C2
:101A200000000100000001000000010000000100B2
:101A300000000100000001000000010000000100A2
:101A40000000010000000100000001000000010092
:101A50000000000000000000000000000000000086
:101A60000000000000000000000000000000000076
:101A70000000000000000000000000000000000066
:101A80000000000000000000000000000000000056
:101A90000000000000000000000000100000001026
:101AA0000000001000000018000000080000000402
:101AB0000000000000000000000000000000000026
:101AC0000000000000000000000000000000000016
:101AD0000000000000000000000000000000000006
:101AE00000000000000000000000000000000000F6
:101AF00000000000000000000000000000000000E6
:101B000000000000000000000000000000000000D5
:101B10000000000000038000018FC000038C600003
:101B200006182000041020000410200004202000CB
:101B3000042040000620400003FFC00001FFE00039
:101B400000002000000020000000C0000000000095
:101B50000000000000000000000000000000000085
:101B60000000000000000000000000000000000075
:101B70000000000000000000000000000000000065
:101B80000000000000000000000000000000000055
:101B9000000000020000000200000003FFFFE00759
:101BA000FFFFC0000180C0000200600002002000B2
:101BB0000400200004002000040020000600400073
:101BC0000300C00001FF800000FE000000000000D4
:101BD0000000000000000000000000000000000005
:101BE00000000000000000000000000000000000F5
:101BF00000000000000000000000000000000000E5
:101C000000000000000000000000000000000000D4
:101C10000000000000000000007E000001FF8000C6
:101C20000381C000020040000600200004002000E4
:101C300004002000040020000600200003C0400033
:101C400001C0800000030000000000000000000050
:101C50000000000000000000000000000000000084
:101C60000000000000000000000000000000000074
:101C70000000000000000000000000000000000064
:101C80000000000000000000000000000000000054
:101C90000000000000000000007E000001FF800046
:101CA0000380C00006006000040020000400200043
:101CB000040020020400400202008003FFFFE0074E
:101CC000FFFFC000000040000000400000000000D6
:101CD0000000000000000000000000000000000004
:101CE00000000000000000000000000000000000F4
:101CF00000000000000000000000000000000000E4
:101D000000000000000000000000000000000000D3
:101D10000000000000000000007E000001FF8000C5
:101D20000311C000021040000410600004102000E5
:101D300004102000041020000610200003104000B2
:101D400001F0C00000710000000000000000000071
:101D50000000000000000000000000000000000083
:101D60000000000000000000000000000000000073
:101D70000000000000000000000000000000000063
:101D80000000000000000000000000000000000053
:101D9000000000000000000004000000040020001B
:101DA00004002000040020007FFFE001FFFFE001AD
:101DB000040020030400200204002002040020028A
:101DC0000400000200000001C0000001C00000008B
:101DD0000000000000000000000000000000000003
:101DE00000000000000000000000000000000000F3
:101DF00000000000000000000000000000000000E3
:101E000000000000000000000000000000000000D2
:101E1000000000000000000000001C0000E33E0085
:101E200003FFC200020CC3000404C1000404C1008B
:101E30000404C1000404C100060CC10003F8C3007F
:101E400005F0620006007E0006003C000000000075
:101E50000000000000000000000000000000000082
:101E60000000000000000000000000000000000072
:101E70000000000000000000000000000000000062
:101E80000000000000000000000000000000000052
:101E9000000000020000200200002003FFFFE00716
:101EA000FFFFE0000100200002002000060000000B
:101EB00004000000040000000400200006002000D0
:101EC00003FFE00001FFE000000020000000200010
:101ED0000000000000000000000000000000000002
:101EE00000000000000000000000000000000000F2
:101EF00000000000000000000000000000000000E2
:101F000000000000000000000000000000000000D1
:101F1000000000000000000000000000040020009D
:101F200004002000040020000400200387FFE003D9
:101F30008FFFE00380002000000020000000200050
:101F40000000200000000000000000000000000071
:101F50000000000000000000000000000000000081
:101F60000000000000000000000000000000000071
:101F70000000000000000000000000000000000061
:101F80000000000000000000000000000000000051
:101F9000000000000000000000000000000006003B
:101FA0000000070000000100000001000400010023
:101FB00004000100040003000400060387FFFC0383
:101FC0008FFFF80380000000000000000000000008
:101FD0000000000000000000000000000000000001
:101FE00000000000000000000000000000000000F1
:101FF00000000000000000000000000000000000E1
:1020000000000000000000000000000000000000D0
:10201000000000020000200200002003FFFFE00794
:10202000FFFFE0000008200000102000003000004A
:1020300000FC0000058E00000707A0000601E0007C
:102040000400E00004002000000020000000000068
:102050000000000000000000000000000000000080
:102060000000000000000000000000000000000070
:102070000000000000000000000000000000000060
:102080000000000000000000000000000000000050
:10209000000000000000000000000002000020021C
:1020A000000020020000200200002003FFFFE007E4
:1020B000FFFFE000000020000000200000002000E2
:1020C00000002000000000000000000000000000F0
:1020D0000000000000000000000000000000000000
:1020E00000000000000000000000000000000000F0
:1020F00000000000000000000000000000000000E0
:1021000000000000000000000000000000000000CF
:10211000000000000400200007FFE0000FFFE000C7
:1021200002002000040000000400200007FFE0007F
:1021300003FFE00002002000040000000400200073
:1021400007FFE00003FFE0000000200000000000A7
:10215000000000000000000000000000000000007F
:10216000000000000000000000000000000000006F
:10217000000000000000000000000000000000005F
:10218000000000000000000000000000000000004F
:1021900000000000040020000400200007FFE00011
:1021A0000FFFE000010020000200200002000000FC
:1021B00004000000040000000400200006002000CD
:1021C00003FFE00001FFE00000002000000020000D
:1021D00000000000000000000000000000000000FF
:1021E00000000000000000000000000000000000EF
:1021F00000000000000000000000000000000000DF
:1022000000000000000000000000000000000000CE
:102210000000000000000000007E000000FF8000C1
:102220000381C000020040000600200004002000DE
:1022300004002000040020000600200002004000EE
:102240000381C00001FF8000007E0000000000004C
:10225000000000000000000000000000000000007E
:10226000000000000000000000000000000000006E
:10227000000000000000000000000000000000005E
:10228000000000000000000000000000000000004E
:1022900000000000040001000400010007FFFF002F
:1022A0000FFFFF000100C1000200410004002000F8
:1022B000040020000400200004002000060040006C
:1022C0000301C00001FF8000007E0000000000004C
:1022D00000000000000000000000000000000000FE
:1022E00000000000000000000000000000000000EE
:1022F00000000000000000000000000000000000DE
:1023000000000000000000000000000000000000CD
:102310000000000000000000007E000001FF8000BF
:102320000380C000020060000400200004002000C0
:102330000400200004002000020041000300C1004E
:1023400003FFFF0007FFFF00000001000000010085
:10235000000000000000000000000000000000007D
:10236000000000000000000000000000000000006D
:10237000000000000000000000000000000000005D
:10238000000000000000000000000000000000004D
:1023900000000000040020000400200004002000D1
:1023A000040020000FFFE0000FFFE00000C020004D
:1023B00001002000020020000600200004000000B0
:1023C00004000000070000000300000000000000FF
:1023D00000000000000000000000000000000000FD
:1023E00000000000000000000000000000000000ED
:1023F00000000000000000000000000000000000DD
:1024000000000000000000000000000000000000CC
:1024100000000000000000000003E00001C0E00038
:1024200003E04000063020000430200004182000A3
:102430000418200004182000040C2000020C600086
:102440000307C000078380000000000000000000B8
:10245000000000000000000000000000000000007C
:10246000000000000000000000000000000000006C
:10247000000000000000000000000000000000005C
:10248000000000000000000000000000000000004C
:102490000000000000000000040000000400000034
:1024A000040000000C0000001FFF8000FFFFC000C0
:1024B000040060000400200004002000040020004C
:1024C0000400400000018000000000000000000047
:1024D00000000000000000000000000000000000FC
:1024E00000000000000000000000000000000000EC
:1024F00000000000000000000000000000000000DC
:1025000000000000000000000000000000000000CB
:1025100000000000040000000400000007FF80002D
:102520000FFFC0000000600000002000000020003D
:102530000000200000002000040040000400800093
:1025400007FFE0000FFFC000000040000000400057
:10255000000000000000000000000000000000007B
:10256000000000000000000000000000000000006B
:10257000000000000000000000000000000000005B
:10258000000000000000000000000000000000004B
:1025900000000000040000000400000007800000AC
:1025A00007F0000004FE0000041FC0000003E0006C
:1025B00000038000001C0000046000000780000091
:1025C0000600000004000000000000000000000001
:1025D00000000000000000000000000000000000FB
:1025E00000000000000000000000000000000000EB
:1025F00000000000000000000000000000000000DB
:1026000000000000000000000000000000000000CA
:10261000040000000600000007C0000007FC0000E6
:10262000043F80000003E000040F800006F000007B
:1026300007F0000007FF8000040FE00000038000A7
:10264000043C000007C00000060000000400000079
:10265000000000000000000000000000000000007A
:10266000000000000000000000000000000000006A
:10267000000000000000000000000000000000005A
:10268000000000000000000000000000000000004A
:102690000000000000002000040020000400600092
:1026A0000700E0000783200007E6000004F80000B0
:1026B000003C0000045E20000587A0000601E00049
:1026C0000400600004002000000020000000000062
:1026D00000000000000000000000000000000000FA
:1026E00000000000000000000000000000000000EA
:1026F00000000000000000000000000000000000DA
:1027000000000000000000000000000000000000C9
:1027100000000000040000000400030007000300A4
:1027200007E0010004F80100041F02000007FC009C
:102730000000E000000700000438000007C00000AF
:10274000060000000400000004000000000000007B
:102750000000000000000000000000000000000079
:102760000000000000000000000000000000000069
:102770000000000000000000000000000000000059
:102780000000000000000000000000000000000049
:102790000000000000000000078060000600E0006C
:1027A0000403E0000407A000040E2000043C200005
:1027B0000470200005E02000078020000700600072
:1027C0000400E000000380000000000000000000A2
:1027D00000000000000000000000000000000000F9
:1027E00000000000000000000000000000000000E9
:1027F00000000000000000000000000000000000D9
:1028000000000000000000000000000000000000C8
:1028100000000000000000000000000000000000B8
:102820000000000000000000000000000080000028
:102830000080000001400007FE3FF808000004107F
:102840000000021000000200000000000000000074
:102850000000000000000000000000000000000078
:102860000000000000000000000000000000000068
:102870000000000000000000000000000000000058
:102880000000000000000000000000000000000048
:102890000000000000000000000000000000000038
:1028A000000000000000000000000000000000FF29
:1028B000FFFFFF000000000000000000000000001B
:1028C0000000000000000000000000000000000008
:1028D00000000000000000000000000000000000F8
:1028E00000000000000000000000000000000000E8
:1028F00000000000000000000000000000000000D8
:1029000000000000000000000000000000000000C7
:10291000000000000000001000000210000002088B
:1029200000000407FE3FF8000140000000800000A6
:102930000080000000000000000000000000000017
:102940000000000000000000000000000000000087
:102950000000000000000000000000000000000077
:102960000000000000000000000000000000000067
:102970000000000000000000000000000000000057
:102980000000000000000000000000000000000047
:10299000000000180000003000000040000000406F
:1029A000000000400000002000000030000000088F
:1029B000000000040000000200000002000000020D
:1029C0000000000C000000180000000000000000E3
:1029D00000000000000000000000000000000000F7
:1029E00000000000000000000000000000000000E7
:1029F00000000000000000000000000000000000D7
:102A0000000000000000000000000000000000C600
:102A1000D50000000000E0380000783C00003C7861
:102A200000003C70C0001CE1E01FFFFFF0001CE351
:102A3000000E1CE7C0079CE78003DCEF0003DCEE20
:102A40000001DCFC60009CF9F07FFFFFF800000053
:102A50000001C00E0001FFFF0001C00E0001C00E0A
:102A60000001C00E0001FFFE0001C00E0001C00EFB
:102A70000001C00E0001FFFE0001C00E0001C00EEB
:102A80000000000000D6D000000000000700000099
:102A9000078000000700000007000000070000009A
:102AA0000701801FFFFFE01FFFFFE01E0701C01EA0
:102AB0000701C01E0701C01E0701C01E0701C01E7E
:102AC0000701C01FFFFFC01FFFFFC01E0701C01C82
:102AD0000701800007000000070000000700000059
:102AE00007000000070000000700000007000000CA
:102AF0000700000007000000000000BFC600000043
:102B00000000000780003C07C001FC07803FE00791
:102B10008039C1C78001C0E78001C0F78001C0775C
:102B20008001DE77807FFE078001C0078003C3C776
:102B30008003E1E78003F8F78007FCE7F00FDE672A
:102B4000F80FDC07F81FC0FF801DDFE78039CC07D6
:102B50008071C0078061C0078001C0078001C00785
:102B60008001E0078001E0078001C007000000004D
:102B700000BCBC000000000380300003C03C000328
:102B8000C03C0003C0380003C0380003C0386003F5
:102B9000F838F07FFFFFF003C0380003C0380003AF
:102BA000C0380003DC39C003FFFFE007E383C03F08
:102BB000C183C07FC1C3803BC1C78003C0EF000396
:102BC000C0EF0003C07E0003C07C0003C07C000394
:102BD000C0FE003BC3EF803F8787F80FBF03F807B5
:102BE0007800E00000000000EC2B0308506C6561E9
:102BF00073652075736520746865207374796C75CE
:102C00007320636C69636B207468652063726F73F3
:102C100073206F6E207468652073637265656E2E15
:102C20005468652063726F73732077696C6C2061E0
:102C30006C77617973206D6F766520756E74696C41
:102C4000207468652073637265656E2061646A75BF
:102C500073746D656E7420697320636F6D706C653D
:102C60007465642E00000000982C0308000000101A
:102C700078000000FA3B0008982C030800000020B0
:102C8000B05901000A3C0008102D0308780000101C
:102C9000581100000A3C00080024F4000000000065
:102CA0001000000001000000FFFF00000000000015
:102CB0000000010091300008F93300086D2600087B
:102CC0000000000000000000000000000000000004
:102CD00000000000000000000000000000000000F4
:102CE00000000000000000000000000000000000E4
:102CF000000000000000000000000000D090000074
:102D000000000000000000000000000000000000C3
:040000050800018965
:00000001FF
